year,state,temperature_max,temperature_min,precipitation_total
1895-01-01,Alabama,89.7,26.8,50.400000000000006
1896-01-01,Alabama,94.0,34.0,46.160000000000004
1897-01-01,Alabama,94.0,31.4,48.36
1898-01-01,Alabama,92.7,32.5,48.84
1899-01-01,Alabama,92.3,28.6,48.39000000000001
1900-01-01,Alabama,93.5,31.9,65.85
1901-01-01,Alabama,95.1,30.5,57.09
1902-01-01,Alabama,96.1,30.6,50.34
1903-01-01,Alabama,92.0,27.3,51.419999999999995
1904-01-01,Alabama,91.3,29.7,40.6
1905-01-01,Alabama,91.4,27.5,55.61
1906-01-01,Alabama,91.7,32.0,56.169999999999995
1907-01-01,Alabama,92.8,35.0,57.230000000000004
1908-01-01,Alabama,91.9,32.2,49.809999999999995
1909-01-01,Alabama,92.8,29.6,58.62
1910-01-01,Alabama,91.2,30.6,46.19
1911-01-01,Alabama,93.9,37.6,54.17999999999999
1912-01-01,Alabama,90.2,29.0,66.56
1913-01-01,Alabama,93.4,35.5,52.15
1914-01-01,Alabama,96.4,33.3,45.33000000000001
1915-01-01,Alabama,92.2,31.6,53.169999999999995
1916-01-01,Alabama,91.3,33.7,54.53
1917-01-01,Alabama,90.9,28.7,53.40000000000001
1918-01-01,Alabama,92.4,26.1,55.769999999999996
1919-01-01,Alabama,90.1,31.7,65.98000000000002
1920-01-01,Alabama,90.1,34.2,64.24000000000001
1921-01-01,Alabama,93.2,37.5,45.44
1922-01-01,Alabama,91.1,37.4,58.550000000000004
1923-01-01,Alabama,89.4,35.8,61.30000000000001
1924-01-01,Alabama,94.3,28.5,47.7
1925-01-01,Alabama,96.8,32.2,46.55
1926-01-01,Alabama,90.9,33.7,59.48000000000001
1927-01-01,Alabama,92.4,34.7,46.92
1928-01-01,Alabama,91.6,31.9,56.53
1929-01-01,Alabama,93.0,32.1,75.07000000000001
1930-01-01,Alabama,96.9,33.0,45.8
1931-01-01,Alabama,93.8,32.1,43.84000000000001
1932-01-01,Alabama,93.6,37.4,65.53
1933-01-01,Alabama,91.8,37.5,47.18000000000001
1934-01-01,Alabama,92.0,31.2,55.95
1935-01-01,Alabama,91.9,28.8,49.04
1936-01-01,Alabama,94.6,32.0,59.050000000000004
1937-01-01,Alabama,91.3,34.9,59.19999999999999
1938-01-01,Alabama,92.6,33.9,48.459999999999994
1939-01-01,Alabama,91.4,35.6,59.57000000000001
1940-01-01,Alabama,90.7,21.2,54.86
1941-01-01,Alabama,90.8,32.0,46.18
1942-01-01,Alabama,91.4,29.5,53.70000000000002
1943-01-01,Alabama,93.9,34.5,48.41
1944-01-01,Alabama,93.2,33.2,60.459999999999994
1945-01-01,Alabama,90.8,30.2,56.43
1946-01-01,Alabama,88.4,36.6,65.71
1947-01-01,Alabama,92.0,27.7,61.61
1948-01-01,Alabama,91.6,27.2,67.64
1949-01-01,Alabama,90.3,37.0,57.36
1950-01-01,Alabama,89.0,30.8,53.04
1951-01-01,Alabama,95.4,34.8,52.92
1952-01-01,Alabama,95.8,34.6,46.7
1953-01-01,Alabama,92.8,34.1,59.45
1954-01-01,Alabama,97.3,32.6,35.4
1955-01-01,Alabama,91.9,33.2,48.160000000000004
1956-01-01,Alabama,93.1,30.9,53.720000000000006
1957-01-01,Alabama,92.4,35.6,58.86000000000001
1958-01-01,Alabama,90.5,26.6,49.22
1959-01-01,Alabama,92.0,30.3,56.11000000000001
1960-01-01,Alabama,93.4,30.0,51.02000000000001
1961-01-01,Alabama,89.2,27.9,69.83
1962-01-01,Alabama,93.0,31.4,50.099999999999994
1963-01-01,Alabama,91.3,26.3,48.81999999999999
1964-01-01,Alabama,90.7,31.2,66.5
1965-01-01,Alabama,89.5,34.0,48.779999999999994
1966-01-01,Alabama,92.7,30.6,55.82
1967-01-01,Alabama,87.8,32.9,55.81
1968-01-01,Alabama,91.2,28.0,45.21
1969-01-01,Alabama,92.3,31.9,52.57
1970-01-01,Alabama,91.0,27.6,53.89
1971-01-01,Alabama,90.2,33.2,60.07
1972-01-01,Alabama,90.9,36.0,55.96000000000001
1973-01-01,Alabama,90.4,32.4,67.17000000000002
1974-01-01,Alabama,90.4,35.0,60.39999999999999
1975-01-01,Alabama,88.6,33.9,74.76
1976-01-01,Alabama,90.0,28.3,55.97999999999999
1977-01-01,Alabama,93.0,23.0,57.86999999999998
1978-01-01,Alabama,92.1,26.8,49.49999999999999
1979-01-01,Alabama,89.6,27.8,67.92
1980-01-01,Alabama,94.8,30.8,58.480000000000004
1981-01-01,Alabama,93.0,26.8,45.800000000000004
1982-01-01,Alabama,90.0,31.4,61.13
1983-01-01,Alabama,93.0,31.6,70.36999999999999
1984-01-01,Alabama,90.2,29.0,50.529999999999994
1985-01-01,Alabama,89.0,25.9,51.31
1986-01-01,Alabama,94.2,30.0,47.769999999999996
1987-01-01,Alabama,92.6,32.5,48.13
1988-01-01,Alabama,91.2,30.8,51.099999999999994
1989-01-01,Alabama,89.6,27.6,65.19999999999999
1990-01-01,Alabama,93.9,38.6,56.87
1991-01-01,Alabama,90.6,37.6,63.25
1992-01-01,Alabama,89.9,33.9,59.790000000000006
1993-01-01,Alabama,93.8,34.7,50.28
1994-01-01,Alabama,87.5,30.8,60.33
1995-01-01,Alabama,92.8,34.1,59.57
1996-01-01,Alabama,90.2,31.7,58.330000000000005
1997-01-01,Alabama,90.2,34.7,62.96
1998-01-01,Alabama,92.3,37.8,59.25999999999999
1999-01-01,Alabama,94.2,34.6,49.010000000000005
2000-01-01,Alabama,94.9,28.6,42.49
2001-01-01,Alabama,90.0,29.9,59.040000000000006
2002-01-01,Alabama,90.8,33.3,57.13
2003-01-01,Alabama,89.0,28.4,63.72000000000001
2004-01-01,Alabama,89.5,32.6,59.879999999999995
2005-01-01,Alabama,90.0,31.3,57.08
2006-01-01,Alabama,93.9,34.8,47.540000000000006
2007-01-01,Alabama,96.8,32.1,37.86
2008-01-01,Alabama,91.6,32.1,53.07
2009-01-01,Alabama,90.7,33.8,73.77000000000001
2010-01-01,Alabama,93.3,28.9,47.19
2011-01-01,Alabama,94.2,30.2,50.71
2012-01-01,Alabama,92.3,37.0,53.379999999999995
2013-01-01,Alabama,87.7,37.2,64.70000000000002
2014-01-01,Alabama,91.1,24.7,56.029999999999994
2015-01-01,Alabama,91.9,30.0,61.35999999999999
2016-01-01,Alabama,92.8,32.6,45.00999999999999
2017-01-01,Alabama,90.7,37.0,64.19
2018-01-01,Alabama,90.6,29.0,64.4
2019-01-01,Alabama,93.5,36.5,56.3
2020-01-01,Alabama,90.7,33.8,68.67
2021-01-01,Alabama,89.3,35.8,65.2
2022-01-01,Alabama,91.7,-99.9,3.629999999999992
1895-01-01,Arizona,91.0,25.8,11.41
1896-01-01,Arizona,93.9,30.7,12.190000000000001
1897-01-01,Arizona,92.2,25.2,11.7
1898-01-01,Arizona,93.2,24.2,10.599999999999998
1899-01-01,Arizona,92.6,25.9,7.5600000000000005
1900-01-01,Arizona,95.1,28.1,8.1
1901-01-01,Arizona,96.2,27.8,9.219999999999999
1902-01-01,Arizona,94.2,28.4,8.65
1903-01-01,Arizona,93.8,25.8,8.17
1904-01-01,Arizona,92.8,23.0,8.97
1905-01-01,Arizona,94.3,26.4,22.770000000000003
1906-01-01,Arizona,93.9,27.2,15.95
1907-01-01,Arizona,92.8,30.0,13.750000000000002
1908-01-01,Arizona,93.0,30.3,15.899999999999999
1909-01-01,Arizona,93.2,25.1,14.02
1910-01-01,Arizona,94.8,28.3,9.8
1911-01-01,Arizona,92.4,22.2,15.239999999999998
1912-01-01,Arizona,90.6,24.6,12.72
1913-01-01,Arizona,91.5,22.7,11.459999999999999
1914-01-01,Arizona,92.0,29.7,15.719999999999999
1915-01-01,Arizona,92.7,27.5,15.329999999999998
1916-01-01,Arizona,92.2,24.5,15.34
1917-01-01,Arizona,94.1,26.7,11.11
1918-01-01,Arizona,94.1,25.6,13.590000000000002
1919-01-01,Arizona,92.1,22.5,16.47
1920-01-01,Arizona,94.8,25.3,12.83
1921-01-01,Arizona,91.2,28.9,13.64
1922-01-01,Arizona,93.8,25.5,12.129999999999999
1923-01-01,Arizona,91.7,29.8,15.2
1924-01-01,Arizona,94.3,24.2,8.190000000000001
1925-01-01,Arizona,94.1,22.9,11.95
1926-01-01,Arizona,93.2,25.1,14.35
1927-01-01,Arizona,94.0,27.6,14.440000000000001
1928-01-01,Arizona,94.7,27.4,9.1
1929-01-01,Arizona,92.4,26.4,10.370000000000001
1930-01-01,Arizona,91.8,24.8,13.430000000000001
1931-01-01,Arizona,96.1,24.8,17.529999999999998
1932-01-01,Arizona,92.8,22.5,12.419999999999998
1933-01-01,Arizona,95.6,23.2,11.1
1934-01-01,Arizona,96.1,27.6,9.850000000000001
1935-01-01,Arizona,94.3,29.9,14.399999999999999
1936-01-01,Arizona,94.7,27.4,12.88
1937-01-01,Arizona,94.3,16.7,11.63
1938-01-01,Arizona,93.4,28.7,11.610000000000003
1939-01-01,Arizona,95.2,23.9,11.43
1940-01-01,Arizona,95.7,31.1,15.97
1941-01-01,Arizona,92.9,30.9,19.79
1942-01-01,Arizona,96.8,27.6,8.84
1943-01-01,Arizona,95.1,30.1,11.42
1944-01-01,Arizona,94.3,26.3,12.049999999999999
1945-01-01,Arizona,94.5,25.2,10.499999999999998
1946-01-01,Arizona,94.0,26.7,12.57
1947-01-01,Arizona,96.2,24.8,8.84
1948-01-01,Arizona,94.8,25.9,9.7
1949-01-01,Arizona,92.8,23.0,12.479999999999999
1950-01-01,Arizona,92.9,26.3,6.999999999999999
1951-01-01,Arizona,96.4,27.0,14.499999999999996
1952-01-01,Arizona,93.8,28.3,14.270000000000001
1953-01-01,Arizona,93.7,24.9,8.16
1954-01-01,Arizona,94.1,28.3,11.72
1955-01-01,Arizona,91.5,25.1,11.28
1956-01-01,Arizona,93.9,26.1,6.039999999999999
1957-01-01,Arizona,94.2,30.8,14.75
1958-01-01,Arizona,95.3,27.8,13.659999999999998
1959-01-01,Arizona,96.2,28.5,13.030000000000001
1960-01-01,Arizona,96.5,24.7,9.860000000000001
1961-01-01,Arizona,95.3,27.6,11.36
1962-01-01,Arizona,95.4,26.8,10.07
1963-01-01,Arizona,96.2,24.4,11.559999999999999
1964-01-01,Arizona,94.9,22.9,11.129999999999999
1965-01-01,Arizona,92.6,29.5,17.79
1966-01-01,Arizona,94.6,25.5,11.209999999999999
1967-01-01,Arizona,93.4,25.0,13.95
1968-01-01,Arizona,92.3,24.3,10.29
1969-01-01,Arizona,94.9,30.7,12.5
1970-01-01,Arizona,95.2,27.2,11.06
1971-01-01,Arizona,96.8,26.0,11.61
1972-01-01,Arizona,96.5,26.4,11.969999999999999
1973-01-01,Arizona,94.4,26.0,10.890000000000002
1974-01-01,Arizona,96.4,25.9,10.99
1975-01-01,Arizona,93.3,26.5,10.16
1976-01-01,Arizona,92.5,26.4,11.62
1977-01-01,Arizona,93.9,28.3,10.61
1978-01-01,Arizona,96.0,26.6,20.130000000000003
1979-01-01,Arizona,95.7,27.1,12.209999999999999
1980-01-01,Arizona,96.4,33.3,13.579999999999997
1981-01-01,Arizona,94.5,31.4,12.470000000000002
1982-01-01,Arizona,92.7,29.3,16.52
1983-01-01,Arizona,93.6,30.2,18.97
1984-01-01,Arizona,91.5,28.6,15.879999999999999
1985-01-01,Arizona,95.1,29.6,13.899999999999999
1986-01-01,Arizona,92.4,30.7,13.87
1987-01-01,Arizona,93.1,27.1,13.28
1988-01-01,Arizona,95.1,28.0,12.64
1989-01-01,Arizona,96.5,26.8,7.67
1990-01-01,Arizona,95.1,24.7,14.08
1991-01-01,Arizona,93.8,29.0,12.910000000000002
1992-01-01,Arizona,92.2,27.8,18.150000000000002
1993-01-01,Arizona,93.2,28.2,16.77
1994-01-01,Arizona,96.5,28.5,12.45
1995-01-01,Arizona,96.0,31.2,11.44
1996-01-01,Arizona,96.2,29.8,8.74
1997-01-01,Arizona,94.9,28.1,12.71
1998-01-01,Arizona,95.5,29.5,14.44
1999-01-01,Arizona,91.2,28.0,10.370000000000001
2000-01-01,Arizona,96.4,30.6,11.13
2001-01-01,Arizona,94.3,27.4,10.79
2002-01-01,Arizona,96.6,28.9,6.97
2003-01-01,Arizona,98.9,29.7,10.510000000000002
2004-01-01,Arizona,95.1,29.8,13.52
2005-01-01,Arizona,98.6,29.3,13.09
2006-01-01,Arizona,96.0,28.4,9.76
2007-01-01,Arizona,95.9,26.4,10.989999999999998
2008-01-01,Arizona,94.4,28.1,12.309999999999999
2009-01-01,Arizona,97.2,27.1,7.03
2010-01-01,Arizona,95.1,30.5,13.909999999999998
2011-01-01,Arizona,96.3,27.6,9.63
2012-01-01,Arizona,95.8,30.1,9.560000000000002
2013-01-01,Arizona,96.6,25.6,12.13
2014-01-01,Arizona,95.2,31.6,11.07
2015-01-01,Arizona,94.2,28.1,14.39
2016-01-01,Arizona,96.8,29.5,12.279999999999998
2017-01-01,Arizona,97.0,32.1,9.469999999999999
2018-01-01,Arizona,96.2,30.8,11.670000000000002
2019-01-01,Arizona,96.8,29.4,14.689999999999998
2020-01-01,Arizona,99.4,27.7,6.56
2021-01-01,Arizona,96.9,29.5,12.56
2022-01-01,Arizona,95.4,-99.9,-32.39
1895-01-01,Arkansas,89.7,23.0,45.379999999999995
1896-01-01,Arkansas,95.3,31.5,38.51999999999999
1897-01-01,Arkansas,94.3,28.6,44.92
1898-01-01,Arkansas,90.3,27.4,56.01
1899-01-01,Arkansas,94.7,20.8,41.459999999999994
1900-01-01,Arkansas,92.0,27.9,47.50000000000001
1901-01-01,Arkansas,97.8,27.6,35.61
1902-01-01,Arkansas,91.8,25.5,52.91
1903-01-01,Arkansas,89.8,26.3,44.97
1904-01-01,Arkansas,88.7,25.3,43.18999999999999
1905-01-01,Arkansas,89.5,21.7,64.13000000000001
1906-01-01,Arkansas,88.5,28.7,57.67
1907-01-01,Arkansas,93.5,32.2,50.660000000000004
1908-01-01,Arkansas,90.2,30.3,50.89
1909-01-01,Arkansas,94.7,24.6,45.26
1910-01-01,Arkansas,89.0,26.5,45.59
1911-01-01,Arkansas,93.5,32.8,49.8
1912-01-01,Arkansas,91.7,21.8,47.730000000000004
1913-01-01,Arkansas,94.9,30.2,54.18
1914-01-01,Arkansas,94.5,28.0,43.21
1915-01-01,Arkansas,89.8,28.1,53.949999999999996
1916-01-01,Arkansas,94.0,29.3,43.93
1917-01-01,Arkansas,90.8,23.9,40.68
1918-01-01,Arkansas,95.2,15.5,44.64
1919-01-01,Arkansas,92.9,28.6,55.27000000000001
1920-01-01,Arkansas,90.0,29.2,54.45
1921-01-01,Arkansas,92.9,34.7,48.940000000000005
1922-01-01,Arkansas,92.2,29.3,45.669999999999995
1923-01-01,Arkansas,92.4,31.0,59.870000000000005
1924-01-01,Arkansas,94.3,24.9,37.36
1925-01-01,Arkansas,93.8,28.3,41.67
1926-01-01,Arkansas,91.7,29.4,48.73
1927-01-01,Arkansas,90.6,28.8,64.55
1928-01-01,Arkansas,91.6,29.4,50.31000000000001
1929-01-01,Arkansas,94.0,25.2,46.209999999999994
1930-01-01,Arkansas,98.9,23.0,46.56000000000001
1931-01-01,Arkansas,91.8,30.2,48.53
1932-01-01,Arkansas,93.5,29.4,51.44
1933-01-01,Arkansas,91.6,30.2,49.2
1934-01-01,Arkansas,98.6,28.8,43.07
1935-01-01,Arkansas,94.3,27.1,55.75
1936-01-01,Arkansas,98.2,25.1,34.75
1937-01-01,Arkansas,93.1,32.4,55.239999999999995
1938-01-01,Arkansas,94.9,30.5,48.98
1939-01-01,Arkansas,94.0,31.9,50.31
1940-01-01,Arkansas,88.2,16.8,45.669999999999995
1941-01-01,Arkansas,92.2,29.9,45.97
1942-01-01,Arkansas,92.7,24.6,48.61
1943-01-01,Arkansas,98.4,27.8,34.76
1944-01-01,Arkansas,94.7,27.6,55.21
1945-01-01,Arkansas,89.8,26.9,67.85
1946-01-01,Arkansas,91.9,30.9,58.38999999999999
1947-01-01,Arkansas,97.5,24.1,41.25000000000001
1948-01-01,Arkansas,91.6,22.8,50.39
1949-01-01,Arkansas,91.0,32.8,57.50999999999999
1950-01-01,Arkansas,86.9,26.2,60.040000000000006
1951-01-01,Arkansas,93.7,29.3,52.66
1952-01-01,Arkansas,95.6,31.8,42.99
1953-01-01,Arkansas,96.0,29.5,44.569999999999986
1954-01-01,Arkansas,99.2,29.9,37.79
1955-01-01,Arkansas,92.0,29.3,42.46999999999999
1956-01-01,Arkansas,95.2,26.8,42.04
1957-01-01,Arkansas,91.9,29.2,71.77999999999999
1958-01-01,Arkansas,89.6,26.6,55.25
1959-01-01,Arkansas,90.4,26.7,48.11
1960-01-01,Arkansas,90.8,27.9,45.49
1961-01-01,Arkansas,88.8,23.9,55.709999999999994
1962-01-01,Arkansas,92.3,24.5,45.79
1963-01-01,Arkansas,92.1,21.3,32.8
1964-01-01,Arkansas,93.9,27.3,45.91
1965-01-01,Arkansas,91.6,29.9,43.95
1966-01-01,Arkansas,94.1,25.8,46.0
1967-01-01,Arkansas,87.2,28.6,47.669999999999995
1968-01-01,Arkansas,89.7,26.8,58.330000000000005
1969-01-01,Arkansas,94.4,30.5,46.36000000000001
1970-01-01,Arkansas,90.3,23.0,49.57
1971-01-01,Arkansas,90.6,28.6,42.7
1972-01-01,Arkansas,91.5,29.3,49.03
1973-01-01,Arkansas,90.4,29.0,70.00999999999999
1974-01-01,Arkansas,93.0,32.2,58.81
1975-01-01,Arkansas,90.4,32.1,53.46
1976-01-01,Arkansas,90.2,26.3,41.03
1977-01-01,Arkansas,92.4,17.6,46.41
1978-01-01,Arkansas,95.2,21.2,49.27
1979-01-01,Arkansas,88.7,19.7,60.26000000000001
1980-01-01,Arkansas,99.3,27.1,40.1
1981-01-01,Arkansas,91.5,26.2,43.089999999999996
1982-01-01,Arkansas,91.2,23.9,57.8
1983-01-01,Arkansas,95.4,22.3,46.51000000000001
1984-01-01,Arkansas,90.4,23.3,61.18
1985-01-01,Arkansas,92.2,22.3,48.93000000000001
1986-01-01,Arkansas,95.5,27.8,46.39
1987-01-01,Arkansas,93.5,28.9,53.099999999999994
1988-01-01,Arkansas,92.2,25.2,46.029999999999994
1989-01-01,Arkansas,89.0,21.3,51.35000000000001
1990-01-01,Arkansas,91.4,31.0,66.91000000000001
1991-01-01,Arkansas,91.9,29.7,61.519999999999996
1992-01-01,Arkansas,89.0,31.2,48.26
1993-01-01,Arkansas,94.5,30.6,52.040000000000006
1994-01-01,Arkansas,89.3,28.0,54.39
1995-01-01,Arkansas,95.2,31.8,42.84
1996-01-01,Arkansas,89.2,27.1,51.75000000000001
1997-01-01,Arkansas,92.6,28.8,51.93
1998-01-01,Arkansas,95.1,34.6,49.17
1999-01-01,Arkansas,94.9,32.4,43.800000000000004
2000-01-01,Arkansas,97.4,22.9,45.699999999999996
2001-01-01,Arkansas,92.3,27.5,55.410000000000004
2002-01-01,Arkansas,90.5,31.0,52.83
2003-01-01,Arkansas,91.4,26.2,44.839999999999996
2004-01-01,Arkansas,87.4,30.2,57.02
2005-01-01,Arkansas,93.8,28.7,35.75000000000001
2006-01-01,Arkansas,93.4,30.1,49.33
2007-01-01,Arkansas,95.9,30.4,46.7
2008-01-01,Arkansas,91.9,28.6,60.48000000000001
2009-01-01,Arkansas,89.6,27.8,72.2
2010-01-01,Arkansas,95.7,27.6,38.790000000000006
2011-01-01,Arkansas,96.4,27.5,55.84
2012-01-01,Arkansas,95.8,33.4,39.81
2013-01-01,Arkansas,89.1,30.6,54.24
2014-01-01,Arkansas,89.1,23.0,47.91
2015-01-01,Arkansas,91.6,26.1,67.31
2016-01-01,Arkansas,92.0,29.6,50.44
2017-01-01,Arkansas,90.6,32.4,50.25999999999999
2018-01-01,Arkansas,92.5,25.3,64.32000000000001
2019-01-01,Arkansas,91.0,32.0,65.64999999999999
2020-01-01,Arkansas,90.8,31.8,63.82000000000001
2021-01-01,Arkansas,90.6,25.9,50.419999999999995
2022-01-01,Arkansas,95.6,-99.9,-2.2600000000000087
1895-01-01,California,86.6,31.2,22.88
1896-01-01,California,89.6,34.8,29.509999999999994
1897-01-01,California,89.5,31.1,21.950000000000003
1898-01-01,California,89.9,28.3,12.47
1899-01-01,California,90.9,33.3,24.810000000000002
1900-01-01,California,90.4,33.7,20.05
1901-01-01,California,90.5,32.0,22.439999999999998
1902-01-01,California,87.9,30.9,24.819999999999997
1903-01-01,California,88.9,27.8,20.73
1904-01-01,California,89.2,30.2,28.23
1905-01-01,California,91.1,29.9,20.359999999999996
1906-01-01,California,93.1,33.5,33.49
1907-01-01,California,87.8,32.9,28.82
1908-01-01,California,92.1,31.3,16.98
1909-01-01,California,88.6,31.8,34.46
1910-01-01,California,90.6,30.1,14.790000000000001
1911-01-01,California,90.3,28.8,24.420000000000005
1912-01-01,California,86.0,29.8,18.95
1913-01-01,California,89.4,28.7,21.610000000000003
1914-01-01,California,89.1,30.2,25.560000000000002
1915-01-01,California,91.2,32.5,26.96
1916-01-01,California,88.0,29.3,26.119999999999997
1917-01-01,California,92.6,26.8,14.22
1918-01-01,California,89.7,30.1,20.33
1919-01-01,California,90.4,30.5,18.640000000000004
1920-01-01,California,89.6,32.9,22.940000000000005
1921-01-01,California,91.2,32.4,21.88
1922-01-01,California,91.5,27.4,24.290000000000003
1923-01-01,California,88.8,31.1,13.610000000000001
1924-01-01,California,89.8,28.8,15.260000000000002
1925-01-01,California,91.4,32.4,19.779999999999998
1926-01-01,California,91.7,30.6,24.160000000000004
1927-01-01,California,91.4,31.5,24.959999999999997
1928-01-01,California,90.4,30.8,17.229999999999997
1929-01-01,California,91.4,30.0,13.34
1930-01-01,California,90.5,28.8,16.69
1931-01-01,California,95.6,31.7,22.97
1932-01-01,California,89.2,28.4,14.79
1933-01-01,California,93.4,28.2,18.7
1934-01-01,California,90.6,34.9,17.43
1935-01-01,California,90.1,32.9,21.160000000000004
1936-01-01,California,91.4,32.0,23.949999999999996
1937-01-01,California,91.5,23.2,27.800000000000004
1938-01-01,California,90.3,33.8,28.67
1939-01-01,California,91.3,29.8,15.33
1940-01-01,California,90.7,36.6,32.67
1941-01-01,California,90.4,35.7,34.86
1942-01-01,California,91.9,32.4,22.47
1943-01-01,California,89.8,32.8,22.779999999999998
1944-01-01,California,89.7,32.0,22.299999999999997
1945-01-01,California,92.1,32.2,26.380000000000003
1946-01-01,California,90.1,31.0,16.52
1947-01-01,California,88.5,28.6,13.17
1948-01-01,California,88.2,29.3,20.220000000000002
1949-01-01,California,89.6,22.3,15.220000000000002
1950-01-01,California,90.8,28.2,25.940000000000005
1951-01-01,California,90.3,32.1,23.59
1952-01-01,California,90.5,30.6,27.97
1953-01-01,California,91.8,32.6,17.189999999999998
1954-01-01,California,91.1,32.6,23.0
1955-01-01,California,90.8,29.1,23.71
1956-01-01,California,88.9,29.7,17.849999999999998
1957-01-01,California,90.0,29.4,24.549999999999997
1958-01-01,California,91.6,34.1,27.760000000000005
1959-01-01,California,93.9,32.4,15.210000000000004
1960-01-01,California,92.9,31.5,21.77
1961-01-01,California,92.4,32.9,16.53
1962-01-01,California,89.4,30.1,22.1
1963-01-01,California,87.6,28.6,24.74
1964-01-01,California,89.8,30.8,22.270000000000003
1965-01-01,California,88.2,31.9,21.98
1966-01-01,California,91.0,30.8,18.72
1967-01-01,California,93.0,29.8,23.749999999999996
1968-01-01,California,90.2,30.6,20.37
1969-01-01,California,92.2,33.6,30.600000000000005
1970-01-01,California,91.7,33.4,27.810000000000002
1971-01-01,California,90.6,30.1,18.240000000000002
1972-01-01,California,91.8,29.4,17.21
1973-01-01,California,90.5,31.1,28.929999999999996
1974-01-01,California,88.7,32.7,21.35
1975-01-01,California,88.3,31.2,20.94
1976-01-01,California,89.0,30.2,11.750000000000002
1977-01-01,California,90.2,31.5,17.53
1978-01-01,California,89.9,29.0,28.86
1979-01-01,California,89.6,31.8,24.63
1980-01-01,California,90.0,35.8,24.119999999999994
1981-01-01,California,91.4,36.7,26.24
1982-01-01,California,88.1,30.9,31.990000000000002
1983-01-01,California,86.8,35.1,42.46000000000001
1984-01-01,California,91.2,32.7,18.32
1985-01-01,California,91.8,31.9,14.700000000000001
1986-01-01,California,91.1,34.0,24.249999999999993
1987-01-01,California,89.5,31.4,19.7
1988-01-01,California,92.7,32.3,17.099999999999998
1989-01-01,California,90.8,30.0,14.949999999999998
1990-01-01,California,90.8,26.8,13.989999999999998
1991-01-01,California,90.1,32.6,19.79
1992-01-01,California,91.2,31.4,23.23
1993-01-01,California,87.8,32.8,26.7
1994-01-01,California,91.5,32.9,17.540000000000003
1995-01-01,California,90.3,37.3,35.2
1996-01-01,California,93.0,36.0,32.51
1997-01-01,California,89.3,33.1,20.6
1998-01-01,California,92.7,31.1,36.41
1999-01-01,California,88.1,33.6,17.63
2000-01-01,California,89.8,34.8,21.429999999999996
2001-01-01,California,91.4,32.0,23.02
2002-01-01,California,92.6,32.1,18.68
2003-01-01,California,93.8,35.2,21.63
2004-01-01,California,91.0,34.0,21.759999999999998
2005-01-01,California,93.5,35.8,30.099999999999998
2006-01-01,California,94.2,33.1,23.609999999999996
2007-01-01,California,91.8,29.5,13.830000000000002
2008-01-01,California,91.6,32.4,17.849999999999998
2009-01-01,California,93.0,32.2,17.05
2010-01-01,California,91.0,36.6,31.180000000000007
2011-01-01,California,90.5,30.6,18.79
2012-01-01,California,92.8,34.3,23.450000000000003
2013-01-01,California,92.7,31.0,7.930000000000001
2014-01-01,California,92.7,37.2,19.900000000000002
2015-01-01,California,91.0,32.8,15.040000000000003
2016-01-01,California,91.9,33.9,25.729999999999997
2017-01-01,California,93.7,34.0,28.17
2018-01-01,California,94.0,34.2,18.09
2019-01-01,California,91.5,32.1,29.119999999999997
2020-01-01,California,93.6,34.3,12.07
2021-01-01,California,94.3,34.8,18.939999999999998
2022-01-01,California,92.4,-99.9,-35.21
1895-01-01,Colorado,80.0,5.2,19.619999999999997
1896-01-01,Colorado,81.2,12.9,16.02
1897-01-01,Colorado,82.0,8.4,21.66
1898-01-01,Colorado,82.0,4.8,16.91
1899-01-01,Colorado,80.2,3.6,16.55
1900-01-01,Colorado,82.9,11.5,14.719999999999999
1901-01-01,Colorado,86.7,11.1,15.809999999999999
1902-01-01,Colorado,80.8,10.8,15.940000000000001
1903-01-01,Colorado,80.9,2.6,16.19
1904-01-01,Colorado,79.0,7.1,17.01
1905-01-01,Colorado,81.2,7.3,21.049999999999997
1906-01-01,Colorado,78.3,11.6,22.55
1907-01-01,Colorado,80.7,13.6,17.49
1908-01-01,Colorado,80.1,10.6,18.44
1909-01-01,Colorado,81.9,3.9,20.74
1910-01-01,Colorado,83.6,10.2,14.43
1911-01-01,Colorado,78.9,6.8,18.66
1912-01-01,Colorado,78.2,7.5,18.999999999999996
1913-01-01,Colorado,82.6,6.2,17.39
1914-01-01,Colorado,79.1,7.2,20.52
1915-01-01,Colorado,78.0,7.1,21.06
1916-01-01,Colorado,82.4,8.3,19.47
1917-01-01,Colorado,83.0,6.7,15.640000000000004
1918-01-01,Colorado,80.7,6.5,20.369999999999997
1919-01-01,Colorado,82.7,5.3,18.97
1920-01-01,Colorado,81.5,11.4,19.02
1921-01-01,Colorado,80.5,15.2,20.580000000000002
1922-01-01,Colorado,82.0,5.8,16.35
1923-01-01,Colorado,81.1,9.3,22.279999999999998
1924-01-01,Colorado,81.5,4.8,15.229999999999999
1925-01-01,Colorado,81.3,5.0,17.29
1926-01-01,Colorado,81.3,9.6,17.62
1927-01-01,Colorado,79.6,7.1,21.279999999999998
1928-01-01,Colorado,80.8,9.1,18.229999999999997
1929-01-01,Colorado,81.9,5.0,18.620000000000005
1930-01-01,Colorado,81.4,1.3,18.24
1931-01-01,Colorado,85.0,9.3,15.35
1932-01-01,Colorado,83.2,5.0,15.970000000000002
1933-01-01,Colorado,84.4,4.2,16.970000000000002
1934-01-01,Colorado,87.0,14.5,12.58
1935-01-01,Colorado,84.2,13.1,17.52
1936-01-01,Colorado,85.0,10.7,17.18
1937-01-01,Colorado,84.2,-0.8,16.23
1938-01-01,Colorado,82.6,13.7,21.169999999999998
1939-01-01,Colorado,85.3,4.2,12.39
1940-01-01,Colorado,84.4,7.8,18.63
1941-01-01,Colorado,80.5,12.6,25.52
1942-01-01,Colorado,82.8,7.6,20.440000000000005
1943-01-01,Colorado,84.2,13.0,16.23
1944-01-01,Colorado,81.8,8.8,18.689999999999998
1945-01-01,Colorado,81.7,10.2,18.8
1946-01-01,Colorado,83.6,9.4,18.529999999999998
1947-01-01,Colorado,82.8,10.0,20.41
1948-01-01,Colorado,82.6,9.9,18.36
1949-01-01,Colorado,81.2,3.7,19.33
1950-01-01,Colorado,78.1,10.2,14.399999999999999
1951-01-01,Colorado,83.0,10.7,19.07
1952-01-01,Colorado,82.5,12.1,15.770000000000001
1953-01-01,Colorado,82.8,12.2,16.48
1954-01-01,Colorado,84.8,12.6,13.969999999999999
1955-01-01,Colorado,84.1,6.9,15.33
1956-01-01,Colorado,82.2,9.1,13.649999999999999
1957-01-01,Colorado,81.0,10.6,25.41
1958-01-01,Colorado,82.5,11.0,16.669999999999998
1959-01-01,Colorado,82.7,11.9,17.98
1960-01-01,Colorado,82.8,8.3,15.99
1961-01-01,Colorado,81.1,9.6,19.610000000000003
1962-01-01,Colorado,82.0,5.0,15.18
1963-01-01,Colorado,85.2,3.2,15.31
1964-01-01,Colorado,85.4,8.1,15.48
1965-01-01,Colorado,80.2,11.2,23.03
1966-01-01,Colorado,84.4,7.2,14.440000000000001
1967-01-01,Colorado,80.2,9.6,18.76
1968-01-01,Colorado,80.4,9.4,15.399999999999999
1969-01-01,Colorado,82.5,14.4,21.93
1970-01-01,Colorado,82.2,12.5,17.22
1971-01-01,Colorado,81.1,13.0,16.93
1972-01-01,Colorado,81.0,7.6,17.38
1973-01-01,Colorado,81.2,7.6,18.55
1974-01-01,Colorado,82.8,7.8,14.61
1975-01-01,Colorado,81.4,10.5,16.540000000000003
1976-01-01,Colorado,83.2,10.2,14.559999999999999
1977-01-01,Colorado,82.5,8.0,15.830000000000002
1978-01-01,Colorado,84.5,6.6,17.86
1979-01-01,Colorado,82.3,3.4,19.299999999999997
1980-01-01,Colorado,85.4,13.8,17.81
1981-01-01,Colorado,82.1,15.1,18.790000000000006
1982-01-01,Colorado,81.6,11.2,19.84
1983-01-01,Colorado,82.7,9.1,21.92
1984-01-01,Colorado,82.2,6.5,20.549999999999997
1985-01-01,Colorado,81.6,10.0,20.51
1986-01-01,Colorado,80.7,14.0,19.830000000000002
1987-01-01,Colorado,82.6,12.4,18.82
1988-01-01,Colorado,83.3,6.9,16.74
1989-01-01,Colorado,84.1,10.2,14.739999999999998
1990-01-01,Colorado,81.6,7.3,19.9
1991-01-01,Colorado,81.0,9.5,18.65
1992-01-01,Colorado,78.3,10.7,18.53
1993-01-01,Colorado,81.1,12.8,19.9
1994-01-01,Colorado,83.5,13.1,17.13
1995-01-01,Colorado,84.0,15.3,21.79
1996-01-01,Colorado,82.6,10.9,19.85
1997-01-01,Colorado,82.3,12.8,22.24
1998-01-01,Colorado,82.8,13.4,18.77
1999-01-01,Colorado,82.1,15.2,20.030000000000005
2000-01-01,Colorado,85.4,13.2,16.91
2001-01-01,Colorado,85.1,11.8,16.81
2002-01-01,Colorado,87.1,12.2,11.850000000000001
2003-01-01,Colorado,89.3,14.5,16.439999999999998
2004-01-01,Colorado,80.5,13.0,18.93
2005-01-01,Colorado,86.8,13.4,18.950000000000003
2006-01-01,Colorado,83.8,13.4,18.67
2007-01-01,Colorado,84.8,6.9,18.71
2008-01-01,Colorado,84.9,8.4,17.46
2009-01-01,Colorado,81.9,8.5,18.790000000000003
2010-01-01,Colorado,83.4,12.9,18.189999999999998
2011-01-01,Colorado,84.7,10.6,17.62
2012-01-01,Colorado,85.6,13.5,12.31
2013-01-01,Colorado,82.8,9.1,18.79
2014-01-01,Colorado,82.6,13.1,19.14
2015-01-01,Colorado,81.8,14.2,21.73
2016-01-01,Colorado,84.4,12.8,17.080000000000002
2017-01-01,Colorado,84.1,14.5,18.91
2018-01-01,Colorado,85.1,14.0,14.959999999999999
2019-01-01,Colorado,84.4,12.3,18.909999999999997
2020-01-01,Colorado,86.4,13.4,12.23
2021-01-01,Colorado,84.5,13.0,17.1
2022-01-01,Colorado,84.7,-99.9,-28.240000000000002
1895-01-01,Connecticut,79.5,8.4,43.39
1896-01-01,Connecticut,79.7,12.5,43.62
1897-01-01,Connecticut,78.8,15.4,54.980000000000004
1898-01-01,Connecticut,81.0,16.6,57.26
1899-01-01,Connecticut,80.3,13.3,43.39000000000001
1900-01-01,Connecticut,82.8,15.7,48.029999999999994
1901-01-01,Connecticut,82.4,10.8,62.169999999999995
1902-01-01,Connecticut,77.4,13.5,53.41
1903-01-01,Connecticut,80.4,13.9,52.0
1904-01-01,Connecticut,78.9,7.0,44.28
1905-01-01,Connecticut,81.6,7.8,40.61
1906-01-01,Connecticut,80.4,15.1,47.370000000000005
1907-01-01,Connecticut,80.9,6.1,47.970000000000006
1908-01-01,Connecticut,83.6,11.7,42.34
1909-01-01,Connecticut,80.4,17.9,45.39
1910-01-01,Connecticut,83.9,13.4,40.92
1911-01-01,Connecticut,84.8,15.1,45.32
1912-01-01,Connecticut,82.1,6.4,46.56
1913-01-01,Connecticut,83.3,13.5,47.15
1914-01-01,Connecticut,78.6,8.9,37.57
1915-01-01,Connecticut,79.1,19.6,47.0
1916-01-01,Connecticut,81.0,12.1,43.260000000000005
1917-01-01,Connecticut,81.1,10.1,40.65
1918-01-01,Connecticut,80.9,6.4,42.760000000000005
1919-01-01,Connecticut,80.6,14.5,51.589999999999996
1920-01-01,Connecticut,79.2,7.2,57.42999999999999
1921-01-01,Connecticut,82.1,16.3,43.06
1922-01-01,Connecticut,79.7,12.4,45.53000000000001
1923-01-01,Connecticut,79.1,8.9,47.89999999999999
1924-01-01,Connecticut,81.8,12.7,39.81999999999999
1925-01-01,Connecticut,81.1,12.0,43.559999999999995
1926-01-01,Connecticut,81.8,14.4,44.3
1927-01-01,Connecticut,79.3,15.7,53.67
1928-01-01,Connecticut,81.0,16.2,45.040000000000006
1929-01-01,Connecticut,81.6,14.9,43.919999999999995
1930-01-01,Connecticut,81.2,17.8,35.580000000000005
1931-01-01,Connecticut,82.0,15.9,41.419999999999995
1932-01-01,Connecticut,80.9,19.4,48.61000000000001
1933-01-01,Connecticut,81.5,16.6,45.96
1934-01-01,Connecticut,83.8,1.6,53.11
1935-01-01,Connecticut,82.7,12.4,36.449999999999996
1936-01-01,Connecticut,82.3,9.2,53.81
1937-01-01,Connecticut,82.4,20.8,54.839999999999996
1938-01-01,Connecticut,82.3,15.3,60.17999999999999
1939-01-01,Connecticut,82.6,16.4,43.459999999999994
1940-01-01,Connecticut,81.4,9.7,47.760000000000005
1941-01-01,Connecticut,80.4,15.0,36.449999999999996
1942-01-01,Connecticut,80.8,14.4,52.00999999999999
1943-01-01,Connecticut,82.2,15.3,38.989999999999995
1944-01-01,Connecticut,84.8,16.6,44.04
1945-01-01,Connecticut,80.0,10.1,50.94000000000001
1946-01-01,Connecticut,80.6,14.6,39.16
1947-01-01,Connecticut,81.4,15.3,44.03
1948-01-01,Connecticut,82.9,9.6,46.839999999999996
1949-01-01,Connecticut,85.9,22.0,38.93000000000001
1950-01-01,Connecticut,80.7,16.6,44.25
1951-01-01,Connecticut,81.4,20.4,51.629999999999995
1952-01-01,Connecticut,85.4,20.5,49.99
1953-01-01,Connecticut,82.4,22.9,55.38
1954-01-01,Connecticut,80.7,14.6,50.10999999999999
1955-01-01,Connecticut,86.4,15.1,58.089999999999996
1956-01-01,Connecticut,79.5,20.5,44.599999999999994
1957-01-01,Connecticut,82.7,10.9,37.0
1958-01-01,Connecticut,79.9,13.2,50.96
1959-01-01,Connecticut,82.1,14.3,48.73
1960-01-01,Connecticut,80.0,13.5,47.849999999999994
1961-01-01,Connecticut,81.1,8.6,43.78
1962-01-01,Connecticut,78.8,15.1,40.27
1963-01-01,Connecticut,82.0,10.9,38.010000000000005
1964-01-01,Connecticut,81.1,15.4,35.07
1965-01-01,Connecticut,80.9,12.6,30.73
1966-01-01,Connecticut,84.8,16.8,37.589999999999996
1967-01-01,Connecticut,80.3,13.2,45.36
1968-01-01,Connecticut,83.2,11.5,44.03
1969-01-01,Connecticut,81.7,16.7,49.14
1970-01-01,Connecticut,82.2,7.6,39.03
1971-01-01,Connecticut,81.7,9.8,45.04999999999999
1972-01-01,Connecticut,81.4,14.8,62.580000000000005
1973-01-01,Connecticut,82.4,17.3,53.91999999999999
1974-01-01,Connecticut,81.6,16.0,47.34
1975-01-01,Connecticut,81.9,19.6,56.35
1976-01-01,Connecticut,79.9,11.8,46.86000000000001
1977-01-01,Connecticut,82.7,7.8,54.43999999999999
1978-01-01,Connecticut,80.1,9.8,46.769999999999996
1979-01-01,Connecticut,82.6,9.6,56.93
1980-01-01,Connecticut,83.5,14.1,40.330000000000005
1981-01-01,Connecticut,82.9,7.7,41.93
1982-01-01,Connecticut,83.1,7.6,47.690000000000005
1983-01-01,Connecticut,84.3,18.6,63.00999999999999
1984-01-01,Connecticut,81.4,13.4,51.45
1985-01-01,Connecticut,81.6,13.2,42.419999999999995
1986-01-01,Connecticut,80.1,18.0,46.690000000000005
1987-01-01,Connecticut,82.9,15.8,44.43
1988-01-01,Connecticut,83.7,12.0,42.94000000000001
1989-01-01,Connecticut,81.2,8.7,57.55
1990-01-01,Connecticut,81.2,22.4,55.68000000000001
1991-01-01,Connecticut,83.1,17.3,47.769999999999996
1992-01-01,Connecticut,78.8,19.3,48.79
1993-01-01,Connecticut,84.3,12.9,45.74999999999999
1994-01-01,Connecticut,84.9,8.3,50.41
1995-01-01,Connecticut,84.3,15.8,42.29
1996-01-01,Connecticut,79.7,15.8,60.300000000000004
1997-01-01,Connecticut,82.5,18.1,42.68000000000001
1998-01-01,Connecticut,82.5,25.7,50.08
1999-01-01,Connecticut,86.6,17.6,49.150000000000006
2000-01-01,Connecticut,77.9,15.1,48.74
2001-01-01,Connecticut,83.3,16.0,39.54
2002-01-01,Connecticut,84.2,21.8,47.419999999999995
2003-01-01,Connecticut,82.0,13.5,56.120000000000005
2004-01-01,Connecticut,79.5,10.5,48.61
2005-01-01,Connecticut,83.8,15.8,54.68000000000001
2006-01-01,Connecticut,84.4,20.2,57.010000000000005
2007-01-01,Connecticut,81.5,14.9,45.53999999999999
2008-01-01,Connecticut,83.3,20.6,59.53000000000001
2009-01-01,Connecticut,81.4,12.0,50.5
2010-01-01,Connecticut,86.0,19.0,48.54
2011-01-01,Connecticut,85.1,13.9,63.69000000000001
2012-01-01,Connecticut,84.9,22.7,39.39
2013-01-01,Connecticut,84.7,20.2,43.39000000000001
2014-01-01,Connecticut,81.8,14.2,45.01
2015-01-01,Connecticut,83.1,4.4,37.08
2016-01-01,Connecticut,85.0,20.9,36.73
2017-01-01,Connecticut,81.6,21.3,44.1
2018-01-01,Connecticut,84.5,16.3,62.16000000000001
2019-01-01,Connecticut,85.8,18.3,53.91
2020-01-01,Connecticut,85.8,24.6,43.37
2021-01-01,Connecticut,81.6,21.2,51.07
2022-01-01,Connecticut,85.4,-99.9,-14.920000000000002
1895-01-01,Delaware,86.3,14.8,36.56
1896-01-01,Delaware,85.1,23.4,39.49999999999999
1897-01-01,Delaware,83.2,21.6,45.03
1898-01-01,Delaware,85.9,25.2,41.82
1899-01-01,Delaware,85.4,17.7,39.67
1900-01-01,Delaware,88.7,22.7,39.83
1901-01-01,Delaware,88.4,19.0,42.88
1902-01-01,Delaware,85.9,20.4,50.72
1903-01-01,Delaware,85.9,21.9,48.85
1904-01-01,Delaware,82.9,17.7,37.48
1905-01-01,Delaware,84.2,16.2,43.32
1906-01-01,Delaware,83.3,22.8,49.11000000000001
1907-01-01,Delaware,84.4,18.5,49.919999999999995
1908-01-01,Delaware,86.6,22.1,40.31999999999999
1909-01-01,Delaware,83.4,21.9,39.699999999999996
1910-01-01,Delaware,85.5,20.6,41.230000000000004
1911-01-01,Delaware,87.5,26.6,45.35000000000001
1912-01-01,Delaware,83.9,15.8,42.76
1913-01-01,Delaware,86.8,24.9,39.849999999999994
1914-01-01,Delaware,85.6,20.1,35.3
1915-01-01,Delaware,85.2,25.1,43.59
1916-01-01,Delaware,84.4,22.7,39.62
1917-01-01,Delaware,83.6,20.4,45.97
1918-01-01,Delaware,85.6,13.7,37.029999999999994
1919-01-01,Delaware,84.0,21.5,53.089999999999996
1920-01-01,Delaware,83.4,19.5,48.62
1921-01-01,Delaware,87.1,26.1,33.19
1922-01-01,Delaware,83.1,21.9,42.52
1923-01-01,Delaware,84.5,21.6,42.7
1924-01-01,Delaware,83.3,23.5,47.03
1925-01-01,Delaware,88.0,23.3,35.37
1926-01-01,Delaware,84.8,23.4,44.61000000000001
1927-01-01,Delaware,84.0,23.7,39.71000000000001
1928-01-01,Delaware,86.1,23.1,45.85999999999999
1929-01-01,Delaware,84.9,23.6,39.849999999999994
1930-01-01,Delaware,88.5,26.0,27.37
1931-01-01,Delaware,87.9,25.5,38.76
1932-01-01,Delaware,86.9,28.3,46.36
1933-01-01,Delaware,84.3,26.5,48.63
1934-01-01,Delaware,88.3,11.8,48.7
1935-01-01,Delaware,85.6,22.6,53.620000000000005
1936-01-01,Delaware,86.3,16.8,47.9
1937-01-01,Delaware,85.1,26.0,52.410000000000004
1938-01-01,Delaware,86.6,25.3,49.64
1939-01-01,Delaware,85.3,25.5,45.46
1940-01-01,Delaware,86.4,12.5,41.43999999999999
1941-01-01,Delaware,84.3,22.8,35.019999999999996
1942-01-01,Delaware,86.2,22.0,43.81
1943-01-01,Delaware,87.4,23.8,36.050000000000004
1944-01-01,Delaware,87.6,24.4,44.56999999999999
1945-01-01,Delaware,83.6,21.0,52.82
1946-01-01,Delaware,83.7,26.1,36.79
1947-01-01,Delaware,85.6,20.3,39.06
1948-01-01,Delaware,85.4,18.7,60.05
1949-01-01,Delaware,89.0,29.0,39.690000000000005
1950-01-01,Delaware,84.3,24.6,38.48
1951-01-01,Delaware,86.0,25.9,43.38
1952-01-01,Delaware,89.1,28.8,50.48
1953-01-01,Delaware,87.6,29.2,45.870000000000005
1954-01-01,Delaware,87.6,24.2,37.14999999999999
1955-01-01,Delaware,89.8,22.0,39.85
1956-01-01,Delaware,83.5,24.2,46.52
1957-01-01,Delaware,88.5,21.7,37.89000000000001
1958-01-01,Delaware,86.5,19.0,54.30999999999999
1959-01-01,Delaware,85.6,22.0,43.05
1960-01-01,Delaware,84.2,19.0,44.120000000000005
1961-01-01,Delaware,85.9,17.5,45.239999999999995
1962-01-01,Delaware,83.6,23.5,38.61
1963-01-01,Delaware,86.6,18.4,35.93
1964-01-01,Delaware,85.8,24.3,35.72
1965-01-01,Delaware,84.5,21.5,29.860000000000003
1966-01-01,Delaware,88.2,22.3,39.040000000000006
1967-01-01,Delaware,83.1,21.1,47.53
1968-01-01,Delaware,87.3,20.0,32.24
1969-01-01,Delaware,84.1,23.2,45.14999999999999
1970-01-01,Delaware,85.7,17.1,39.550000000000004
1971-01-01,Delaware,85.4,20.6,49.790000000000006
1972-01-01,Delaware,84.2,24.5,53.900000000000006
1973-01-01,Delaware,86.0,24.2,44.48
1974-01-01,Delaware,86.2,23.9,38.73
1975-01-01,Delaware,86.3,28.5,53.85000000000001
1976-01-01,Delaware,84.6,21.7,38.43
1977-01-01,Delaware,87.9,13.7,40.5
1978-01-01,Delaware,85.4,15.2,46.39
1979-01-01,Delaware,83.4,15.4,55.64
1980-01-01,Delaware,87.8,21.4,38.919999999999995
1981-01-01,Delaware,85.9,18.8,36.68000000000001
1982-01-01,Delaware,85.9,17.5,40.010000000000005
1983-01-01,Delaware,88.9,26.1,53.82
1984-01-01,Delaware,84.2,20.3,44.019999999999996
1985-01-01,Delaware,85.7,20.1,39.35
1986-01-01,Delaware,87.6,23.8,36.99
1987-01-01,Delaware,89.3,22.9,36.36
1988-01-01,Delaware,89.0,19.8,38.8
1989-01-01,Delaware,84.5,17.2,56.760000000000005
1990-01-01,Delaware,86.8,31.5,43.03
1991-01-01,Delaware,86.5,26.8,41.83999999999999
1992-01-01,Delaware,85.1,26.8,40.54
1993-01-01,Delaware,88.9,22.6,44.440000000000005
1994-01-01,Delaware,87.8,19.6,47.309999999999995
1995-01-01,Delaware,88.3,23.4,38.39
1996-01-01,Delaware,83.3,24.0,57.9
1997-01-01,Delaware,86.9,25.4,41.11000000000001
1998-01-01,Delaware,86.7,32.4,41.54
1999-01-01,Delaware,89.9,27.7,45.64
2000-01-01,Delaware,83.0,22.3,46.19000000000001
2001-01-01,Delaware,86.3,24.7,39.22
2002-01-01,Delaware,89.4,27.3,46.47
2003-01-01,Delaware,85.6,21.9,57.82
2004-01-01,Delaware,85.3,20.8,44.709999999999994
2005-01-01,Delaware,87.4,25.8,46.87
2006-01-01,Delaware,88.0,27.5,46.76
2007-01-01,Delaware,86.7,21.5,38.4
2008-01-01,Delaware,87.9,27.8,42.61
2009-01-01,Delaware,86.6,22.5,55.94
2010-01-01,Delaware,90.3,24.2,40.56
2011-01-01,Delaware,91.6,22.8,44.559999999999995
2012-01-01,Delaware,91.1,29.2,39.32
2013-01-01,Delaware,87.8,27.9,50.74999999999999
2014-01-01,Delaware,85.8,19.7,45.0
2015-01-01,Delaware,85.9,16.5,46.269999999999996
2016-01-01,Delaware,89.0,25.0,45.67
2017-01-01,Delaware,87.5,27.5,44.529999999999994
2018-01-01,Delaware,87.8,23.2,60.02
2019-01-01,Delaware,90.2,26.5,41.02
2020-01-01,Delaware,90.6,30.8,55.92
2021-01-01,Delaware,87.2,28.5,40.89000000000001
2022-01-01,Delaware,88.7,-99.9,-13.089999999999998
1895-01-01,Florida,90.0,39.3,51.99000000000001
1896-01-01,Florida,91.8,43.7,50.339999999999996
1897-01-01,Florida,92.8,42.5,57.0
1898-01-01,Florida,93.0,44.0,53.69
1899-01-01,Florida,91.6,46.7,51.50999999999999
1900-01-01,Florida,92.8,44.1,61.66
1901-01-01,Florida,90.8,43.5,58.45999999999999
1902-01-01,Florida,92.7,41.5,52.49
1903-01-01,Florida,91.6,38.9,56.64000000000001
1904-01-01,Florida,90.2,43.2,47.98
1905-01-01,Florida,91.0,39.9,57.830000000000005
1906-01-01,Florida,89.7,46.7,54.87999999999999
1907-01-01,Florida,90.7,46.8,49.290000000000006
1908-01-01,Florida,90.6,44.2,47.16
1909-01-01,Florida,90.5,42.6,49.17
1910-01-01,Florida,89.3,39.7,51.10000000000001
1911-01-01,Florida,91.7,48.5,48.67
1912-01-01,Florida,90.4,42.0,63.47000000000001
1913-01-01,Florida,91.4,49.0,48.20000000000001
1914-01-01,Florida,92.3,45.1,50.500000000000014
1915-01-01,Florida,91.7,42.6,56.94
1916-01-01,Florida,90.3,45.7,47.34
1917-01-01,Florida,90.0,41.1,43.13
1918-01-01,Florida,90.8,39.0,49.540000000000006
1919-01-01,Florida,90.8,45.2,56.65
1920-01-01,Florida,89.8,45.0,57.85
1921-01-01,Florida,91.9,47.6,44.95
1922-01-01,Florida,89.8,46.5,58.89000000000001
1923-01-01,Florida,90.1,48.0,51.03000000000001
1924-01-01,Florida,92.6,44.3,61.33
1925-01-01,Florida,92.9,46.3,51.77000000000001
1926-01-01,Florida,90.7,45.6,61.84000000000001
1927-01-01,Florida,92.2,45.0,41.04
1928-01-01,Florida,90.7,42.3,62.16
1929-01-01,Florida,90.6,45.1,58.86000000000001
1930-01-01,Florida,91.7,43.6,60.41
1931-01-01,Florida,92.6,43.2,42.49
1932-01-01,Florida,93.6,48.1,53.699999999999996
1933-01-01,Florida,90.9,49.4,54.81
1934-01-01,Florida,90.7,43.9,53.029999999999994
1935-01-01,Florida,91.1,39.1,52.699999999999996
1936-01-01,Florida,91.1,46.1,57.77
1937-01-01,Florida,90.5,45.1,57.7
1938-01-01,Florida,92.2,44.6,42.88999999999999
1939-01-01,Florida,90.4,44.8,53.559999999999995
1940-01-01,Florida,90.7,36.4,51.669999999999995
1941-01-01,Florida,92.7,42.7,59.09
1942-01-01,Florida,93.1,42.7,53.43999999999999
1943-01-01,Florida,91.5,42.8,48.93
1944-01-01,Florida,92.8,42.9,53.190000000000005
1945-01-01,Florida,91.3,44.6,55.51
1946-01-01,Florida,90.1,48.5,54.29
1947-01-01,Florida,90.0,40.8,72.94
1948-01-01,Florida,91.8,43.8,63.27000000000001
1949-01-01,Florida,90.4,48.7,55.160000000000004
1950-01-01,Florida,92.2,43.0,47.82999999999999
1951-01-01,Florida,92.9,45.0,50.33
1952-01-01,Florida,93.3,44.6,49.529999999999994
1953-01-01,Florida,91.0,47.3,67.33
1954-01-01,Florida,93.6,42.6,45.010000000000005
1955-01-01,Florida,91.7,44.2,42.400000000000006
1956-01-01,Florida,92.4,40.4,43.94
1957-01-01,Florida,91.1,45.2,61.440000000000005
1958-01-01,Florida,91.2,38.8,57.230000000000004
1959-01-01,Florida,90.1,44.6,70.80000000000001
1960-01-01,Florida,90.9,42.1,63.16
1961-01-01,Florida,91.3,42.8,44.39
1962-01-01,Florida,92.2,43.1,48.64
1963-01-01,Florida,92.1,40.7,51.03
1964-01-01,Florida,91.4,44.2,63.45
1965-01-01,Florida,90.2,45.9,54.68999999999999
1966-01-01,Florida,90.7,44.8,57.6
1967-01-01,Florida,89.8,45.9,47.69
1968-01-01,Florida,91.0,40.3,52.26000000000001
1969-01-01,Florida,91.7,43.6,60.410000000000004
1970-01-01,Florida,91.1,41.9,53.11
1971-01-01,Florida,90.5,45.5,48.620000000000005
1972-01-01,Florida,90.9,47.6,52.080000000000005
1973-01-01,Florida,91.2,43.7,56.42
1974-01-01,Florida,89.9,46.1,48.5
1975-01-01,Florida,90.6,45.4,55.14999999999999
1976-01-01,Florida,91.2,40.9,51.63000000000001
1977-01-01,Florida,92.6,37.8,48.0
1978-01-01,Florida,90.7,40.9,53.33000000000001
1979-01-01,Florida,91.9,43.0,59.86
1980-01-01,Florida,92.6,42.9,49.290000000000006
1981-01-01,Florida,93.3,35.0,44.470000000000006
1982-01-01,Florida,90.6,44.6,61.32
1983-01-01,Florida,92.4,44.3,64.89
1984-01-01,Florida,90.7,44.8,49.34
1985-01-01,Florida,91.4,39.6,52.33999999999999
1986-01-01,Florida,92.1,44.8,52.36
1987-01-01,Florida,92.7,44.9,52.809999999999995
1988-01-01,Florida,90.8,44.8,52.54
1989-01-01,Florida,91.5,40.7,48.699999999999996
1990-01-01,Florida,92.7,50.6,42.60999999999999
1991-01-01,Florida,90.9,50.5,62.61000000000001
1992-01-01,Florida,92.6,45.3,56.18
1993-01-01,Florida,92.8,44.2,49.91
1994-01-01,Florida,89.9,46.1,64.78
1995-01-01,Florida,91.9,45.4,59.099999999999994
1996-01-01,Florida,91.5,44.3,53.959999999999994
1997-01-01,Florida,91.7,47.9,59.65
1998-01-01,Florida,95.7,49.5,57.04999999999999
1999-01-01,Florida,92.6,47.6,49.69
2000-01-01,Florida,92.5,45.0,40.29
2001-01-01,Florida,90.8,39.7,52.21000000000001
2002-01-01,Florida,90.7,45.9,58.489999999999995
2003-01-01,Florida,90.3,39.3,58.769999999999996
2004-01-01,Florida,91.5,44.4,57.220000000000006
2005-01-01,Florida,92.0,46.0,59.480000000000004
2006-01-01,Florida,92.3,46.1,41.0
2007-01-01,Florida,93.3,46.2,43.72
2008-01-01,Florida,91.4,47.3,53.129999999999995
2009-01-01,Florida,91.8,44.3,53.77
2010-01-01,Florida,93.2,37.1,48.12
2011-01-01,Florida,93.4,43.3,46.769999999999996
2012-01-01,Florida,91.8,46.5,55.089999999999996
2013-01-01,Florida,90.9,46.3,56.87
2014-01-01,Florida,92.5,43.5,59.13
2015-01-01,Florida,92.2,45.3,52.86000000000001
2016-01-01,Florida,93.8,47.2,53.41
2017-01-01,Florida,91.6,51.1,58.629999999999995
2018-01-01,Florida,91.2,44.1,60.52
2019-01-01,Florida,92.0,47.2,52.099999999999994
2020-01-01,Florida,92.1,45.8,57.980000000000004
2021-01-01,Florida,91.0,48.0,55.35999999999999
2022-01-01,Florida,92.0,-99.9,-1.4000000000000021
1895-01-01,Georgia,89.7,27.7,50.120000000000005
1896-01-01,Georgia,92.0,34.4,44.690000000000005
1897-01-01,Georgia,93.4,32.5,48.339999999999996
1898-01-01,Georgia,92.6,33.1,55.16000000000001
1899-01-01,Georgia,92.2,34.0,44.22
1900-01-01,Georgia,94.6,32.7,56.040000000000006
1901-01-01,Georgia,92.6,31.2,56.599999999999994
1902-01-01,Georgia,94.4,31.4,51.309999999999995
1903-01-01,Georgia,91.7,28.5,54.0
1904-01-01,Georgia,91.2,29.7,38.2
1905-01-01,Georgia,91.6,28.4,49.97999999999999
1906-01-01,Georgia,90.5,34.3,53.010000000000005
1907-01-01,Georgia,92.5,35.6,49.190000000000005
1908-01-01,Georgia,91.1,32.7,48.56999999999999
1909-01-01,Georgia,90.4,30.8,46.94
1910-01-01,Georgia,89.6,29.5,44.59
1911-01-01,Georgia,94.1,37.4,47.58
1912-01-01,Georgia,90.0,30.7,63.78999999999999
1913-01-01,Georgia,92.8,37.3,46.07
1914-01-01,Georgia,94.7,34.3,46.980000000000004
1915-01-01,Georgia,92.5,32.8,49.53
1916-01-01,Georgia,90.6,35.3,43.120000000000005
1917-01-01,Georgia,90.8,28.1,46.64
1918-01-01,Georgia,91.6,27.0,47.91
1919-01-01,Georgia,89.3,33.9,53.56000000000001
1920-01-01,Georgia,90.0,35.0,58.89000000000001
1921-01-01,Georgia,93.2,37.1,40.839999999999996
1922-01-01,Georgia,90.9,36.0,54.55000000000001
1923-01-01,Georgia,89.7,37.6,51.57
1924-01-01,Georgia,94.0,31.0,54.03
1925-01-01,Georgia,96.6,34.5,41.47
1926-01-01,Georgia,91.0,34.7,51.07999999999999
1927-01-01,Georgia,90.6,34.8,41.15
1928-01-01,Georgia,90.6,32.3,59.93
1929-01-01,Georgia,91.0,32.9,67.72
1930-01-01,Georgia,94.1,32.9,47.19
1931-01-01,Georgia,94.0,32.8,36.55
1932-01-01,Georgia,94.0,38.9,56.96000000000001
1933-01-01,Georgia,91.7,38.7,42.519999999999996
1934-01-01,Georgia,93.0,30.8,47.00999999999999
1935-01-01,Georgia,90.9,28.6,44.21
1936-01-01,Georgia,93.3,31.9,57.36000000000001
1937-01-01,Georgia,91.1,33.9,52.38
1938-01-01,Georgia,92.6,34.2,41.86999999999999
1939-01-01,Georgia,91.5,35.2,48.45
1940-01-01,Georgia,89.3,23.3,46.22
1941-01-01,Georgia,91.4,31.0,43.129999999999995
1942-01-01,Georgia,92.3,32.1,52.18
1943-01-01,Georgia,92.4,34.3,45.940000000000005
1944-01-01,Georgia,93.4,31.6,55.0
1945-01-01,Georgia,91.0,30.5,53.62
1946-01-01,Georgia,88.8,36.4,49.55
1947-01-01,Georgia,89.7,28.7,61.82
1948-01-01,Georgia,91.2,29.7,63.49
1949-01-01,Georgia,90.1,37.7,48.339999999999996
1950-01-01,Georgia,90.3,31.2,44.81
1951-01-01,Georgia,93.2,34.9,45.38
1952-01-01,Georgia,94.7,34.2,45.05
1953-01-01,Georgia,90.3,36.0,58.10000000000001
1954-01-01,Georgia,95.4,33.2,31.060000000000002
1955-01-01,Georgia,91.3,33.7,41.63
1956-01-01,Georgia,92.3,31.0,46.33
1957-01-01,Georgia,90.6,35.6,54.55
1958-01-01,Georgia,90.5,28.0,45.24
1959-01-01,Georgia,91.6,32.1,56.410000000000004
1960-01-01,Georgia,91.2,28.8,46.919999999999995
1961-01-01,Georgia,90.1,29.7,54.12000000000001
1962-01-01,Georgia,91.8,32.0,49.269999999999996
1963-01-01,Georgia,91.1,27.9,50.39
1964-01-01,Georgia,91.1,32.8,70.46000000000001
1965-01-01,Georgia,89.8,33.9,48.39
1966-01-01,Georgia,90.9,31.7,55.86999999999999
1967-01-01,Georgia,86.8,34.4,49.32
1968-01-01,Georgia,91.8,28.7,42.040000000000006
1969-01-01,Georgia,91.8,32.0,49.54
1970-01-01,Georgia,91.0,27.9,49.32999999999999
1971-01-01,Georgia,90.0,34.3,57.0
1972-01-01,Georgia,90.0,36.2,50.88
1973-01-01,Georgia,90.4,33.0,58.18000000000001
1974-01-01,Georgia,89.0,36.2,50.510000000000005
1975-01-01,Georgia,89.5,34.7,61.349999999999994
1976-01-01,Georgia,90.1,29.5,55.61
1977-01-01,Georgia,93.5,24.7,48.18
1978-01-01,Georgia,91.2,28.4,42.879999999999995
1979-01-01,Georgia,90.2,29.8,55.68
1980-01-01,Georgia,94.2,31.9,47.07
1981-01-01,Georgia,93.2,27.2,42.09
1982-01-01,Georgia,89.2,31.8,53.28000000000001
1983-01-01,Georgia,93.0,32.4,56.54000000000001
1984-01-01,Georgia,89.7,32.1,48.00000000000001
1985-01-01,Georgia,89.6,28.3,47.08
1986-01-01,Georgia,95.9,32.3,42.5
1987-01-01,Georgia,92.7,34.2,44.99000000000001
1988-01-01,Georgia,90.8,31.1,43.65
1989-01-01,Georgia,88.7,29.5,55.32000000000001
1990-01-01,Georgia,92.1,39.3,44.85
1991-01-01,Georgia,89.9,38.9,57.839999999999996
1992-01-01,Georgia,90.5,35.6,58.739999999999995
1993-01-01,Georgia,95.5,34.6,45.86
1994-01-01,Georgia,87.6,31.5,61.22999999999999
1995-01-01,Georgia,92.6,34.2,49.67
1996-01-01,Georgia,90.8,32.6,48.69999999999999
1997-01-01,Georgia,91.0,37.1,57.290000000000006
1998-01-01,Georgia,93.6,39.2,52.9
1999-01-01,Georgia,94.1,35.3,40.86
2000-01-01,Georgia,92.9,30.0,41.379999999999995
2001-01-01,Georgia,89.5,31.0,41.8
2002-01-01,Georgia,91.7,34.7,49.72
2003-01-01,Georgia,88.2,30.6,57.230000000000004
2004-01-01,Georgia,90.5,32.5,52.160000000000004
2005-01-01,Georgia,90.1,33.0,54.74
2006-01-01,Georgia,92.8,36.0,39.0
2007-01-01,Georgia,94.7,34.0,38.06999999999999
2008-01-01,Georgia,91.8,34.2,46.99
2009-01-01,Georgia,90.9,34.0,61.48
2010-01-01,Georgia,93.0,28.3,43.04
2011-01-01,Georgia,94.4,30.8,40.10999999999999
2012-01-01,Georgia,93.2,37.5,42.019999999999996
2013-01-01,Georgia,87.4,37.5,63.489999999999995
2014-01-01,Georgia,90.5,28.3,51.410000000000004
2015-01-01,Georgia,92.2,31.9,55.74
2016-01-01,Georgia,94.2,33.8,40.900000000000006
2017-01-01,Georgia,90.5,39.5,49.79999999999999
2018-01-01,Georgia,90.0,30.8,60.800000000000004
2019-01-01,Georgia,92.0,37.8,47.89
2020-01-01,Georgia,92.0,34.1,60.46000000000001
2021-01-01,Georgia,89.2,37.4,56.96
2022-01-01,Georgia,92.1,-99.9,-5.6999999999999975
1895-01-01,Idaho,80.2,11.6,19.79
1896-01-01,Idaho,82.5,19.3,29.689999999999998
1897-01-01,Idaho,83.7,13.6,26.01
1898-01-01,Idaho,83.6,7.1,18.25
1899-01-01,Idaho,82.7,12.2,23.92
1900-01-01,Idaho,80.8,16.7,21.419999999999998
1901-01-01,Idaho,84.2,15.6,22.05
1902-01-01,Idaho,78.2,12.0,22.94
1903-01-01,Idaho,79.9,4.8,24.16
1904-01-01,Idaho,80.9,14.2,25.18
1905-01-01,Idaho,81.7,11.9,18.95
1906-01-01,Idaho,84.4,15.1,28.52
1907-01-01,Idaho,78.3,10.8,27.829999999999995
1908-01-01,Idaho,82.2,14.9,21.68
1909-01-01,Idaho,80.4,10.5,29.63
1910-01-01,Idaho,83.4,9.1,22.880000000000003
1911-01-01,Idaho,79.9,11.1,22.900000000000002
1912-01-01,Idaho,75.4,14.9,26.590000000000003
1913-01-01,Idaho,79.6,9.1,25.54
1914-01-01,Idaho,81.6,6.7,21.17
1915-01-01,Idaho,84.6,11.0,23.72
1916-01-01,Idaho,79.1,6.1,26.33
1917-01-01,Idaho,84.0,6.4,23.64
1918-01-01,Idaho,80.6,15.0,21.299999999999997
1919-01-01,Idaho,84.6,6.9,20.070000000000004
1920-01-01,Idaho,83.2,13.8,23.87
1921-01-01,Idaho,81.8,17.0,25.68
1922-01-01,Idaho,81.8,4.2,22.270000000000003
1923-01-01,Idaho,82.0,8.7,25.580000000000002
1924-01-01,Idaho,81.4,7.5,17.700000000000003
1925-01-01,Idaho,84.2,17.0,26.070000000000004
1926-01-01,Idaho,83.2,13.4,22.79
1927-01-01,Idaho,82.0,8.9,30.150000000000002
1928-01-01,Idaho,81.6,10.3,17.919999999999998
1929-01-01,Idaho,84.0,3.9,18.560000000000002
1930-01-01,Idaho,83.1,0.2,21.4
1931-01-01,Idaho,85.4,11.6,18.61
1932-01-01,Idaho,79.9,7.2,24.21
1933-01-01,Idaho,84.6,4.6,22.419999999999998
1934-01-01,Idaho,84.0,18.5,19.36
1935-01-01,Idaho,82.2,14.6,16.170000000000005
1936-01-01,Idaho,84.9,9.9,21.71
1937-01-01,Idaho,83.0,-3.4,24.18
1938-01-01,Idaho,79.8,17.4,25.929999999999996
1939-01-01,Idaho,82.6,11.0,16.76
1940-01-01,Idaho,83.3,16.4,27.909999999999997
1941-01-01,Idaho,81.7,16.3,26.5
1942-01-01,Idaho,83.2,8.0,25.469999999999995
1943-01-01,Idaho,81.0,12.6,21.089999999999996
1944-01-01,Idaho,79.6,8.4,20.780000000000005
1945-01-01,Idaho,82.6,15.4,26.630000000000003
1946-01-01,Idaho,82.1,13.0,26.51
1947-01-01,Idaho,83.4,8.4,22.11
1948-01-01,Idaho,78.2,8.5,27.17
1949-01-01,Idaho,81.6,-6.4,20.02
1950-01-01,Idaho,79.4,8.6,27.439999999999998
1951-01-01,Idaho,82.4,12.7,26.14
1952-01-01,Idaho,80.1,10.6,18.39
1953-01-01,Idaho,83.4,18.2,23.679999999999996
1954-01-01,Idaho,82.0,13.3,21.48
1955-01-01,Idaho,82.5,10.0,27.309999999999995
1956-01-01,Idaho,81.7,9.6,22.11
1957-01-01,Idaho,80.9,4.0,25.06
1958-01-01,Idaho,83.2,14.5,25.22
1959-01-01,Idaho,83.4,14.6,22.939999999999998
1960-01-01,Idaho,86.5,10.3,21.58
1961-01-01,Idaho,84.1,14.4,23.270000000000003
1962-01-01,Idaho,78.9,7.3,23.04
1963-01-01,Idaho,80.6,7.5,26.240000000000002
1964-01-01,Idaho,82.2,9.3,30.689999999999998
1965-01-01,Idaho,79.3,15.6,23.259999999999998
1966-01-01,Idaho,82.6,15.7,18.82
1967-01-01,Idaho,85.1,13.3,25.490000000000002
1968-01-01,Idaho,83.2,12.5,26.480000000000004
1969-01-01,Idaho,83.0,16.1,21.580000000000005
1970-01-01,Idaho,83.4,15.5,30.150000000000002
1971-01-01,Idaho,84.2,13.5,28.130000000000003
1972-01-01,Idaho,80.8,10.6,25.53
1973-01-01,Idaho,81.7,12.5,24.09
1974-01-01,Idaho,80.9,13.2,22.669999999999998
1975-01-01,Idaho,82.7,13.4,29.12
1976-01-01,Idaho,81.0,14.1,20.29
1977-01-01,Idaho,78.8,9.8,24.01
1978-01-01,Idaho,79.2,9.0,23.239999999999995
1979-01-01,Idaho,81.8,1.8,19.85
1980-01-01,Idaho,79.4,13.9,28.67
1981-01-01,Idaho,84.1,19.3,26.14
1982-01-01,Idaho,80.6,12.6,30.550000000000004
1983-01-01,Idaho,80.0,10.2,31.409999999999997
1984-01-01,Idaho,80.7,9.4,27.349999999999998
1985-01-01,Idaho,85.5,7.0,20.14
1986-01-01,Idaho,83.2,15.2,25.080000000000002
1987-01-01,Idaho,77.8,12.3,18.42
1988-01-01,Idaho,83.5,12.7,20.490000000000002
1989-01-01,Idaho,84.1,9.3,20.96
1990-01-01,Idaho,82.1,4.9,23.41
1991-01-01,Idaho,83.1,12.0,22.419999999999998
1992-01-01,Idaho,81.2,12.6,18.96
1993-01-01,Idaho,74.3,10.5,24.08
1994-01-01,Idaho,84.1,15.8,20.39
1995-01-01,Idaho,79.0,19.4,31.110000000000003
1996-01-01,Idaho,83.6,16.3,32.1
1997-01-01,Idaho,80.5,15.2,25.279999999999994
1998-01-01,Idaho,84.8,15.0,28.95
1999-01-01,Idaho,80.9,18.3,22.64
2000-01-01,Idaho,83.2,16.3,20.89
2001-01-01,Idaho,85.3,14.1,19.130000000000003
2002-01-01,Idaho,85.2,13.0,18.98
2003-01-01,Idaho,87.7,17.6,22.560000000000002
2004-01-01,Idaho,81.9,15.1,23.179999999999996
2005-01-01,Idaho,83.3,15.2,24.58
2006-01-01,Idaho,86.6,13.9,26.38
2007-01-01,Idaho,88.7,10.6,19.560000000000002
2008-01-01,Idaho,83.2,11.2,21.97
2009-01-01,Idaho,81.6,11.5,22.88
2010-01-01,Idaho,80.2,19.6,26.14
2011-01-01,Idaho,82.5,15.0,24.69
2012-01-01,Idaho,84.5,17.7,25.71
2013-01-01,Idaho,86.2,11.3,17.64
2014-01-01,Idaho,85.3,18.7,26.470000000000002
2015-01-01,Idaho,81.4,17.1,22.52
2016-01-01,Idaho,81.3,10.7,24.880000000000003
2017-01-01,Idaho,86.4,9.8,28.83
2018-01-01,Idaho,84.9,16.6,21.879999999999995
2019-01-01,Idaho,81.8,15.3,23.410000000000004
2020-01-01,Idaho,83.0,15.7,22.19
2021-01-01,Idaho,88.0,17.0,20.94
2022-01-01,Idaho,85.8,-99.9,-26.61
1895-01-01,Illinois,86.5,7.3,31.150000000000002
1896-01-01,Illinois,85.8,20.8,35.95
1897-01-01,Illinois,87.6,15.7,35.71
1898-01-01,Illinois,86.8,16.9,46.790000000000006
1899-01-01,Illinois,87.8,8.6,32.56
1900-01-01,Illinois,90.6,12.4,35.29
1901-01-01,Illinois,95.7,11.6,25.529999999999998
1902-01-01,Illinois,86.5,9.1,42.79
1903-01-01,Illinois,87.0,13.0,34.63999999999999
1904-01-01,Illinois,83.8,9.8,37.18
1905-01-01,Illinois,85.6,7.6,37.04
1906-01-01,Illinois,87.1,17.0,36.82999999999999
1907-01-01,Illinois,86.0,19.2,40.760000000000005
1908-01-01,Illinois,86.2,18.8,35.44
1909-01-01,Illinois,89.0,12.3,43.17
1910-01-01,Illinois,87.0,14.4,31.860000000000003
1911-01-01,Illinois,88.7,19.7,38.64000000000001
1912-01-01,Illinois,86.2,4.6,34.96
1913-01-01,Illinois,90.5,15.6,35.230000000000004
1914-01-01,Illinois,92.2,11.0,28.229999999999997
1915-01-01,Illinois,82.3,13.4,41.8
1916-01-01,Illinois,93.8,16.6,36.97
1917-01-01,Illinois,86.5,11.9,31.950000000000003
1918-01-01,Illinois,89.8,1.6,38.04
1919-01-01,Illinois,91.1,14.2,37.24
1920-01-01,Illinois,86.4,12.1,32.580000000000005
1921-01-01,Illinois,92.5,24.6,40.74
1922-01-01,Illinois,86.8,14.0,34.00000000000001
1923-01-01,Illinois,88.7,15.8,37.660000000000004
1924-01-01,Illinois,84.5,10.2,35.78999999999999
1925-01-01,Illinois,86.9,15.4,32.1
1926-01-01,Illinois,88.3,18.8,42.82
1927-01-01,Illinois,85.7,16.4,49.22
1928-01-01,Illinois,86.6,18.8,36.98
1929-01-01,Illinois,86.5,9.7,41.709999999999994
1930-01-01,Illinois,92.1,10.0,27.55
1931-01-01,Illinois,91.2,23.1,37.39
1932-01-01,Illinois,89.2,19.5,35.83
1933-01-01,Illinois,91.4,17.3,34.65999999999999
1934-01-01,Illinois,94.2,14.8,32.77
1935-01-01,Illinois,89.4,16.9,41.290000000000006
1936-01-01,Illinois,97.3,7.3,30.009999999999998
1937-01-01,Illinois,89.0,17.3,36.6
1938-01-01,Illinois,87.8,18.5,40.58
1939-01-01,Illinois,87.3,18.5,35.78
1940-01-01,Illinois,89.1,4.8,28.86
1941-01-01,Illinois,88.3,17.9,39.790000000000006
1942-01-01,Illinois,86.8,17.1,41.02
1943-01-01,Illinois,88.7,17.0,34.68000000000001
1944-01-01,Illinois,88.6,16.0,33.57
1945-01-01,Illinois,85.0,14.4,45.900000000000006
1946-01-01,Illinois,87.6,19.6,39.43
1947-01-01,Illinois,92.9,14.2,37.26
1948-01-01,Illinois,86.2,11.8,36.730000000000004
1949-01-01,Illinois,88.0,20.8,40.809999999999995
1950-01-01,Illinois,83.4,12.7,41.76
1951-01-01,Illinois,84.6,17.9,42.99999999999999
1952-01-01,Illinois,89.1,20.4,33.53
1953-01-01,Illinois,88.6,22.5,27.44
1954-01-01,Illinois,91.4,18.8,35.349999999999994
1955-01-01,Illinois,90.8,18.1,34.36
1956-01-01,Illinois,85.3,16.9,30.21
1957-01-01,Illinois,87.3,12.2,45.290000000000006
1958-01-01,Illinois,84.6,11.7,35.34
1959-01-01,Illinois,87.3,11.6,37.81000000000001
1960-01-01,Illinois,85.5,16.1,34.62
1961-01-01,Illinois,85.1,14.3,43.010000000000005
1962-01-01,Illinois,85.4,11.1,33.410000000000004
1963-01-01,Illinois,86.3,7.4,27.820000000000004
1964-01-01,Illinois,87.0,20.1,32.11
1965-01-01,Illinois,84.8,17.2,41.809999999999995
1966-01-01,Illinois,90.9,12.1,34.910000000000004
1967-01-01,Illinois,83.0,15.2,40.55
1968-01-01,Illinois,85.2,15.4,35.70000000000001
1969-01-01,Illinois,85.9,15.1,40.71
1970-01-01,Illinois,86.5,8.8,41.760000000000005
1971-01-01,Illinois,87.6,12.4,32.21
1972-01-01,Illinois,84.4,14.4,41.540000000000006
1973-01-01,Illinois,86.0,20.4,47.61
1974-01-01,Illinois,88.8,18.5,41.660000000000004
1975-01-01,Illinois,85.2,21.4,40.75
1976-01-01,Illinois,87.3,12.8,28.540000000000003
1977-01-01,Illinois,88.9,0.9,41.800000000000004
1978-01-01,Illinois,85.5,7.4,35.72
1979-01-01,Illinois,84.2,4.4,38.63
1980-01-01,Illinois,90.3,14.4,33.65
1981-01-01,Illinois,84.3,16.0,41.69
1982-01-01,Illinois,85.4,7.2,46.580000000000005
1983-01-01,Illinois,91.3,10.3,41.29
1984-01-01,Illinois,87.0,13.8,41.309999999999995
1985-01-01,Illinois,85.5,9.3,45.63000000000001
1986-01-01,Illinois,87.8,18.2,37.45
1987-01-01,Illinois,88.0,19.4,34.69
1988-01-01,Illinois,90.2,14.5,29.330000000000005
1989-01-01,Illinois,85.8,8.4,32.39
1990-01-01,Illinois,84.4,21.4,49.94
1991-01-01,Illinois,87.6,16.3,36.120000000000005
1992-01-01,Illinois,82.6,23.2,35.809999999999995
1993-01-01,Illinois,85.5,18.8,51.17999999999999
1994-01-01,Illinois,85.3,12.2,35.510000000000005
1995-01-01,Illinois,89.0,18.9,38.910000000000004
1996-01-01,Illinois,84.4,15.6,38.82
1997-01-01,Illinois,86.2,12.2,35.099999999999994
1998-01-01,Illinois,85.0,25.3,44.49000000000001
1999-01-01,Illinois,89.2,16.8,35.71
2000-01-01,Illinois,85.0,9.3,39.769999999999996
2001-01-01,Illinois,86.6,18.0,39.65
2002-01-01,Illinois,89.1,23.5,39.06
2003-01-01,Illinois,86.5,14.3,37.78
2004-01-01,Illinois,82.6,16.6,39.96999999999999
2005-01-01,Illinois,87.6,19.1,31.430000000000003
2006-01-01,Illinois,87.6,20.7,40.63999999999999
2007-01-01,Illinois,89.4,13.5,36.69
2008-01-01,Illinois,84.9,17.0,50.169999999999995
2009-01-01,Illinois,83.2,11.9,50.96
2010-01-01,Illinois,87.9,14.8,40.68
2011-01-01,Illinois,90.2,15.2,46.1
2012-01-01,Illinois,94.4,22.7,30.11
2013-01-01,Illinois,83.8,17.4,42.489999999999995
2014-01-01,Illinois,83.3,9.2,41.29
2015-01-01,Illinois,83.6,9.8,48.8
2016-01-01,Illinois,86.2,19.0,39.74999999999999
2017-01-01,Illinois,86.8,20.8,37.8
2018-01-01,Illinois,85.3,14.6,45.79
2019-01-01,Illinois,87.5,17.5,49.86
2020-01-01,Illinois,87.2,24.0,41.940000000000005
2021-01-01,Illinois,86.0,12.7,41.1
2022-01-01,Illinois,85.7,-99.9,-11.930000000000001
1895-01-01,Indiana,87.3,8.5,30.499999999999996
1896-01-01,Indiana,85.1,20.1,40.86
1897-01-01,Indiana,87.4,15.4,39.3
1898-01-01,Indiana,87.8,18.7,45.52
1899-01-01,Indiana,87.3,11.3,34.51
1900-01-01,Indiana,89.0,14.9,36.62
1901-01-01,Indiana,93.7,12.5,30.569999999999997
1902-01-01,Indiana,86.7,10.0,40.9
1903-01-01,Indiana,86.6,13.0,37.12
1904-01-01,Indiana,84.0,10.0,38.0
1905-01-01,Indiana,84.4,8.9,42.03
1906-01-01,Indiana,86.3,15.4,39.23
1907-01-01,Indiana,84.7,18.1,44.309999999999995
1908-01-01,Indiana,86.8,18.5,33.36
1909-01-01,Indiana,85.9,13.7,47.589999999999996
1910-01-01,Indiana,85.3,15.1,37.60999999999999
1911-01-01,Indiana,87.5,21.6,39.71
1912-01-01,Indiana,84.2,6.8,40.13
1913-01-01,Indiana,89.4,15.4,43.239999999999995
1914-01-01,Indiana,90.7,10.3,31.23
1915-01-01,Indiana,82.5,14.5,41.11
1916-01-01,Indiana,91.3,17.0,40.06
1917-01-01,Indiana,84.2,11.4,36.58
1918-01-01,Indiana,89.0,1.3,39.98
1919-01-01,Indiana,90.8,15.4,38.82
1920-01-01,Indiana,84.5,12.2,36.11
1921-01-01,Indiana,92.5,24.2,44.73000000000001
1922-01-01,Indiana,85.8,14.8,38.120000000000005
1923-01-01,Indiana,86.8,16.1,42.379999999999995
1924-01-01,Indiana,84.4,12.0,37.34
1925-01-01,Indiana,86.1,16.3,34.54
1926-01-01,Indiana,87.7,18.3,43.230000000000004
1927-01-01,Indiana,85.5,17.9,48.669999999999995
1928-01-01,Indiana,85.4,18.4,35.980000000000004
1929-01-01,Indiana,86.2,13.0,46.389999999999986
1930-01-01,Indiana,91.1,14.5,29.55
1931-01-01,Indiana,90.5,23.1,37.989999999999995
1932-01-01,Indiana,88.2,20.7,42.11000000000001
1933-01-01,Indiana,90.6,19.3,40.089999999999996
1934-01-01,Indiana,92.9,12.4,29.669999999999998
1935-01-01,Indiana,88.3,16.4,38.730000000000004
1936-01-01,Indiana,94.9,10.1,33.440000000000005
1937-01-01,Indiana,87.2,20.6,45.18
1938-01-01,Indiana,86.8,19.1,40.7
1939-01-01,Indiana,86.0,20.3,38.23
1940-01-01,Indiana,88.0,5.5,32.35
1941-01-01,Indiana,88.0,17.6,31.990000000000002
1942-01-01,Indiana,86.7,17.4,41.10000000000001
1943-01-01,Indiana,87.2,18.5,37.150000000000006
1944-01-01,Indiana,89.6,16.9,33.22
1945-01-01,Indiana,84.2,14.1,48.79000000000001
1946-01-01,Indiana,86.9,19.4,35.96
1947-01-01,Indiana,90.1,13.5,39.620000000000005
1948-01-01,Indiana,86.0,11.1,42.19999999999999
1949-01-01,Indiana,88.4,23.8,45.029999999999994
1950-01-01,Indiana,82.8,13.7,53.84
1951-01-01,Indiana,84.7,20.2,42.410000000000004
1952-01-01,Indiana,89.4,23.1,38.49999999999999
1953-01-01,Indiana,87.8,23.0,30.840000000000007
1954-01-01,Indiana,90.0,21.1,37.21
1955-01-01,Indiana,89.9,18.5,40.629999999999995
1956-01-01,Indiana,84.2,17.8,35.209999999999994
1957-01-01,Indiana,85.9,14.0,48.95
1958-01-01,Indiana,82.9,13.2,40.300000000000004
1959-01-01,Indiana,87.3,13.6,41.290000000000006
1960-01-01,Indiana,84.8,15.6,33.510000000000005
1961-01-01,Indiana,84.2,14.4,42.65999999999999
1962-01-01,Indiana,84.9,14.7,35.52
1963-01-01,Indiana,84.6,8.6,29.11
1964-01-01,Indiana,85.6,18.7,36.21
1965-01-01,Indiana,83.6,17.6,39.92
1966-01-01,Indiana,89.5,13.6,37.19
1967-01-01,Indiana,82.7,14.8,38.879999999999995
1968-01-01,Indiana,85.1,14.4,41.66
1969-01-01,Indiana,85.2,16.1,40.88
1970-01-01,Indiana,84.5,9.3,38.32000000000001
1971-01-01,Indiana,85.7,13.4,37.11
1972-01-01,Indiana,83.6,16.4,43.959999999999994
1973-01-01,Indiana,85.3,21.8,44.39
1974-01-01,Indiana,86.9,21.0,42.1
1975-01-01,Indiana,85.1,23.4,44.70000000000001
1976-01-01,Indiana,84.5,14.2,32.62
1977-01-01,Indiana,88.1,0.7,42.36
1978-01-01,Indiana,84.4,4.4,39.29
1979-01-01,Indiana,82.2,7.6,46.9
1980-01-01,Indiana,88.4,13.9,36.0
1981-01-01,Indiana,84.1,14.2,41.21
1982-01-01,Indiana,85.0,8.5,44.88
1983-01-01,Indiana,89.8,13.5,40.71
1984-01-01,Indiana,85.3,12.8,40.59
1985-01-01,Indiana,84.9,12.5,45.449999999999996
1986-01-01,Indiana,86.6,19.0,39.669999999999995
1987-01-01,Indiana,85.5,20.2,34.870000000000005
1988-01-01,Indiana,89.0,15.3,34.25
1989-01-01,Indiana,84.4,9.3,43.42
1990-01-01,Indiana,83.1,24.1,53.540000000000006
1991-01-01,Indiana,87.2,19.6,36.31
1992-01-01,Indiana,81.8,23.3,40.339999999999996
1993-01-01,Indiana,85.6,17.5,48.589999999999996
1994-01-01,Indiana,84.5,12.4,35.559999999999995
1995-01-01,Indiana,88.0,18.3,38.26
1996-01-01,Indiana,83.8,16.7,47.669999999999995
1997-01-01,Indiana,84.9,14.6,39.8
1998-01-01,Indiana,84.2,27.5,44.88
1999-01-01,Indiana,88.7,18.0,35.04
2000-01-01,Indiana,82.5,10.8,43.4
2001-01-01,Indiana,84.8,19.3,43.96
2002-01-01,Indiana,88.3,24.3,42.19
2003-01-01,Indiana,84.4,13.5,46.4
2004-01-01,Indiana,81.8,16.6,43.4
2005-01-01,Indiana,85.8,20.0,40.89000000000001
2006-01-01,Indiana,85.4,22.4,51.019999999999996
2007-01-01,Indiana,88.6,11.7,41.790000000000006
2008-01-01,Indiana,84.0,18.6,49.69
2009-01-01,Indiana,82.0,13.0,46.06
2010-01-01,Indiana,87.2,17.2,37.38999999999999
2011-01-01,Indiana,89.6,16.4,55.199999999999996
2012-01-01,Indiana,92.8,23.7,33.82
2013-01-01,Indiana,82.6,21.1,45.13999999999999
2014-01-01,Indiana,82.6,9.6,43.57000000000001
2015-01-01,Indiana,82.7,9.4,47.51
2016-01-01,Indiana,85.0,19.3,43.379999999999995
2017-01-01,Indiana,84.5,21.1,45.61
2018-01-01,Indiana,84.8,15.7,50.03
2019-01-01,Indiana,86.8,19.0,49.519999999999996
2020-01-01,Indiana,87.1,25.0,42.4
2021-01-01,Indiana,85.6,15.8,45.72999999999999
2022-01-01,Indiana,85.5,-99.9,-9.669999999999996
1895-01-01,Iowa,85.1,0.1,26.33
1896-01-01,Iowa,84.4,11.8,36.779999999999994
1897-01-01,Iowa,87.2,6.4,26.23
1898-01-01,Iowa,85.9,7.4,30.090000000000003
1899-01-01,Iowa,85.4,0.4,28.46
1900-01-01,Iowa,88.4,2.7,35.44
1901-01-01,Iowa,96.3,5.8,24.499999999999996
1902-01-01,Iowa,83.2,6.0,43.78999999999999
1903-01-01,Iowa,83.6,7.3,35.43
1904-01-01,Iowa,81.4,2.7,27.94
1905-01-01,Iowa,85.1,-0.4,36.12
1906-01-01,Iowa,84.7,11.1,31.5
1907-01-01,Iowa,84.2,8.9,31.599999999999998
1908-01-01,Iowa,84.2,12.5,34.739999999999995
1909-01-01,Iowa,87.6,5.9,39.67
1910-01-01,Iowa,87.8,5.6,20.21
1911-01-01,Iowa,89.0,7.9,31.629999999999995
1912-01-01,Iowa,86.3,-6.7,28.419999999999998
1913-01-01,Iowa,89.0,7.3,30.08
1914-01-01,Iowa,88.9,5.1,31.650000000000002
1915-01-01,Iowa,79.0,6.9,38.98
1916-01-01,Iowa,92.3,6.5,28.5
1917-01-01,Iowa,86.1,1.8,27.62
1918-01-01,Iowa,87.4,-2.6,32.54
1919-01-01,Iowa,89.4,5.0,36.4
1920-01-01,Iowa,83.4,5.7,31.06
1921-01-01,Iowa,89.6,16.4,32.0
1922-01-01,Iowa,85.0,7.3,29.570000000000004
1923-01-01,Iowa,88.2,7.4,29.629999999999995
1924-01-01,Iowa,81.6,1.4,31.0
1925-01-01,Iowa,86.3,7.5,27.93
1926-01-01,Iowa,86.0,11.1,32.33
1927-01-01,Iowa,85.6,6.7,29.3
1928-01-01,Iowa,84.9,13.8,35.47
1929-01-01,Iowa,84.9,-2.0,29.45
1930-01-01,Iowa,91.0,-1.3,26.09
1931-01-01,Iowa,89.9,17.1,34.599999999999994
1932-01-01,Iowa,87.6,11.0,31.669999999999998
1933-01-01,Iowa,91.6,9.2,24.5
1934-01-01,Iowa,92.3,11.8,26.73
1935-01-01,Iowa,90.5,9.7,32.53
1936-01-01,Iowa,98.4,-5.7,25.540000000000003
1937-01-01,Iowa,89.1,0.2,27.5
1938-01-01,Iowa,88.3,9.8,36.32000000000001
1939-01-01,Iowa,88.1,6.8,24.500000000000004
1940-01-01,Iowa,89.2,-2.3,30.510000000000005
1941-01-01,Iowa,87.0,11.4,36.15
1942-01-01,Iowa,85.1,10.4,32.580000000000005
1943-01-01,Iowa,86.5,5.4,31.089999999999993
1944-01-01,Iowa,84.2,10.6,36.66
1945-01-01,Iowa,83.4,8.6,34.21
1946-01-01,Iowa,84.7,11.0,34.86
1947-01-01,Iowa,92.4,7.1,34.440000000000005
1948-01-01,Iowa,86.4,6.0,28.520000000000003
1949-01-01,Iowa,86.9,7.3,28.16
1950-01-01,Iowa,80.7,5.1,29.019999999999996
1951-01-01,Iowa,82.1,6.3,41.97
1952-01-01,Iowa,85.6,8.5,29.51
1953-01-01,Iowa,85.6,12.2,25.790000000000003
1954-01-01,Iowa,88.8,5.7,34.18000000000001
1955-01-01,Iowa,90.4,8.9,22.969999999999995
1956-01-01,Iowa,86.8,7.7,24.279999999999998
1957-01-01,Iowa,88.4,3.3,31.52
1958-01-01,Iowa,83.8,5.2,25.330000000000002
1959-01-01,Iowa,85.8,3.2,38.0
1960-01-01,Iowa,83.8,9.9,33.81
1961-01-01,Iowa,83.3,7.6,37.26
1962-01-01,Iowa,82.8,2.8,31.049999999999994
1963-01-01,Iowa,85.2,-0.7,27.139999999999997
1964-01-01,Iowa,87.4,11.5,31.25
1965-01-01,Iowa,83.5,6.6,40.25
1966-01-01,Iowa,87.4,1.7,25.319999999999993
1967-01-01,Iowa,82.5,8.0,30.13
1968-01-01,Iowa,83.6,9.3,32.800000000000004
1969-01-01,Iowa,83.8,5.7,34.78
1970-01-01,Iowa,86.0,0.1,33.519999999999996
1971-01-01,Iowa,85.9,2.9,29.509999999999994
1972-01-01,Iowa,81.9,4.8,37.05
1973-01-01,Iowa,83.8,12.2,42.92
1974-01-01,Iowa,89.6,8.4,31.979999999999997
1975-01-01,Iowa,86.4,10.5,30.07
1976-01-01,Iowa,86.7,5.6,23.6
1977-01-01,Iowa,88.7,-4.4,36.589999999999996
1978-01-01,Iowa,83.1,-1.4,34.14
1979-01-01,Iowa,82.9,-3.9,34.35
1980-01-01,Iowa,88.8,10.3,29.09
1981-01-01,Iowa,83.0,11.4,31.990000000000002
1982-01-01,Iowa,84.8,-2.8,41.44
1983-01-01,Iowa,90.4,-0.1,36.519999999999996
1984-01-01,Iowa,86.0,8.9,36.92
1985-01-01,Iowa,84.9,0.9,31.150000000000002
1986-01-01,Iowa,85.5,12.1,39.900000000000006
1987-01-01,Iowa,87.2,15.8,32.85
1988-01-01,Iowa,88.5,5.6,21.479999999999997
1989-01-01,Iowa,86.2,3.9,24.689999999999994
1990-01-01,Iowa,82.0,10.6,38.910000000000004
1991-01-01,Iowa,84.7,4.0,37.739999999999995
1992-01-01,Iowa,79.8,16.4,36.21
1993-01-01,Iowa,80.9,9.1,47.88
1994-01-01,Iowa,81.4,1.4,29.55
1995-01-01,Iowa,86.3,11.0,32.26
1996-01-01,Iowa,81.2,6.2,33.66
1997-01-01,Iowa,83.7,5.2,29.21
1998-01-01,Iowa,83.9,16.8,39.57
1999-01-01,Iowa,87.3,9.1,32.279999999999994
2000-01-01,Iowa,83.0,1.4,29.729999999999997
2001-01-01,Iowa,85.4,9.2,34.589999999999996
2002-01-01,Iowa,87.4,18.4,29.48
2003-01-01,Iowa,86.4,9.4,28.69
2004-01-01,Iowa,80.5,8.7,35.41
2005-01-01,Iowa,86.0,11.6,29.839999999999996
2006-01-01,Iowa,87.3,14.1,32.4
2007-01-01,Iowa,85.1,7.7,42.41
2008-01-01,Iowa,83.6,7.6,42.92
2009-01-01,Iowa,79.2,3.2,39.15
2010-01-01,Iowa,84.8,6.9,44.04999999999999
2011-01-01,Iowa,87.7,6.6,31.83
2012-01-01,Iowa,92.0,16.7,25.610000000000003
2013-01-01,Iowa,83.4,8.1,34.44
2014-01-01,Iowa,80.3,2.8,38.690000000000005
2015-01-01,Iowa,82.0,4.7,42.529999999999994
2016-01-01,Iowa,84.8,12.4,38.1
2017-01-01,Iowa,85.8,15.1,32.36
2018-01-01,Iowa,83.8,8.7,45.080000000000005
2019-01-01,Iowa,85.2,6.2,41.63
2020-01-01,Iowa,85.9,15.5,29.28
2021-01-01,Iowa,85.7,4.5,31.119999999999997
2022-01-01,Iowa,84.9,-99.9,-19.16
1895-01-01,Kansas,87.8,12.3,26.809999999999995
1896-01-01,Kansas,91.6,21.0,27.619999999999997
1897-01-01,Kansas,93.1,16.7,24.829999999999995
1898-01-01,Kansas,90.7,15.5,31.150000000000002
1899-01-01,Kansas,93.6,7.4,25.560000000000002
1900-01-01,Kansas,93.5,14.8,27.030000000000005
1901-01-01,Kansas,100.0,15.8,20.98
1902-01-01,Kansas,90.4,15.8,33.620000000000005
1903-01-01,Kansas,90.6,15.2,29.82
1904-01-01,Kansas,86.7,14.8,29.65
1905-01-01,Kansas,91.4,9.2,29.1
1906-01-01,Kansas,87.7,21.1,27.27
1907-01-01,Kansas,90.4,20.2,25.28
1908-01-01,Kansas,87.8,21.2,30.62
1909-01-01,Kansas,93.0,12.0,29.84
1910-01-01,Kansas,93.4,16.6,19.060000000000002
1911-01-01,Kansas,94.9,18.8,23.6
1912-01-01,Kansas,92.6,7.7,25.75
1913-01-01,Kansas,99.8,13.1,22.099999999999998
1914-01-01,Kansas,92.4,12.8,22.11
1915-01-01,Kansas,84.6,16.6,39.059999999999995
1916-01-01,Kansas,95.3,13.1,22.880000000000006
1917-01-01,Kansas,95.3,12.8,18.909999999999997
1918-01-01,Kansas,95.5,6.1,27.24
1919-01-01,Kansas,92.6,15.4,25.019999999999996
1920-01-01,Kansas,90.8,19.4,26.139999999999997
1921-01-01,Kansas,91.2,20.8,23.44
1922-01-01,Kansas,93.3,14.7,27.700000000000003
1923-01-01,Kansas,90.9,16.7,31.429999999999996
1924-01-01,Kansas,90.9,11.9,23.560000000000006
1925-01-01,Kansas,92.7,12.3,24.299999999999997
1926-01-01,Kansas,92.7,20.2,24.270000000000003
1927-01-01,Kansas,89.6,12.7,31.389999999999997
1928-01-01,Kansas,88.7,19.9,32.78
1929-01-01,Kansas,91.6,12.8,27.209999999999994
1930-01-01,Kansas,95.1,5.5,26.240000000000002
1931-01-01,Kansas,93.8,21.6,25.17
1932-01-01,Kansas,94.2,15.1,22.97
1933-01-01,Kansas,95.5,14.7,21.32
1934-01-01,Kansas,102.2,21.3,19.1
1935-01-01,Kansas,97.3,20.8,26.85
1936-01-01,Kansas,100.5,8.0,17.84
1937-01-01,Kansas,96.2,9.4,20.29
1938-01-01,Kansas,95.7,20.6,26.299999999999997
1939-01-01,Kansas,97.7,15.3,19.16
1940-01-01,Kansas,95.4,4.2,24.57
1941-01-01,Kansas,91.6,22.8,35.550000000000004
1942-01-01,Kansas,93.2,16.8,32.09
1943-01-01,Kansas,96.2,16.7,23.259999999999998
1944-01-01,Kansas,89.6,20.2,36.09
1945-01-01,Kansas,91.0,14.8,28.820000000000004
1946-01-01,Kansas,95.5,20.8,27.070000000000004
1947-01-01,Kansas,96.0,17.0,26.310000000000002
1948-01-01,Kansas,89.4,15.3,28.820000000000004
1949-01-01,Kansas,90.9,11.7,31.549999999999997
1950-01-01,Kansas,87.7,15.0,26.4
1951-01-01,Kansas,89.4,16.4,40.580000000000005
1952-01-01,Kansas,95.0,20.0,18.53
1953-01-01,Kansas,95.0,22.4,20.59
1954-01-01,Kansas,99.8,16.1,19.52
1955-01-01,Kansas,95.8,16.9,21.89
1956-01-01,Kansas,94.6,16.4,15.34
1957-01-01,Kansas,93.8,13.1,33.82
1958-01-01,Kansas,89.4,19.0,31.799999999999997
1959-01-01,Kansas,92.6,13.6,28.700000000000003
1960-01-01,Kansas,90.5,16.4,27.199999999999996
1961-01-01,Kansas,90.3,15.7,34.78
1962-01-01,Kansas,91.8,12.7,27.830000000000002
1963-01-01,Kansas,94.2,7.8,20.95
1964-01-01,Kansas,96.2,18.4,24.650000000000002
1965-01-01,Kansas,90.8,17.7,32.19
1966-01-01,Kansas,95.0,13.7,17.59
1967-01-01,Kansas,86.7,19.5,29.36
1968-01-01,Kansas,90.4,16.8,26.97
1969-01-01,Kansas,92.6,18.4,30.599999999999994
1970-01-01,Kansas,94.6,14.1,24.1
1971-01-01,Kansas,89.5,15.0,28.169999999999998
1972-01-01,Kansas,87.8,15.2,27.900000000000002
1973-01-01,Kansas,91.4,17.9,40.24999999999999
1974-01-01,Kansas,97.0,14.2,24.439999999999998
1975-01-01,Kansas,92.4,18.7,26.17
1976-01-01,Kansas,92.1,17.3,21.0
1977-01-01,Kansas,93.8,9.4,32.51
1978-01-01,Kansas,95.5,8.9,23.82
1979-01-01,Kansas,89.4,5.4,29.580000000000002
1980-01-01,Kansas,100.8,18.6,21.58
1981-01-01,Kansas,90.5,19.6,29.939999999999998
1982-01-01,Kansas,91.3,12.1,28.57
1983-01-01,Kansas,98.2,7.4,26.419999999999998
1984-01-01,Kansas,94.1,16.0,28.92
1985-01-01,Kansas,92.7,13.0,32.910000000000004
1986-01-01,Kansas,93.3,22.9,31.4
1987-01-01,Kansas,90.3,20.5,32.22
1988-01-01,Kansas,92.7,14.6,19.84
1989-01-01,Kansas,89.3,12.4,26.44
1990-01-01,Kansas,90.2,16.4,27.930000000000007
1991-01-01,Kansas,93.8,15.4,23.15
1992-01-01,Kansas,87.4,20.2,33.79
1993-01-01,Kansas,88.6,16.6,38.47
1994-01-01,Kansas,90.2,17.2,25.000000000000004
1995-01-01,Kansas,92.6,20.0,29.679999999999996
1996-01-01,Kansas,88.6,14.1,30.759999999999998
1997-01-01,Kansas,90.7,16.1,30.290000000000003
1998-01-01,Kansas,90.6,22.6,32.31
1999-01-01,Kansas,92.4,20.6,30.26
2000-01-01,Kansas,97.2,13.7,25.48
2001-01-01,Kansas,95.9,20.1,27.749999999999996
2002-01-01,Kansas,93.8,20.2,22.439999999999998
2003-01-01,Kansas,96.0,19.3,25.11
2004-01-01,Kansas,86.6,18.5,30.91
2005-01-01,Kansas,92.0,19.7,29.6
2006-01-01,Kansas,94.6,19.9,24.729999999999997
2007-01-01,Kansas,93.4,17.3,33.26
2008-01-01,Kansas,91.2,17.6,33.34
2009-01-01,Kansas,88.0,16.3,31.8
2010-01-01,Kansas,93.0,17.6,27.840000000000003
2011-01-01,Kansas,98.7,15.2,24.17
2012-01-01,Kansas,99.1,22.2,19.29
2013-01-01,Kansas,89.7,16.8,29.03
2014-01-01,Kansas,91.4,16.0,25.43
2015-01-01,Kansas,90.8,18.4,32.78
2016-01-01,Kansas,91.4,17.6,30.68
2017-01-01,Kansas,92.7,20.8,29.03
2018-01-01,Kansas,91.1,16.4,31.849999999999994
2019-01-01,Kansas,91.2,18.0,36.03
2020-01-01,Kansas,91.2,23.0,25.849999999999998
2021-01-01,Kansas,91.9,13.2,27.25
2022-01-01,Kansas,94.2,-99.9,-23.020000000000003
1895-01-01,Kentucky,87.3,14.0,39.260000000000005
1896-01-01,Kentucky,87.2,26.0,43.209999999999994
1897-01-01,Kentucky,87.8,20.6,48.28
1898-01-01,Kentucky,88.0,22.6,52.68000000000001
1899-01-01,Kentucky,89.1,15.3,46.699999999999996
1900-01-01,Kentucky,91.6,20.7,44.94
1901-01-01,Kentucky,94.3,21.5,36.92
1902-01-01,Kentucky,90.2,18.8,45.14
1903-01-01,Kentucky,88.5,19.4,41.949999999999996
1904-01-01,Kentucky,86.7,21.1,36.06
1905-01-01,Kentucky,85.8,17.2,47.279999999999994
1906-01-01,Kentucky,87.4,21.5,49.730000000000004
1907-01-01,Kentucky,89.2,24.3,50.77
1908-01-01,Kentucky,87.8,24.2,42.4
1909-01-01,Kentucky,87.8,20.0,51.13999999999999
1910-01-01,Kentucky,85.5,21.0,49.830000000000005
1911-01-01,Kentucky,88.1,29.8,47.88
1912-01-01,Kentucky,86.8,14.8,48.76
1913-01-01,Kentucky,91.4,23.8,47.46
1914-01-01,Kentucky,91.8,20.9,42.02
1915-01-01,Kentucky,86.4,22.8,52.19
1916-01-01,Kentucky,89.2,23.0,46.160000000000004
1917-01-01,Kentucky,85.2,15.5,46.040000000000006
1918-01-01,Kentucky,91.2,10.0,41.86
1919-01-01,Kentucky,90.9,23.4,52.8
1920-01-01,Kentucky,85.8,22.6,49.29
1921-01-01,Kentucky,92.3,28.6,49.209999999999994
1922-01-01,Kentucky,86.9,23.6,46.489999999999995
1923-01-01,Kentucky,87.9,23.9,53.52999999999999
1924-01-01,Kentucky,87.6,19.2,44.72
1925-01-01,Kentucky,89.5,24.0,41.760000000000005
1926-01-01,Kentucky,89.2,23.1,50.63
1927-01-01,Kentucky,87.1,24.9,54.320000000000014
1928-01-01,Kentucky,87.4,23.4,47.82999999999999
1929-01-01,Kentucky,87.9,20.6,49.92
1930-01-01,Kentucky,94.4,23.9,29.0
1931-01-01,Kentucky,91.7,26.8,43.06
1932-01-01,Kentucky,90.0,27.0,50.769999999999996
1933-01-01,Kentucky,90.2,25.6,51.940000000000005
1934-01-01,Kentucky,92.6,19.3,38.85999999999999
1935-01-01,Kentucky,89.5,20.9,58.379999999999995
1936-01-01,Kentucky,93.4,18.8,39.23
1937-01-01,Kentucky,89.0,26.5,50.44
1938-01-01,Kentucky,88.3,25.0,46.98
1939-01-01,Kentucky,89.0,27.7,48.529999999999994
1940-01-01,Kentucky,87.3,10.6,39.59999999999999
1941-01-01,Kentucky,89.0,22.3,34.49
1942-01-01,Kentucky,89.2,20.3,49.11999999999999
1943-01-01,Kentucky,90.4,24.6,38.230000000000004
1944-01-01,Kentucky,91.2,22.8,42.25
1945-01-01,Kentucky,87.0,22.1,51.830000000000005
1946-01-01,Kentucky,87.3,25.4,46.04
1947-01-01,Kentucky,90.0,17.8,42.01000000000001
1948-01-01,Kentucky,87.9,15.8,50.01000000000001
1949-01-01,Kentucky,89.3,28.7,51.2
1950-01-01,Kentucky,83.1,20.8,62.63
1951-01-01,Kentucky,87.7,25.9,55.03999999999999
1952-01-01,Kentucky,92.2,30.2,41.67999999999999
1953-01-01,Kentucky,89.7,25.3,36.510000000000005
1954-01-01,Kentucky,92.3,26.0,41.2
1955-01-01,Kentucky,89.5,23.8,45.31999999999999
1956-01-01,Kentucky,86.9,22.0,50.50999999999999
1957-01-01,Kentucky,87.8,23.3,55.13
1958-01-01,Kentucky,86.0,16.4,44.06999999999999
1959-01-01,Kentucky,87.7,20.9,43.82000000000001
1960-01-01,Kentucky,87.1,19.6,40.900000000000006
1961-01-01,Kentucky,85.1,18.5,51.440000000000005
1962-01-01,Kentucky,87.6,20.7,50.2
1963-01-01,Kentucky,85.0,15.2,34.120000000000005
1964-01-01,Kentucky,86.9,21.9,47.87
1965-01-01,Kentucky,86.5,23.4,41.49
1966-01-01,Kentucky,90.3,18.4,46.66000000000001
1967-01-01,Kentucky,82.8,21.1,48.37
1968-01-01,Kentucky,87.1,17.3,44.209999999999994
1969-01-01,Kentucky,88.6,22.6,42.870000000000005
1970-01-01,Kentucky,86.1,15.8,47.66
1971-01-01,Kentucky,86.0,22.0,44.38000000000001
1972-01-01,Kentucky,85.0,24.3,57.07999999999999
1973-01-01,Kentucky,86.3,24.2,53.25
1974-01-01,Kentucky,86.3,27.2,53.06
1975-01-01,Kentucky,86.8,27.9,56.95000000000001
1976-01-01,Kentucky,84.9,20.2,42.489999999999995
1977-01-01,Kentucky,88.8,8.2,48.52
1978-01-01,Kentucky,87.1,13.7,52.970000000000006
1979-01-01,Kentucky,84.0,16.8,62.580000000000005
1980-01-01,Kentucky,90.6,19.3,37.26
1981-01-01,Kentucky,86.3,18.8,43.92
1982-01-01,Kentucky,86.9,18.4,50.25
1983-01-01,Kentucky,92.1,20.9,47.83
1984-01-01,Kentucky,87.1,19.2,52.69999999999999
1985-01-01,Kentucky,86.3,17.2,44.42
1986-01-01,Kentucky,90.3,21.5,42.58
1987-01-01,Kentucky,88.9,24.6,38.440000000000005
1988-01-01,Kentucky,89.7,21.1,43.550000000000004
1989-01-01,Kentucky,85.4,15.3,57.739999999999995
1990-01-01,Kentucky,86.8,29.6,55.41
1991-01-01,Kentucky,88.2,26.2,46.03000000000001
1992-01-01,Kentucky,85.7,26.4,42.78999999999999
1993-01-01,Kentucky,90.4,23.6,46.87
1994-01-01,Kentucky,86.0,18.6,48.66
1995-01-01,Kentucky,90.4,24.4,47.95
1996-01-01,Kentucky,85.3,23.4,56.75
1997-01-01,Kentucky,87.9,22.6,49.05
1998-01-01,Kentucky,87.2,31.4,49.32000000000001
1999-01-01,Kentucky,90.9,27.7,38.089999999999996
2000-01-01,Kentucky,85.6,18.0,45.290000000000006
2001-01-01,Kentucky,86.6,22.3,45.43
2002-01-01,Kentucky,88.8,27.3,53.51
2003-01-01,Kentucky,86.1,19.8,55.98
2004-01-01,Kentucky,84.4,22.6,55.94
2005-01-01,Kentucky,89.1,24.8,39.8
2006-01-01,Kentucky,87.8,26.2,52.37
2007-01-01,Kentucky,93.9,20.1,41.86000000000001
2008-01-01,Kentucky,86.8,23.8,46.51
2009-01-01,Kentucky,84.7,21.0,54.35
2010-01-01,Kentucky,89.8,21.8,43.53999999999999
2011-01-01,Kentucky,89.9,22.0,64.35
2012-01-01,Kentucky,92.1,28.2,43.21
2013-01-01,Kentucky,83.8,26.6,55.78
2014-01-01,Kentucky,85.5,15.6,47.10999999999999
2015-01-01,Kentucky,86.0,16.0,58.31
2016-01-01,Kentucky,87.8,21.8,49.19
2017-01-01,Kentucky,87.3,26.1,50.260000000000005
2018-01-01,Kentucky,87.2,19.9,63.739999999999995
2019-01-01,Kentucky,88.8,27.0,61.32
2020-01-01,Kentucky,89.2,27.7,58.11
2021-01-01,Kentucky,86.6,24.1,53.4
2022-01-01,Kentucky,88.4,-99.9,-0.33999999999999986
1895-01-01,Louisiana,91.1,31.8,52.010000000000005
1896-01-01,Louisiana,94.7,38.3,46.64
1897-01-01,Louisiana,93.7,37.1,51.93000000000001
1898-01-01,Louisiana,90.4,36.6,64.47
1899-01-01,Louisiana,94.1,33.5,43.48
1900-01-01,Louisiana,91.5,38.5,66.35000000000001
1901-01-01,Louisiana,93.6,36.7,47.55
1902-01-01,Louisiana,94.6,35.1,47.370000000000005
1903-01-01,Louisiana,91.0,34.0,50.27999999999999
1904-01-01,Louisiana,90.5,33.9,42.83
1905-01-01,Louisiana,91.7,32.5,74.32
1906-01-01,Louisiana,92.4,37.3,49.17
1907-01-01,Louisiana,92.7,41.6,56.97
1908-01-01,Louisiana,90.8,38.8,57.830000000000005
1909-01-01,Louisiana,93.2,34.6,51.370000000000005
1910-01-01,Louisiana,92.4,38.2,48.92000000000001
1911-01-01,Louisiana,94.3,42.1,60.169999999999995
1912-01-01,Louisiana,91.9,33.9,60.78000000000001
1913-01-01,Louisiana,91.6,39.8,64.34
1914-01-01,Louisiana,94.3,37.3,51.830000000000005
1915-01-01,Louisiana,92.3,36.0,52.519999999999996
1916-01-01,Louisiana,91.9,40.1,49.31
1917-01-01,Louisiana,93.3,35.9,39.44
1918-01-01,Louisiana,94.5,29.2,52.80999999999999
1919-01-01,Louisiana,92.1,36.9,70.75
1920-01-01,Louisiana,90.7,39.4,63.44
1921-01-01,Louisiana,93.7,44.4,47.32
1922-01-01,Louisiana,91.0,40.9,65.28999999999999
1923-01-01,Louisiana,90.8,42.4,71.85999999999999
1924-01-01,Louisiana,96.6,33.6,36.599999999999994
1925-01-01,Louisiana,93.3,36.4,51.36
1926-01-01,Louisiana,91.7,38.1,64.17999999999999
1927-01-01,Louisiana,92.5,38.8,57.36999999999999
1928-01-01,Louisiana,93.1,37.8,52.83
1929-01-01,Louisiana,93.2,37.8,61.83000000000001
1930-01-01,Louisiana,95.3,37.0,52.239999999999995
1931-01-01,Louisiana,92.8,37.4,52.68
1932-01-01,Louisiana,94.3,39.9,61.38999999999999
1933-01-01,Louisiana,92.4,43.2,54.94
1934-01-01,Louisiana,93.1,39.6,58.37000000000001
1935-01-01,Louisiana,93.2,35.6,56.31
1936-01-01,Louisiana,94.0,36.8,44.06
1937-01-01,Louisiana,92.2,41.9,57.13999999999999
1938-01-01,Louisiana,92.3,39.2,50.459999999999994
1939-01-01,Louisiana,93.2,41.8,50.19
1940-01-01,Louisiana,89.2,26.5,72.68
1941-01-01,Louisiana,93.0,38.6,60.17
1942-01-01,Louisiana,91.1,33.6,56.309999999999995
1943-01-01,Louisiana,95.4,38.7,49.52
1944-01-01,Louisiana,94.2,37.3,62.35
1945-01-01,Louisiana,90.5,36.4,61.63000000000001
1946-01-01,Louisiana,90.6,40.0,73.38
1947-01-01,Louisiana,94.1,32.9,61.25999999999999
1948-01-01,Louisiana,94.8,30.8,54.089999999999996
1949-01-01,Louisiana,91.0,42.9,61.44
1950-01-01,Louisiana,91.2,37.3,59.15
1951-01-01,Louisiana,97.1,38.8,48.279999999999994
1952-01-01,Louisiana,93.7,39.5,48.17
1953-01-01,Louisiana,94.5,38.1,64.08
1954-01-01,Louisiana,95.9,38.7,39.71000000000001
1955-01-01,Louisiana,90.6,39.1,57.0
1956-01-01,Louisiana,93.6,36.6,48.81
1957-01-01,Louisiana,93.0,40.9,67.0
1958-01-01,Louisiana,91.7,34.5,57.66
1959-01-01,Louisiana,91.2,34.9,59.14999999999999
1960-01-01,Louisiana,95.0,36.1,49.18000000000001
1961-01-01,Louisiana,89.4,33.1,71.9
1962-01-01,Louisiana,95.4,34.1,44.43
1963-01-01,Louisiana,93.2,31.4,42.9
1964-01-01,Louisiana,91.9,35.7,57.04
1965-01-01,Louisiana,92.9,39.3,47.45
1966-01-01,Louisiana,93.5,35.7,60.410000000000004
1967-01-01,Louisiana,90.1,37.2,52.50000000000001
1968-01-01,Louisiana,90.8,33.2,58.029999999999994
1969-01-01,Louisiana,93.8,39.1,49.89
1970-01-01,Louisiana,91.1,34.0,51.99999999999999
1971-01-01,Louisiana,91.2,39.5,53.99999999999999
1972-01-01,Louisiana,92.2,39.5,59.10999999999999
1973-01-01,Louisiana,92.2,36.2,72.88
1974-01-01,Louisiana,91.8,40.6,66.67999999999999
1975-01-01,Louisiana,90.4,38.9,66.76
1976-01-01,Louisiana,91.6,34.6,49.510000000000005
1977-01-01,Louisiana,93.4,29.4,59.42
1978-01-01,Louisiana,93.8,31.9,50.77000000000001
1979-01-01,Louisiana,91.1,32.3,71.35
1980-01-01,Louisiana,96.1,37.4,58.38
1981-01-01,Louisiana,93.0,32.9,45.559999999999995
1982-01-01,Louisiana,92.6,37.5,65.42
1983-01-01,Louisiana,92.4,34.6,68.0
1984-01-01,Louisiana,90.6,33.0,58.78999999999999
1985-01-01,Louisiana,92.3,31.9,60.410000000000004
1986-01-01,Louisiana,93.3,37.1,53.019999999999996
1987-01-01,Louisiana,92.9,36.4,60.209999999999994
1988-01-01,Louisiana,91.2,34.4,57.63
1989-01-01,Louisiana,90.5,31.2,64.00000000000001
1990-01-01,Louisiana,93.7,42.3,58.769999999999996
1991-01-01,Louisiana,91.6,39.7,79.47999999999999
1992-01-01,Louisiana,91.2,38.9,66.56
1993-01-01,Louisiana,94.1,40.0,58.940000000000005
1994-01-01,Louisiana,89.7,37.2,59.07000000000001
1995-01-01,Louisiana,94.0,40.5,62.329999999999984
1996-01-01,Louisiana,91.5,37.0,53.08
1997-01-01,Louisiana,92.9,38.6,64.31
1998-01-01,Louisiana,95.8,42.8,62.97999999999999
1999-01-01,Louisiana,96.5,38.6,47.839999999999996
2000-01-01,Louisiana,96.4,33.8,47.8
2001-01-01,Louisiana,91.8,35.7,68.31
2002-01-01,Louisiana,92.0,37.7,64.27
2003-01-01,Louisiana,92.1,34.8,51.95
2004-01-01,Louisiana,90.8,38.3,72.47999999999999
2005-01-01,Louisiana,94.2,37.4,45.57
2006-01-01,Louisiana,94.0,39.8,55.400000000000006
2007-01-01,Louisiana,94.4,39.5,52.42
2008-01-01,Louisiana,93.6,38.4,56.13
2009-01-01,Louisiana,92.4,39.0,64.04
2010-01-01,Louisiana,94.5,35.2,41.76
2011-01-01,Louisiana,98.2,36.7,43.00999999999999
2012-01-01,Louisiana,91.4,43.8,62.88000000000001
2013-01-01,Louisiana,92.0,39.9,61.42999999999999
2014-01-01,Louisiana,90.5,31.0,55.94
2015-01-01,Louisiana,93.9,36.5,67.31
2016-01-01,Louisiana,93.0,38.5,67.08000000000001
2017-01-01,Louisiana,91.4,41.2,64.06
2018-01-01,Louisiana,93.2,33.5,66.39
2019-01-01,Louisiana,93.1,39.9,61.870000000000005
2020-01-01,Louisiana,92.2,39.9,66.96000000000001
2021-01-01,Louisiana,91.8,38.3,66.49
2022-01-01,Louisiana,93.4,-99.9,-1.7200000000000095
1895-01-01,Maine,75.3,-0.1,36.23
1896-01-01,Maine,76.1,0.3,42.0
1897-01-01,Maine,75.7,2.1,43.510000000000005
1898-01-01,Maine,75.8,-2.0,46.099999999999994
1899-01-01,Maine,74.2,-0.1,35.27
1900-01-01,Maine,75.9,1.5,49.88999999999999
1901-01-01,Maine,76.6,0.8,44.849999999999994
1902-01-01,Maine,72.6,1.4,46.919999999999995
1903-01-01,Maine,72.0,1.5,37.209999999999994
1904-01-01,Maine,76.1,-4.8,41.599999999999994
1905-01-01,Maine,76.3,-4.8,33.46
1906-01-01,Maine,76.6,2.1,41.57999999999999
1907-01-01,Maine,73.8,-6.0,45.43000000000001
1908-01-01,Maine,79.3,-0.3,36.300000000000004
1909-01-01,Maine,74.9,1.7,46.16
1910-01-01,Maine,77.3,2.9,35.69
1911-01-01,Maine,80.9,-2.7,35.58
1912-01-01,Maine,76.2,-6.1,46.79
1913-01-01,Maine,76.4,-0.1,40.489999999999995
1914-01-01,Maine,74.5,-7.6,34.7
1915-01-01,Maine,74.3,5.6,38.48
1916-01-01,Maine,77.3,1.5,42.67
1917-01-01,Maine,76.8,-4.2,46.919999999999995
1918-01-01,Maine,75.1,-4.1,44.019999999999996
1919-01-01,Maine,77.8,2.0,38.44
1920-01-01,Maine,77.6,-7.8,48.3
1921-01-01,Maine,82.3,3.5,34.57000000000001
1922-01-01,Maine,76.0,-2.2,39.6
1923-01-01,Maine,73.2,-6.6,39.76
1924-01-01,Maine,77.1,-2.2,35.22
1925-01-01,Maine,75.0,-7.7,43.19
1926-01-01,Maine,75.3,1.9,39.67
1927-01-01,Maine,75.8,3.9,45.6
1928-01-01,Maine,76.4,1.5,41.85
1929-01-01,Maine,76.8,2.1,37.54999999999999
1930-01-01,Maine,76.0,1.9,37.15
1931-01-01,Maine,77.6,1.4,41.83
1932-01-01,Maine,76.4,2.4,41.73
1933-01-01,Maine,74.9,-0.3,42.47
1934-01-01,Maine,77.1,-9.4,40.72
1935-01-01,Maine,78.7,-2.7,39.61
1936-01-01,Maine,73.1,-0.6,50.7
1937-01-01,Maine,80.4,8.4,43.44
1938-01-01,Maine,76.9,1.2,44.71
1939-01-01,Maine,78.3,2.0,37.06999999999999
1940-01-01,Maine,77.4,-0.2,41.54
1941-01-01,Maine,78.8,1.6,32.809999999999995
1942-01-01,Maine,76.2,1.5,41.300000000000004
1943-01-01,Maine,77.5,0.1,43.53
1944-01-01,Maine,80.2,2.0,38.53
1945-01-01,Maine,77.0,-0.7,46.410000000000004
1946-01-01,Maine,76.5,-0.4,37.17
1947-01-01,Maine,79.0,3.2,38.17
1948-01-01,Maine,78.3,-4.9,37.88
1949-01-01,Maine,79.8,5.5,35.099999999999994
1950-01-01,Maine,76.7,0.3,44.519999999999996
1951-01-01,Maine,76.6,7.7,49.75000000000001
1952-01-01,Maine,83.8,4.1,38.580000000000005
1953-01-01,Maine,78.0,9.7,46.550000000000004
1954-01-01,Maine,73.7,0.2,58.550000000000004
1955-01-01,Maine,81.0,3.6,36.269999999999996
1956-01-01,Maine,72.8,5.8,39.42
1957-01-01,Maine,74.6,-6.2,35.94
1958-01-01,Maine,74.1,-0.5,45.48
1959-01-01,Maine,80.6,-1.8,45.85000000000001
1960-01-01,Maine,77.2,5.2,43.959999999999994
1961-01-01,Maine,75.8,-3.6,42.89
1962-01-01,Maine,72.8,-2.3,42.99
1963-01-01,Maine,78.4,-2.8,42.459999999999994
1964-01-01,Maine,76.0,6.0,35.330000000000005
1965-01-01,Maine,74.6,0.9,31.939999999999998
1966-01-01,Maine,76.6,5.7,38.04
1967-01-01,Maine,76.6,-4.1,41.37
1968-01-01,Maine,78.8,-1.8,37.6
1969-01-01,Maine,75.6,6.4,49.66
1970-01-01,Maine,78.7,-2.1,40.78
1971-01-01,Maine,77.4,-4.0,37.62
1972-01-01,Maine,76.0,1.7,48.620000000000005
1973-01-01,Maine,78.6,5.4,53.42
1974-01-01,Maine,76.4,3.9,42.94
1975-01-01,Maine,78.9,4.9,41.39
1976-01-01,Maine,76.0,-2.5,51.040000000000006
1977-01-01,Maine,76.7,-2.1,48.89000000000001
1978-01-01,Maine,77.3,1.1,35.99
1979-01-01,Maine,78.5,1.8,50.379999999999995
1980-01-01,Maine,76.8,1.2,37.38999999999999
1981-01-01,Maine,76.8,-4.3,48.379999999999995
1982-01-01,Maine,77.7,-5.9,37.72
1983-01-01,Maine,77.7,8.1,55.91
1984-01-01,Maine,77.0,0.6,43.53
1985-01-01,Maine,78.1,-0.9,35.53999999999999
1986-01-01,Maine,73.0,4.4,42.529999999999994
1987-01-01,Maine,76.0,2.4,38.04
1988-01-01,Maine,78.1,2.8,38.35
1989-01-01,Maine,77.8,-5.4,41.82
1990-01-01,Maine,77.3,4.3,51.18000000000001
1991-01-01,Maine,77.5,1.6,44.24000000000001
1992-01-01,Maine,73.0,4.3,37.49999999999999
1993-01-01,Maine,77.6,-5.1,43.61
1994-01-01,Maine,79.2,-7.1,41.68000000000001
1995-01-01,Maine,79.0,1.8,42.72
1996-01-01,Maine,75.8,3.3,51.389999999999986
1997-01-01,Maine,77.5,4.2,39.510000000000005
1998-01-01,Maine,77.3,9.7,45.23999999999999
1999-01-01,Maine,79.0,2.9,46.35
2000-01-01,Maine,73.7,4.6,43.15
2001-01-01,Maine,79.7,3.0,29.830000000000005
2002-01-01,Maine,79.3,10.2,40.980000000000004
2003-01-01,Maine,76.2,-0.1,46.019999999999996
2004-01-01,Maine,74.8,-2.0,38.8
2005-01-01,Maine,78.3,1.0,61.58999999999999
2006-01-01,Maine,79.5,10.5,51.650000000000006
2007-01-01,Maine,75.4,1.0,47.629999999999995
2008-01-01,Maine,78.3,8.6,56.02
2009-01-01,Maine,76.8,-3.2,49.46000000000001
2010-01-01,Maine,79.6,12.4,49.31
2011-01-01,Maine,79.1,5.5,50.04
2012-01-01,Maine,79.2,8.9,47.38
2013-01-01,Maine,78.8,5.7,45.61
2014-01-01,Maine,77.9,4.9,49.45
2015-01-01,Maine,77.5,-5.8,43.160000000000004
2016-01-01,Maine,77.9,11.4,41.36
2017-01-01,Maine,76.4,8.2,45.32
2018-01-01,Maine,80.3,5.9,46.45
2019-01-01,Maine,80.4,4.2,49.989999999999995
2020-01-01,Maine,79.2,9.5,40.629999999999995
2021-01-01,Maine,78.5,9.2,39.42
2022-01-01,Maine,80.1,-99.9,-10.210000000000003
1895-01-01,Maryland,86.5,14.5,35.519999999999996
1896-01-01,Maryland,85.2,23.4,36.93
1897-01-01,Maryland,84.2,20.3,44.760000000000005
1898-01-01,Maryland,87.2,23.6,40.93
1899-01-01,Maryland,86.2,17.1,42.28
1900-01-01,Maryland,88.9,21.7,38.0
1901-01-01,Maryland,88.3,18.3,44.589999999999996
1902-01-01,Maryland,86.2,19.6,48.08
1903-01-01,Maryland,85.3,21.2,46.39
1904-01-01,Maryland,83.2,16.6,35.949999999999996
1905-01-01,Maryland,84.0,16.0,44.03999999999999
1906-01-01,Maryland,83.0,22.2,47.75
1907-01-01,Maryland,84.2,18.1,48.010000000000005
1908-01-01,Maryland,86.5,20.7,40.02
1909-01-01,Maryland,83.9,21.8,36.76
1910-01-01,Maryland,85.8,20.2,38.51
1911-01-01,Maryland,87.9,27.0,42.940000000000005
1912-01-01,Maryland,83.8,14.7,43.57
1913-01-01,Maryland,86.5,23.9,38.39
1914-01-01,Maryland,84.5,18.4,35.7
1915-01-01,Maryland,84.6,24.6,43.55
1916-01-01,Maryland,84.4,22.5,40.21
1917-01-01,Maryland,83.6,18.3,41.07999999999999
1918-01-01,Maryland,85.9,12.9,39.58
1919-01-01,Maryland,84.7,20.4,47.900000000000006
1920-01-01,Maryland,83.4,18.9,46.1
1921-01-01,Maryland,87.5,26.1,37.04
1922-01-01,Maryland,84.2,20.8,40.580000000000005
1923-01-01,Maryland,84.9,21.9,40.60999999999999
1924-01-01,Maryland,83.7,22.5,46.629999999999995
1925-01-01,Maryland,87.7,21.4,34.87
1926-01-01,Maryland,85.4,22.4,43.45
1927-01-01,Maryland,84.4,23.5,39.690000000000005
1928-01-01,Maryland,85.9,23.1,44.300000000000004
1929-01-01,Maryland,85.2,22.6,42.12
1930-01-01,Maryland,89.3,24.8,23.28
1931-01-01,Maryland,88.0,25.0,38.97
1932-01-01,Maryland,87.0,27.2,47.13
1933-01-01,Maryland,84.9,25.9,48.58
1934-01-01,Maryland,89.3,11.5,45.74
1935-01-01,Maryland,86.5,21.7,48.04
1936-01-01,Maryland,86.9,16.4,44.56
1937-01-01,Maryland,85.5,25.4,53.06
1938-01-01,Maryland,87.0,24.6,42.04
1939-01-01,Maryland,86.0,25.6,43.7
1940-01-01,Maryland,86.5,12.9,43.24
1941-01-01,Maryland,84.9,21.9,33.19
1942-01-01,Maryland,86.5,22.3,47.980000000000004
1943-01-01,Maryland,88.0,23.5,34.26999999999999
1944-01-01,Maryland,88.0,23.4,43.239999999999995
1945-01-01,Maryland,83.4,20.2,51.45
1946-01-01,Maryland,84.9,25.2,37.54
1947-01-01,Maryland,85.9,19.1,38.52
1948-01-01,Maryland,85.1,17.8,55.18000000000001
1949-01-01,Maryland,88.1,28.3,41.10000000000001
1950-01-01,Maryland,83.4,23.5,42.38999999999999
1951-01-01,Maryland,86.4,25.2,42.82
1952-01-01,Maryland,88.6,28.4,50.49
1953-01-01,Maryland,88.4,29.0,43.16000000000001
1954-01-01,Maryland,87.8,23.4,35.18
1955-01-01,Maryland,89.7,21.6,41.93000000000001
1956-01-01,Maryland,83.4,23.5,44.4
1957-01-01,Maryland,87.6,21.3,39.12
1958-01-01,Maryland,85.9,19.3,48.57
1959-01-01,Maryland,86.2,21.0,40.269999999999996
1960-01-01,Maryland,84.8,17.6,43.7
1961-01-01,Maryland,85.4,17.1,43.059999999999995
1962-01-01,Maryland,84.3,21.7,39.26
1963-01-01,Maryland,86.3,17.0,36.269999999999996
1964-01-01,Maryland,85.4,23.3,36.919999999999995
1965-01-01,Maryland,84.7,21.2,31.300000000000004
1966-01-01,Maryland,88.8,21.2,37.54
1967-01-01,Maryland,83.0,20.3,41.52000000000001
1968-01-01,Maryland,86.5,18.4,36.49
1969-01-01,Maryland,84.8,22.2,40.83
1970-01-01,Maryland,85.1,16.7,40.599999999999994
1971-01-01,Maryland,84.6,19.7,49.839999999999996
1972-01-01,Maryland,83.8,23.0,55.91
1973-01-01,Maryland,85.5,23.2,44.21
1974-01-01,Maryland,85.5,23.9,40.129999999999995
1975-01-01,Maryland,85.8,27.4,53.760000000000005
1976-01-01,Maryland,83.6,20.9,40.53
1977-01-01,Maryland,87.8,12.4,39.67
1978-01-01,Maryland,85.3,15.7,44.74
1979-01-01,Maryland,82.8,14.8,56.949999999999996
1980-01-01,Maryland,87.5,20.8,36.709999999999994
1981-01-01,Maryland,84.9,17.9,36.54
1982-01-01,Maryland,85.5,16.5,39.7
1983-01-01,Maryland,88.5,24.8,51.370000000000005
1984-01-01,Maryland,83.8,19.3,45.49999999999999
1985-01-01,Maryland,85.3,19.8,40.690000000000005
1986-01-01,Maryland,88.1,22.8,36.55
1987-01-01,Maryland,89.3,23.4,38.51
1988-01-01,Maryland,89.4,18.4,37.86
1989-01-01,Maryland,84.3,16.0,51.18
1990-01-01,Maryland,86.1,30.9,46.27000000000001
1991-01-01,Maryland,87.7,25.4,35.790000000000006
1992-01-01,Maryland,84.8,25.9,42.32
1993-01-01,Maryland,89.1,22.0,45.72
1994-01-01,Maryland,87.1,17.7,45.83
1995-01-01,Maryland,87.9,22.4,39.53000000000001
1996-01-01,Maryland,82.9,22.2,58.970000000000006
1997-01-01,Maryland,86.9,24.3,38.769999999999996
1998-01-01,Maryland,86.2,32.1,42.46000000000001
1999-01-01,Maryland,90.2,26.2,44.269999999999996
2000-01-01,Maryland,82.4,20.5,43.92
2001-01-01,Maryland,85.8,23.7,36.02
2002-01-01,Maryland,88.6,25.8,41.47
2003-01-01,Maryland,85.1,21.0,60.74
2004-01-01,Maryland,84.5,19.9,46.59
2005-01-01,Maryland,87.1,25.4,44.029999999999994
2006-01-01,Maryland,87.5,26.6,44.96999999999999
2007-01-01,Maryland,86.7,19.8,36.05
2008-01-01,Maryland,86.8,26.7,45.0
2009-01-01,Maryland,85.9,21.2,51.27
2010-01-01,Maryland,90.5,23.4,40.89
2011-01-01,Maryland,90.6,22.0,51.11
2012-01-01,Maryland,90.1,27.8,40.4
2013-01-01,Maryland,86.5,26.5,46.04
2014-01-01,Maryland,84.8,17.5,44.760000000000005
2015-01-01,Maryland,85.2,15.3,46.86
2016-01-01,Maryland,88.1,22.5,41.660000000000004
2017-01-01,Maryland,87.0,26.6,41.21
2018-01-01,Maryland,86.2,21.2,64.62
2019-01-01,Maryland,89.1,25.4,42.7
2020-01-01,Maryland,90.5,29.9,52.84
2021-01-01,Maryland,87.3,27.2,41.58
2022-01-01,Maryland,87.5,-99.9,-9.949999999999998
1895-01-01,Massachusetts,78.4,7.2,42.85000000000001
1896-01-01,Massachusetts,79.6,12.2,41.92000000000001
1897-01-01,Massachusetts,79.3,14.9,49.720000000000006
1898-01-01,Massachusetts,80.4,14.5,53.89000000000001
1899-01-01,Massachusetts,79.8,13.2,40.5
1900-01-01,Massachusetts,81.8,14.6,47.730000000000004
1901-01-01,Massachusetts,81.9,9.7,51.370000000000005
1902-01-01,Massachusetts,75.3,12.8,46.15
1903-01-01,Massachusetts,79.4,13.5,45.19999999999999
1904-01-01,Massachusetts,79.0,6.0,41.71
1905-01-01,Massachusetts,80.7,7.3,39.68
1906-01-01,Massachusetts,79.8,13.8,44.58
1907-01-01,Massachusetts,80.7,6.2,44.690000000000005
1908-01-01,Massachusetts,82.8,10.7,37.13000000000001
1909-01-01,Massachusetts,79.1,16.8,41.83999999999999
1910-01-01,Massachusetts,82.7,12.8,36.69
1911-01-01,Massachusetts,84.3,13.1,41.96
1912-01-01,Massachusetts,81.2,6.4,41.379999999999995
1913-01-01,Massachusetts,82.2,12.7,41.220000000000006
1914-01-01,Massachusetts,76.7,7.8,36.36
1915-01-01,Massachusetts,77.4,18.6,44.69
1916-01-01,Massachusetts,79.4,11.4,42.68
1917-01-01,Massachusetts,80.4,9.5,39.769999999999996
1918-01-01,Massachusetts,79.4,5.7,38.98
1919-01-01,Massachusetts,81.0,14.1,46.37
1920-01-01,Massachusetts,79.2,6.0,52.519999999999996
1921-01-01,Massachusetts,81.4,16.0,43.21
1922-01-01,Massachusetts,78.8,10.8,45.74
1923-01-01,Massachusetts,78.0,6.9,42.84
1924-01-01,Massachusetts,81.3,10.3,37.01
1925-01-01,Massachusetts,79.4,10.7,43.29
1926-01-01,Massachusetts,80.1,12.6,40.2
1927-01-01,Massachusetts,78.9,15.0,48.88
1928-01-01,Massachusetts,80.2,14.9,42.68
1929-01-01,Massachusetts,81.8,14.1,41.1
1930-01-01,Massachusetts,80.9,17.1,33.879999999999995
1931-01-01,Massachusetts,81.5,14.0,43.43000000000001
1932-01-01,Massachusetts,80.3,17.2,45.65
1933-01-01,Massachusetts,80.6,13.9,48.97
1934-01-01,Massachusetts,82.6,0.7,45.169999999999995
1935-01-01,Massachusetts,81.7,9.4,39.11
1936-01-01,Massachusetts,80.7,8.4,51.18
1937-01-01,Massachusetts,82.0,19.0,49.14999999999999
1938-01-01,Massachusetts,81.4,12.5,54.78999999999999
1939-01-01,Massachusetts,81.7,15.1,38.04
1940-01-01,Massachusetts,80.3,8.8,43.64000000000001
1941-01-01,Massachusetts,80.2,12.7,33.03
1942-01-01,Massachusetts,79.3,13.4,47.370000000000005
1943-01-01,Massachusetts,81.7,13.0,38.870000000000005
1944-01-01,Massachusetts,83.1,14.7,41.43000000000001
1945-01-01,Massachusetts,79.2,8.7,50.85999999999999
1946-01-01,Massachusetts,80.2,11.9,40.650000000000006
1947-01-01,Massachusetts,81.0,15.1,41.419999999999995
1948-01-01,Massachusetts,82.1,8.4,45.61000000000001
1949-01-01,Massachusetts,85.3,20.2,35.809999999999995
1950-01-01,Massachusetts,80.9,14.6,41.540000000000006
1951-01-01,Massachusetts,80.8,19.5,49.19
1952-01-01,Massachusetts,85.6,19.4,43.29999999999999
1953-01-01,Massachusetts,81.3,21.5,53.63999999999999
1954-01-01,Massachusetts,79.4,12.7,52.449999999999996
1955-01-01,Massachusetts,85.6,13.6,51.72
1956-01-01,Massachusetts,78.9,19.6,45.11000000000001
1957-01-01,Massachusetts,81.7,7.6,33.94
1958-01-01,Massachusetts,79.1,11.3,48.82000000000001
1959-01-01,Massachusetts,81.4,11.6,48.78999999999999
1960-01-01,Massachusetts,79.5,12.4,46.949999999999996
1961-01-01,Massachusetts,79.7,7.5,43.650000000000006
1962-01-01,Massachusetts,77.9,12.4,43.52
1963-01-01,Massachusetts,82.0,9.4,37.699999999999996
1964-01-01,Massachusetts,80.0,13.5,34.660000000000004
1965-01-01,Massachusetts,80.3,12.0,29.369999999999997
1966-01-01,Massachusetts,83.3,15.4,37.65
1967-01-01,Massachusetts,79.7,11.3,46.489999999999995
1968-01-01,Massachusetts,82.5,9.6,43.940000000000005
1969-01-01,Massachusetts,81.4,15.5,49.32000000000001
1970-01-01,Massachusetts,81.4,5.9,41.54
1971-01-01,Massachusetts,81.5,7.6,40.56
1972-01-01,Massachusetts,80.4,13.4,59.49
1973-01-01,Massachusetts,81.8,16.1,52.00000000000001
1974-01-01,Massachusetts,80.8,14.3,44.73
1975-01-01,Massachusetts,82.2,17.3,55.74999999999999
1976-01-01,Massachusetts,79.6,9.4,42.45
1977-01-01,Massachusetts,81.3,6.3,54.08
1978-01-01,Massachusetts,80.0,8.4,42.2
1979-01-01,Massachusetts,82.2,9.0,54.45
1980-01-01,Massachusetts,82.5,12.7,35.529999999999994
1981-01-01,Massachusetts,81.5,5.6,43.16
1982-01-01,Massachusetts,81.9,6.3,45.709999999999994
1983-01-01,Massachusetts,83.6,17.6,59.42
1984-01-01,Massachusetts,80.8,12.0,49.9
1985-01-01,Massachusetts,81.6,11.0,40.550000000000004
1986-01-01,Massachusetts,78.3,16.5,48.400000000000006
1987-01-01,Massachusetts,81.4,13.8,45.269999999999996
1988-01-01,Massachusetts,82.3,11.2,42.309999999999995
1989-01-01,Massachusetts,80.3,6.2,50.38000000000001
1990-01-01,Massachusetts,80.5,19.4,52.01
1991-01-01,Massachusetts,81.3,15.3,48.23
1992-01-01,Massachusetts,77.4,17.2,44.790000000000006
1993-01-01,Massachusetts,82.7,10.5,44.449999999999996
1994-01-01,Massachusetts,84.0,6.5,47.809999999999995
1995-01-01,Massachusetts,83.2,14.3,41.49
1996-01-01,Massachusetts,79.3,15.3,60.60999999999999
1997-01-01,Massachusetts,81.4,16.8,41.120000000000005
1998-01-01,Massachusetts,81.1,23.8,50.160000000000004
1999-01-01,Massachusetts,84.4,15.8,46.04
2000-01-01,Massachusetts,77.0,13.6,50.19
2001-01-01,Massachusetts,82.4,14.8,39.98
2002-01-01,Massachusetts,83.0,19.9,47.230000000000004
2003-01-01,Massachusetts,81.4,10.2,53.290000000000006
2004-01-01,Massachusetts,78.5,9.4,46.5
2005-01-01,Massachusetts,82.5,14.1,57.01
2006-01-01,Massachusetts,83.3,19.2,53.70000000000001
2007-01-01,Massachusetts,80.8,13.7,45.49
2008-01-01,Massachusetts,82.4,18.9,59.70000000000001
2009-01-01,Massachusetts,80.8,10.3,51.71
2010-01-01,Massachusetts,85.3,17.8,49.63000000000001
2011-01-01,Massachusetts,84.0,13.1,60.83
2012-01-01,Massachusetts,84.2,21.8,41.78
2013-01-01,Massachusetts,84.2,18.7,46.38999999999999
2014-01-01,Massachusetts,81.4,13.8,50.099999999999994
2015-01-01,Massachusetts,82.1,3.1,41.39
2016-01-01,Massachusetts,84.3,20.2,36.83
2017-01-01,Massachusetts,80.0,19.2,46.81999999999999
2018-01-01,Massachusetts,84.3,15.4,61.03000000000001
2019-01-01,Massachusetts,84.8,17.1,52.74
2020-01-01,Massachusetts,84.6,23.7,42.4
2021-01-01,Massachusetts,81.5,20.0,54.74999999999999
2022-01-01,Massachusetts,85.0,-99.9,-15.5
1895-01-01,Michigan,80.6,1.6,24.77
1896-01-01,Michigan,78.7,10.6,32.28
1897-01-01,Michigan,82.1,10.1,31.599999999999994
1898-01-01,Michigan,82.1,10.8,31.710000000000004
1899-01-01,Michigan,80.3,-0.2,30.560000000000006
1900-01-01,Michigan,82.8,3.0,32.54
1901-01-01,Michigan,83.3,2.6,27.859999999999996
1902-01-01,Michigan,79.7,7.6,31.86
1903-01-01,Michigan,78.5,8.9,32.6
1904-01-01,Michigan,77.4,-5.0,29.759999999999998
1905-01-01,Michigan,77.3,1.6,32.35
1906-01-01,Michigan,79.6,7.6,31.230000000000004
1907-01-01,Michigan,77.8,5.0,29.240000000000002
1908-01-01,Michigan,80.5,7.8,28.77
1909-01-01,Michigan,79.2,12.6,31.68
1910-01-01,Michigan,82.6,5.8,24.779999999999998
1911-01-01,Michigan,81.7,10.8,32.88
1912-01-01,Michigan,78.3,-4.0,31.790000000000003
1913-01-01,Michigan,79.7,4.6,27.669999999999995
1914-01-01,Michigan,81.1,-0.5,28.95
1915-01-01,Michigan,75.8,8.4,29.619999999999997
1916-01-01,Michigan,86.5,6.3,32.85
1917-01-01,Michigan,78.6,-0.8,26.340000000000003
1918-01-01,Michigan,80.7,-1.8,28.64
1919-01-01,Michigan,82.8,7.8,29.769999999999996
1920-01-01,Michigan,76.5,0.6,28.83
1921-01-01,Michigan,87.2,15.4,31.549999999999997
1922-01-01,Michigan,78.4,7.1,31.29
1923-01-01,Michigan,80.7,2.9,27.95
1924-01-01,Michigan,76.4,4.6,28.62
1925-01-01,Michigan,79.7,6.2,25.52
1926-01-01,Michigan,80.0,10.9,32.71
1927-01-01,Michigan,78.2,8.0,31.6
1928-01-01,Michigan,79.2,10.0,33.19
1929-01-01,Michigan,80.6,3.2,31.67
1930-01-01,Michigan,81.7,6.7,22.68
1931-01-01,Michigan,84.4,15.3,29.76
1932-01-01,Michigan,80.0,15.2,32.79
1933-01-01,Michigan,83.6,8.5,29.36
1934-01-01,Michigan,83.7,-1.1,26.090000000000003
1935-01-01,Michigan,83.6,9.9,28.42
1936-01-01,Michigan,86.1,-2.8,26.84
1937-01-01,Michigan,82.7,11.0,30.53
1938-01-01,Michigan,81.0,9.2,32.440000000000005
1939-01-01,Michigan,81.9,8.1,30.169999999999998
1940-01-01,Michigan,81.5,7.3,32.05
1941-01-01,Michigan,82.5,11.1,32.01
1942-01-01,Michigan,79.5,9.8,34.81
1943-01-01,Michigan,81.4,6.9,31.460000000000004
1944-01-01,Michigan,81.6,13.3,28.400000000000002
1945-01-01,Michigan,78.0,5.2,35.28000000000001
1946-01-01,Michigan,81.4,9.1,27.380000000000003
1947-01-01,Michigan,85.5,8.2,32.52
1948-01-01,Michigan,81.0,3.6,28.09
1949-01-01,Michigan,82.4,13.5,32.35
1950-01-01,Michigan,77.5,10.6,35.0
1951-01-01,Michigan,79.0,11.2,37.26
1952-01-01,Michigan,82.0,13.7,29.950000000000003
1953-01-01,Michigan,81.3,15.7,29.849999999999998
1954-01-01,Michigan,79.4,9.6,35.57
1955-01-01,Michigan,86.5,11.2,28.14
1956-01-01,Michigan,77.8,10.9,28.529999999999994
1957-01-01,Michigan,80.6,5.7,31.619999999999997
1958-01-01,Michigan,78.4,7.0,25.820000000000004
1959-01-01,Michigan,81.4,4.8,36.47
1960-01-01,Michigan,78.7,8.7,31.469999999999995
1961-01-01,Michigan,79.2,7.5,30.880000000000003
1962-01-01,Michigan,78.1,6.3,26.81
1963-01-01,Michigan,81.5,1.0,24.53
1964-01-01,Michigan,81.9,12.2,29.289999999999996
1965-01-01,Michigan,77.5,8.9,34.43
1966-01-01,Michigan,84.0,5.8,29.47
1967-01-01,Michigan,77.1,4.6,33.769999999999996
1968-01-01,Michigan,78.8,6.8,34.81
1969-01-01,Michigan,81.6,12.2,30.83
1970-01-01,Michigan,80.6,4.7,32.68
1971-01-01,Michigan,79.9,6.6,29.799999999999997
1972-01-01,Michigan,78.3,7.2,34.370000000000005
1973-01-01,Michigan,80.0,10.7,33.18
1974-01-01,Michigan,81.3,6.2,32.51
1975-01-01,Michigan,81.2,14.5,36.64
1976-01-01,Michigan,80.6,5.8,27.919999999999998
1977-01-01,Michigan,82.1,0.6,33.910000000000004
1978-01-01,Michigan,78.4,1.6,30.959999999999997
1979-01-01,Michigan,79.5,0.3,32.42
1980-01-01,Michigan,80.1,8.4,31.590000000000003
1981-01-01,Michigan,79.9,6.6,32.12
1982-01-01,Michigan,80.2,1.8,34.47
1983-01-01,Michigan,84.3,8.8,34.870000000000005
1984-01-01,Michigan,80.6,4.8,31.96
1985-01-01,Michigan,79.3,8.5,39.22
1986-01-01,Michigan,80.5,10.7,34.8
1987-01-01,Michigan,83.1,15.4,30.439999999999998
1988-01-01,Michigan,85.2,7.4,32.349999999999994
1989-01-01,Michigan,82.0,5.4,27.569999999999993
1990-01-01,Michigan,78.5,13.9,36.19
1991-01-01,Michigan,80.0,9.5,35.5
1992-01-01,Michigan,73.7,16.5,33.36
1993-01-01,Michigan,79.8,8.2,32.44
1994-01-01,Michigan,78.2,0.4,32.39
1995-01-01,Michigan,81.2,10.5,31.83
1996-01-01,Michigan,79.2,7.2,34.0
1997-01-01,Michigan,79.2,9.6,29.929999999999996
1998-01-01,Michigan,81.2,18.7,29.560000000000002
1999-01-01,Michigan,82.9,9.7,31.400000000000002
2000-01-01,Michigan,77.4,8.2,33.019999999999996
2001-01-01,Michigan,81.0,14.1,35.169999999999995
2002-01-01,Michigan,84.5,17.8,30.9
2003-01-01,Michigan,80.3,6.8,31.08
2004-01-01,Michigan,77.6,6.7,35.35
2005-01-01,Michigan,82.6,10.0,29.89
2006-01-01,Michigan,83.0,14.4,35.85
2007-01-01,Michigan,80.3,7.1,30.66
2008-01-01,Michigan,79.5,9.1,36.849999999999994
2009-01-01,Michigan,75.8,3.5,33.870000000000005
2010-01-01,Michigan,82.4,15.1,31.22
2011-01-01,Michigan,84.6,9.6,36.81999999999999
2012-01-01,Michigan,86.0,17.4,31.0
2013-01-01,Michigan,79.8,12.2,38.23
2014-01-01,Michigan,76.7,3.3,36.660000000000004
2015-01-01,Michigan,79.7,-2.6,31.739999999999995
2016-01-01,Michigan,81.7,15.8,35.86
2017-01-01,Michigan,79.7,13.8,39.27
2018-01-01,Michigan,82.5,12.1,36.169999999999995
2019-01-01,Michigan,82.5,9.1,41.830000000000005
2020-01-01,Michigan,84.0,15.6,35.309999999999995
2021-01-01,Michigan,81.9,8.1,32.910000000000004
2022-01-01,Michigan,80.8,-99.9,-17.25
1895-01-01,Minnesota,78.9,-11.2,22.669999999999998
1896-01-01,Minnesota,80.1,-2.1,30.840000000000003
1897-01-01,Minnesota,81.5,-7.3,27.299999999999997
1898-01-01,Minnesota,80.6,-2.7,23.91
1899-01-01,Minnesota,81.1,-10.0,29.480000000000004
1900-01-01,Minnesota,82.9,-9.4,27.65
1901-01-01,Minnesota,84.0,-4.4,24.49
1902-01-01,Minnesota,80.4,0.3,27.17
1903-01-01,Minnesota,77.4,-4.9,31.139999999999997
1904-01-01,Minnesota,76.0,-12.9,24.919999999999998
1905-01-01,Minnesota,78.6,-10.2,32.32
1906-01-01,Minnesota,78.8,-2.5,29.540000000000003
1907-01-01,Minnesota,78.9,-11.3,22.729999999999997
1908-01-01,Minnesota,80.1,1.8,27.949999999999996
1909-01-01,Minnesota,80.5,-3.5,28.67
1910-01-01,Minnesota,83.3,-6.9,15.080000000000002
1911-01-01,Minnesota,81.3,-9.8,27.560000000000002
1912-01-01,Minnesota,78.9,-19.8,22.25
1913-01-01,Minnesota,79.7,-7.3,25.810000000000002
1914-01-01,Minnesota,83.7,-12.0,27.479999999999993
1915-01-01,Minnesota,75.9,-4.2,27.979999999999997
1916-01-01,Minnesota,85.8,-10.6,28.229999999999997
1917-01-01,Minnesota,81.6,-12.4,19.98
1918-01-01,Minnesota,79.1,-11.8,24.100000000000005
1919-01-01,Minnesota,82.2,-3.8,27.31
1920-01-01,Minnesota,79.3,-8.6,25.45
1921-01-01,Minnesota,85.4,5.2,23.01
1922-01-01,Minnesota,81.9,-6.3,23.119999999999997
1923-01-01,Minnesota,83.7,-8.0,20.21
1924-01-01,Minnesota,78.3,-11.2,24.54
1925-01-01,Minnesota,81.3,-3.9,23.58
1926-01-01,Minnesota,81.4,-1.2,24.88
1927-01-01,Minnesota,77.3,-7.9,24.36
1928-01-01,Minnesota,79.3,0.7,25.939999999999994
1929-01-01,Minnesota,82.6,-16.0,20.520000000000003
1930-01-01,Minnesota,83.9,-11.7,22.319999999999997
1931-01-01,Minnesota,84.2,8.5,22.95
1932-01-01,Minnesota,82.6,0.1,22.06
1933-01-01,Minnesota,85.7,-4.8,20.94
1934-01-01,Minnesota,83.4,0.3,20.46
1935-01-01,Minnesota,85.5,-7.7,25.930000000000003
1936-01-01,Minnesota,90.6,-18.4,18.630000000000003
1937-01-01,Minnesota,84.0,-15.2,26.12
1938-01-01,Minnesota,82.8,-3.4,27.270000000000003
1939-01-01,Minnesota,83.2,-9.9,21.75
1940-01-01,Minnesota,83.1,-7.1,25.1
1941-01-01,Minnesota,82.6,-0.1,29.169999999999998
1942-01-01,Minnesota,78.6,-0.2,28.200000000000003
1943-01-01,Minnesota,83.2,-9.6,26.88
1944-01-01,Minnesota,78.6,1.2,30.029999999999998
1945-01-01,Minnesota,77.9,-0.1,26.95
1946-01-01,Minnesota,80.6,-2.1,28.14
1947-01-01,Minnesota,84.0,-2.2,25.38
1948-01-01,Minnesota,81.5,-8.1,22.849999999999998
1949-01-01,Minnesota,81.6,-5.8,26.58
1950-01-01,Minnesota,77.4,-13.1,26.049999999999997
1951-01-01,Minnesota,79.1,-7.4,30.52
1952-01-01,Minnesota,80.5,-5.7,22.459999999999997
1953-01-01,Minnesota,80.1,1.5,30.080000000000002
1954-01-01,Minnesota,81.2,-9.1,24.720000000000002
1955-01-01,Minnesota,84.4,-3.8,24.959999999999997
1956-01-01,Minnesota,80.3,-4.2,24.029999999999998
1957-01-01,Minnesota,83.5,-9.3,29.31
1958-01-01,Minnesota,79.5,-2.4,20.549999999999997
1959-01-01,Minnesota,82.0,-8.0,26.07
1960-01-01,Minnesota,81.6,-0.2,24.099999999999998
1961-01-01,Minnesota,82.6,-3.4,23.04
1962-01-01,Minnesota,78.7,-6.8,28.21
1963-01-01,Minnesota,81.6,-9.3,24.080000000000002
1964-01-01,Minnesota,83.9,-1.8,26.65
1965-01-01,Minnesota,78.1,-8.6,33.24
1966-01-01,Minnesota,83.9,-14.0,24.67
1967-01-01,Minnesota,79.2,-9.0,21.48
1968-01-01,Minnesota,78.5,-2.2,33.45
1969-01-01,Minnesota,82.8,-6.2,25.689999999999998
1970-01-01,Minnesota,83.5,-8.9,27.430000000000003
1971-01-01,Minnesota,79.0,-10.1,29.070000000000004
1972-01-01,Minnesota,77.8,-10.0,27.72
1973-01-01,Minnesota,80.3,2.6,28.140000000000004
1974-01-01,Minnesota,84.6,-4.9,23.53
1975-01-01,Minnesota,84.0,0.4,27.979999999999997
1976-01-01,Minnesota,84.1,-5.8,15.870000000000001
1977-01-01,Minnesota,82.2,-13.2,33.93
1978-01-01,Minnesota,79.0,-8.9,25.93
1979-01-01,Minnesota,79.9,-13.8,28.39
1980-01-01,Minnesota,83.3,-1.0,22.070000000000004
1981-01-01,Minnesota,80.3,1.5,28.05
1982-01-01,Minnesota,81.0,-16.0,29.819999999999997
1983-01-01,Minnesota,84.3,-9.9,29.129999999999995
1984-01-01,Minnesota,82.2,-1.8,28.01
1985-01-01,Minnesota,80.1,-7.0,30.689999999999998
1986-01-01,Minnesota,80.2,2.2,31.450000000000003
1987-01-01,Minnesota,82.6,6.9,22.090000000000003
1988-01-01,Minnesota,86.3,-6.2,22.410000000000004
1989-01-01,Minnesota,84.1,-8.3,22.47
1990-01-01,Minnesota,79.2,1.1,26.36
1991-01-01,Minnesota,80.8,-4.9,32.2
1992-01-01,Minnesota,73.5,5.3,25.47
1993-01-01,Minnesota,77.0,-2.5,31.44
1994-01-01,Minnesota,77.0,-12.2,28.23
1995-01-01,Minnesota,80.2,1.7,29.51
1996-01-01,Minnesota,79.3,-10.2,27.769999999999996
1997-01-01,Minnesota,79.4,-4.7,25.2
1998-01-01,Minnesota,80.3,6.6,28.83
1999-01-01,Minnesota,82.4,-1.2,29.669999999999998
2000-01-01,Minnesota,79.4,-6.4,27.98
2001-01-01,Minnesota,81.9,-4.4,29.28
2002-01-01,Minnesota,83.3,9.3,28.590000000000007
2003-01-01,Minnesota,82.5,-1.3,22.2
2004-01-01,Minnesota,77.8,-4.3,29.869999999999994
2005-01-01,Minnesota,81.9,-1.8,31.6
2006-01-01,Minnesota,85.9,1.9,22.78
2007-01-01,Minnesota,82.6,-1.6,29.21
2008-01-01,Minnesota,80.1,-3.4,27.34
2009-01-01,Minnesota,75.1,-9.2,26.389999999999997
2010-01-01,Minnesota,81.3,0.5,33.44
2011-01-01,Minnesota,83.6,-3.8,24.349999999999998
2012-01-01,Minnesota,86.0,8.6,26.169999999999998
2013-01-01,Minnesota,79.9,-4.3,29.009999999999998
2014-01-01,Minnesota,77.4,-9.0,29.12
2015-01-01,Minnesota,80.5,-4.8,29.46
2016-01-01,Minnesota,79.8,4.9,33.54
2017-01-01,Minnesota,80.9,5.2,28.3
2018-01-01,Minnesota,80.6,-3.1,30.08
2019-01-01,Minnesota,81.1,-4.7,35.660000000000004
2020-01-01,Minnesota,82.6,2.2,24.4
2021-01-01,Minnesota,83.4,-2.6,23.669999999999998
2022-01-01,Minnesota,80.6,-99.9,-18.93
1895-01-01,Mississippi,90.4,27.3,49.39999999999999
1896-01-01,Mississippi,94.5,34.6,46.27999999999999
1897-01-01,Mississippi,93.7,31.7,47.95
1898-01-01,Mississippi,91.9,31.7,53.89
1899-01-01,Mississippi,93.5,27.1,43.779999999999994
1900-01-01,Mississippi,92.8,33.2,65.64
1901-01-01,Mississippi,95.6,31.2,50.239999999999995
1902-01-01,Mississippi,94.9,31.1,49.79
1903-01-01,Mississippi,92.2,29.4,46.97
1904-01-01,Mississippi,90.8,30.0,41.550000000000004
1905-01-01,Mississippi,91.2,28.6,61.72
1906-01-01,Mississippi,92.3,32.2,54.96
1907-01-01,Mississippi,93.7,36.7,54.35000000000001
1908-01-01,Mississippi,91.4,33.7,55.11
1909-01-01,Mississippi,93.4,29.5,58.019999999999996
1910-01-01,Mississippi,92.3,33.0,46.34
1911-01-01,Mississippi,94.1,37.3,59.510000000000005
1912-01-01,Mississippi,90.8,28.5,65.59
1913-01-01,Mississippi,93.6,35.3,57.56
1914-01-01,Mississippi,96.4,33.1,46.989999999999995
1915-01-01,Mississippi,92.4,32.1,54.71
1916-01-01,Mississippi,91.6,34.3,51.53
1917-01-01,Mississippi,92.4,29.6,45.2
1918-01-01,Mississippi,93.4,24.2,49.75
1919-01-01,Mississippi,92.0,32.1,68.60000000000001
1920-01-01,Mississippi,90.5,35.2,61.89
1921-01-01,Mississippi,93.7,39.0,48.68
1922-01-01,Mississippi,91.6,36.7,59.459999999999994
1923-01-01,Mississippi,90.0,35.9,70.80999999999999
1924-01-01,Mississippi,96.1,28.8,40.269999999999996
1925-01-01,Mississippi,95.9,32.4,48.15
1926-01-01,Mississippi,92.5,33.7,56.760000000000005
1927-01-01,Mississippi,93.6,34.2,55.400000000000006
1928-01-01,Mississippi,93.5,33.6,51.949999999999996
1929-01-01,Mississippi,92.6,33.3,61.35
1930-01-01,Mississippi,97.7,33.2,46.92
1931-01-01,Mississippi,92.7,33.2,51.46000000000001
1932-01-01,Mississippi,94.3,36.6,66.89
1933-01-01,Mississippi,92.3,38.2,50.92
1934-01-01,Mississippi,93.5,33.2,53.870000000000005
1935-01-01,Mississippi,94.4,30.0,52.46000000000001
1936-01-01,Mississippi,94.7,31.7,45.24
1937-01-01,Mississippi,92.7,36.4,55.06
1938-01-01,Mississippi,93.5,34.9,48.879999999999995
1939-01-01,Mississippi,92.6,37.0,54.31
1940-01-01,Mississippi,90.0,20.5,59.35000000000001
1941-01-01,Mississippi,92.7,33.5,45.66
1942-01-01,Mississippi,92.7,28.9,48.830000000000005
1943-01-01,Mississippi,96.6,34.8,43.04
1944-01-01,Mississippi,94.1,32.6,60.99
1945-01-01,Mississippi,90.9,31.2,59.31999999999999
1946-01-01,Mississippi,89.2,36.1,65.86000000000001
1947-01-01,Mississippi,94.2,27.8,60.05
1948-01-01,Mississippi,94.1,26.7,64.85
1949-01-01,Mississippi,90.8,38.4,61.8
1950-01-01,Mississippi,89.0,31.5,60.72
1951-01-01,Mississippi,96.9,35.2,53.75000000000001
1952-01-01,Mississippi,95.7,35.7,39.989999999999995
1953-01-01,Mississippi,95.4,33.6,56.97
1954-01-01,Mississippi,98.0,33.7,39.43
1955-01-01,Mississippi,91.2,33.9,50.95
1956-01-01,Mississippi,94.0,31.6,50.63000000000001
1957-01-01,Mississippi,91.8,37.6,64.13
1958-01-01,Mississippi,90.5,28.7,57.32
1959-01-01,Mississippi,91.6,30.0,55.67
1960-01-01,Mississippi,95.0,31.6,48.6
1961-01-01,Mississippi,89.3,28.1,73.47999999999999
1962-01-01,Mississippi,94.5,30.2,47.54
1963-01-01,Mississippi,92.1,25.8,41.010000000000005
1964-01-01,Mississippi,90.5,31.2,62.91
1965-01-01,Mississippi,92.5,34.3,44.57
1966-01-01,Mississippi,94.0,30.6,53.59
1967-01-01,Mississippi,89.2,32.3,52.06999999999999
1968-01-01,Mississippi,91.3,28.8,54.7
1969-01-01,Mississippi,93.7,33.8,50.91
1970-01-01,Mississippi,90.5,28.8,53.59
1971-01-01,Mississippi,91.2,34.3,58.470000000000006
1972-01-01,Mississippi,92.2,36.4,58.32000000000001
1973-01-01,Mississippi,91.8,32.6,71.92
1974-01-01,Mississippi,91.3,35.8,69.24000000000001
1975-01-01,Mississippi,90.1,34.9,68.53
1976-01-01,Mississippi,91.1,29.6,50.19999999999999
1977-01-01,Mississippi,93.3,23.6,59.510000000000005
1978-01-01,Mississippi,93.4,27.0,49.39
1979-01-01,Mississippi,89.9,28.0,75.58
1980-01-01,Mississippi,95.6,32.2,61.970000000000006
1981-01-01,Mississippi,92.9,28.1,42.339999999999996
1982-01-01,Mississippi,91.5,32.5,66.54
1983-01-01,Mississippi,92.9,31.1,74.32
1984-01-01,Mississippi,90.2,28.0,54.930000000000014
1985-01-01,Mississippi,90.1,26.3,52.77
1986-01-01,Mississippi,94.3,30.6,48.8
1987-01-01,Mississippi,92.4,32.6,52.330000000000005
1988-01-01,Mississippi,91.7,29.9,52.400000000000006
1989-01-01,Mississippi,90.0,26.9,65.52
1990-01-01,Mississippi,93.3,38.9,60.97
1991-01-01,Mississippi,91.6,36.3,73.9
1992-01-01,Mississippi,90.4,34.3,56.01000000000001
1993-01-01,Mississippi,92.7,35.3,55.08000000000001
1994-01-01,Mississippi,88.9,31.8,60.49000000000001
1995-01-01,Mississippi,93.2,35.7,57.449999999999996
1996-01-01,Mississippi,91.0,32.7,54.120000000000005
1997-01-01,Mississippi,91.5,35.2,64.85
1998-01-01,Mississippi,92.9,39.3,57.05
1999-01-01,Mississippi,95.3,35.8,47.900000000000006
2000-01-01,Mississippi,96.6,27.9,44.63999999999999
2001-01-01,Mississippi,91.2,30.6,66.28
2002-01-01,Mississippi,91.4,33.9,66.08
2003-01-01,Mississippi,90.7,29.2,58.98
2004-01-01,Mississippi,89.5,33.5,65.80999999999999
2005-01-01,Mississippi,93.0,32.2,50.64
2006-01-01,Mississippi,94.6,35.1,52.470000000000006
2007-01-01,Mississippi,96.4,34.1,41.78
2008-01-01,Mississippi,93.2,33.0,59.44
2009-01-01,Mississippi,91.9,34.1,68.42
2010-01-01,Mississippi,94.2,30.1,43.910000000000004
2011-01-01,Mississippi,94.8,32.1,52.839999999999996
2012-01-01,Mississippi,92.0,38.2,59.17
2013-01-01,Mississippi,90.0,36.6,62.93000000000001
2014-01-01,Mississippi,90.5,25.7,58.22
2015-01-01,Mississippi,92.9,31.0,60.57000000000001
2016-01-01,Mississippi,92.7,33.1,53.129999999999995
2017-01-01,Mississippi,90.8,37.0,58.93
2018-01-01,Mississippi,91.7,29.2,66.80999999999999
2019-01-01,Mississippi,93.7,36.6,68.06
2020-01-01,Mississippi,91.3,35.2,68.84
2021-01-01,Mississippi,90.4,34.3,66.75
2022-01-01,Mississippi,93.0,-99.9,4.599999999999991
1895-01-01,Missouri,86.7,12.2,41.35
1896-01-01,Missouri,88.8,22.9,40.77
1897-01-01,Missouri,90.4,18.7,41.029999999999994
1898-01-01,Missouri,86.7,18.3,54.56999999999999
1899-01-01,Missouri,90.7,9.0,37.88999999999999
1900-01-01,Missouri,92.3,15.1,39.489999999999995
1901-01-01,Missouri,99.9,18.0,25.6
1902-01-01,Missouri,87.6,13.4,45.580000000000005
1903-01-01,Missouri,88.1,18.8,41.36
1904-01-01,Missouri,84.8,16.1,40.95
1905-01-01,Missouri,87.2,10.1,47.11
1906-01-01,Missouri,86.7,20.6,40.03000000000001
1907-01-01,Missouri,88.7,22.6,40.4
1908-01-01,Missouri,87.3,21.6,43.029999999999994
1909-01-01,Missouri,92.4,15.0,45.39999999999999
1910-01-01,Missouri,87.8,16.9,37.25000000000001
1911-01-01,Missouri,92.0,23.6,37.68
1912-01-01,Missouri,89.8,8.5,39.01
1913-01-01,Missouri,97.0,18.4,37.50000000000001
1914-01-01,Missouri,92.4,16.3,34.08
1915-01-01,Missouri,84.8,17.9,49.28
1916-01-01,Missouri,94.5,19.2,39.54
1917-01-01,Missouri,89.6,13.7,32.64999999999999
1918-01-01,Missouri,94.0,4.9,37.419999999999995
1919-01-01,Missouri,91.6,18.3,40.58
1920-01-01,Missouri,88.3,18.0,37.690000000000005
1921-01-01,Missouri,92.0,26.1,44.34
1922-01-01,Missouri,89.1,17.8,39.28
1923-01-01,Missouri,89.2,19.5,41.14
1924-01-01,Missouri,87.8,13.4,40.08
1925-01-01,Missouri,89.4,18.6,39.18
1926-01-01,Missouri,90.2,21.8,42.879999999999995
1927-01-01,Missouri,86.9,18.2,55.01
1928-01-01,Missouri,87.7,21.8,45.03999999999999
1929-01-01,Missouri,88.5,13.2,45.92
1930-01-01,Missouri,94.9,10.1,31.25
1931-01-01,Missouri,92.3,24.3,40.589999999999996
1932-01-01,Missouri,91.0,20.8,36.92
1933-01-01,Missouri,91.3,19.7,36.63999999999999
1934-01-01,Missouri,100.3,19.8,34.45
1935-01-01,Missouri,91.6,20.7,47.830000000000005
1936-01-01,Missouri,99.2,10.7,28.990000000000002
1937-01-01,Missouri,91.8,17.7,36.2
1938-01-01,Missouri,92.8,21.4,41.04
1939-01-01,Missouri,91.5,20.0,37.83
1940-01-01,Missouri,89.7,4.2,32.599999999999994
1941-01-01,Missouri,91.3,22.0,43.169999999999995
1942-01-01,Missouri,89.6,18.6,46.0
1943-01-01,Missouri,91.0,18.2,38.190000000000005
1944-01-01,Missouri,90.4,19.8,39.59
1945-01-01,Missouri,88.4,17.5,51.730000000000004
1946-01-01,Missouri,91.0,22.4,43.28
1947-01-01,Missouri,95.5,16.8,40.440000000000005
1948-01-01,Missouri,87.4,14.4,39.61
1949-01-01,Missouri,87.7,20.9,47.53
1950-01-01,Missouri,83.1,17.7,39.62000000000001
1951-01-01,Missouri,86.6,20.4,51.23
1952-01-01,Missouri,92.7,24.0,32.53
1953-01-01,Missouri,92.3,24.5,25.120000000000005
1954-01-01,Missouri,97.3,19.3,35.300000000000004
1955-01-01,Missouri,91.8,20.2,33.47
1956-01-01,Missouri,90.6,17.8,31.34
1957-01-01,Missouri,89.9,16.6,48.07
1958-01-01,Missouri,87.0,15.0,43.07
1959-01-01,Missouri,89.4,15.7,38.36000000000001
1960-01-01,Missouri,88.4,19.9,34.919999999999995
1961-01-01,Missouri,86.5,16.3,47.82
1962-01-01,Missouri,89.8,13.8,34.96
1963-01-01,Missouri,88.8,10.6,28.990000000000002
1964-01-01,Missouri,90.0,22.0,37.56
1965-01-01,Missouri,86.3,20.6,43.42
1966-01-01,Missouri,92.5,15.8,34.65
1967-01-01,Missouri,84.8,19.7,42.739999999999995
1968-01-01,Missouri,87.3,19.0,41.17
1969-01-01,Missouri,90.2,19.4,43.62
1970-01-01,Missouri,89.2,13.5,43.80000000000001
1971-01-01,Missouri,88.0,16.9,33.88
1972-01-01,Missouri,87.0,18.7,38.5
1973-01-01,Missouri,88.6,21.0,57.14
1974-01-01,Missouri,93.3,19.9,42.66
1975-01-01,Missouri,89.8,23.3,41.82999999999999
1976-01-01,Missouri,89.4,17.2,28.560000000000002
1977-01-01,Missouri,90.4,5.4,44.309999999999995
1978-01-01,Missouri,90.0,10.6,40.35
1979-01-01,Missouri,86.2,6.9,40.32999999999999
1980-01-01,Missouri,98.0,18.3,28.839999999999996
1981-01-01,Missouri,87.6,19.6,44.21
1982-01-01,Missouri,88.7,11.8,50.81
1983-01-01,Missouri,95.4,10.6,41.18
1984-01-01,Missouri,90.3,16.8,46.300000000000004
1985-01-01,Missouri,89.1,12.0,51.760000000000005
1986-01-01,Missouri,91.7,21.8,42.43000000000001
1987-01-01,Missouri,89.2,22.0,40.29
1988-01-01,Missouri,90.7,17.7,34.21
1989-01-01,Missouri,86.5,11.1,33.32
1990-01-01,Missouri,87.1,22.7,50.45
1991-01-01,Missouri,90.2,18.8,39.120000000000005
1992-01-01,Missouri,85.8,25.4,41.75000000000001
1993-01-01,Missouri,87.9,21.1,56.61000000000001
1994-01-01,Missouri,86.4,18.0,42.08
1995-01-01,Missouri,91.0,20.8,42.05
1996-01-01,Missouri,85.4,17.6,43.68
1997-01-01,Missouri,89.1,16.0,39.809999999999995
1998-01-01,Missouri,87.4,26.5,49.87
1999-01-01,Missouri,90.9,22.1,36.85
2000-01-01,Missouri,90.9,12.1,35.7
2001-01-01,Missouri,88.8,20.3,43.61
2002-01-01,Missouri,90.0,24.3,40.21
2003-01-01,Missouri,90.8,17.6,40.029999999999994
2004-01-01,Missouri,83.9,20.4,44.529999999999994
2005-01-01,Missouri,89.9,22.3,36.41
2006-01-01,Missouri,90.4,22.3,38.010000000000005
2007-01-01,Missouri,93.3,19.8,39.58
2008-01-01,Missouri,86.8,20.0,56.1
2009-01-01,Missouri,85.1,17.3,51.71
2010-01-01,Missouri,90.8,17.8,44.56999999999999
2011-01-01,Missouri,93.5,17.2,45.699999999999996
2012-01-01,Missouri,97.0,25.0,31.03
2013-01-01,Missouri,85.8,20.3,45.71
2014-01-01,Missouri,87.2,13.8,39.32000000000001
2015-01-01,Missouri,86.6,15.7,55.52
2016-01-01,Missouri,88.2,21.7,39.440000000000005
2017-01-01,Missouri,89.6,24.4,41.45
2018-01-01,Missouri,89.6,17.6,42.99999999999999
2019-01-01,Missouri,87.7,22.9,53.82
2020-01-01,Missouri,89.2,25.5,46.339999999999996
2021-01-01,Missouri,88.0,15.8,44.03
2022-01-01,Missouri,91.1,-99.9,-9.479999999999999
1895-01-01,Montana,78.5,-1.0,17.47
1896-01-01,Montana,80.4,4.4,22.05
1897-01-01,Montana,81.4,5.4,21.470000000000002
1898-01-01,Montana,81.5,9.3,19.99
1899-01-01,Montana,80.4,-3.2,20.919999999999998
1900-01-01,Montana,80.6,6.2,17.59
1901-01-01,Montana,83.3,6.2,18.869999999999997
1902-01-01,Montana,77.2,7.0,19.25
1903-01-01,Montana,75.3,2.8,18.72
1904-01-01,Montana,78.8,1.0,14.449999999999998
1905-01-01,Montana,81.0,2.0,16.79
1906-01-01,Montana,81.3,11.5,22.38
1907-01-01,Montana,75.5,-6.9,20.070000000000004
1908-01-01,Montana,82.4,11.4,20.76
1909-01-01,Montana,80.8,0.4,22.259999999999998
1910-01-01,Montana,82.8,1.2,17.1
1911-01-01,Montana,77.0,2.2,21.2
1912-01-01,Montana,73.5,3.9,20.16
1913-01-01,Montana,79.5,1.6,18.430000000000003
1914-01-01,Montana,83.8,3.8,18.29
1915-01-01,Montana,80.5,6.8,22.15
1916-01-01,Montana,80.0,-14.2,22.44
1917-01-01,Montana,85.0,2.9,17.57
1918-01-01,Montana,78.6,4.6,17.3
1919-01-01,Montana,84.8,5.1,13.61
1920-01-01,Montana,82.3,8.3,17.47
1921-01-01,Montana,81.1,10.6,18.03
1922-01-01,Montana,81.8,-4.5,18.63
1923-01-01,Montana,81.4,3.0,21.310000000000002
1924-01-01,Montana,79.5,0.8,17.34
1925-01-01,Montana,81.5,10.2,19.62
1926-01-01,Montana,83.5,9.4,17.08
1927-01-01,Montana,78.3,-3.3,26.15
1928-01-01,Montana,78.1,10.9,16.37
1929-01-01,Montana,84.9,-5.4,17.619999999999997
1930-01-01,Montana,84.4,-8.0,15.749999999999996
1931-01-01,Montana,82.7,13.2,12.620000000000001
1932-01-01,Montana,81.9,6.2,19.800000000000004
1933-01-01,Montana,85.7,3.6,19.500000000000004
1934-01-01,Montana,84.0,13.0,14.239999999999997
1935-01-01,Montana,84.0,4.5,13.630000000000003
1936-01-01,Montana,90.0,-15.1,14.3
1937-01-01,Montana,83.2,-12.9,16.189999999999998
1938-01-01,Montana,79.8,4.8,20.04
1939-01-01,Montana,84.0,1.5,15.43
1940-01-01,Montana,83.5,1.1,19.07
1941-01-01,Montana,82.3,11.6,21.319999999999997
1942-01-01,Montana,80.8,7.8,20.32
1943-01-01,Montana,81.5,-2.6,18.81
1944-01-01,Montana,78.5,9.8,18.59
1945-01-01,Montana,82.8,8.8,17.880000000000003
1946-01-01,Montana,82.2,12.5,21.18
1947-01-01,Montana,84.7,7.7,18.81
1948-01-01,Montana,79.8,2.8,20.86
1949-01-01,Montana,83.4,-8.3,16.0
1950-01-01,Montana,76.9,-12.6,20.35
1951-01-01,Montana,80.9,2.8,20.729999999999997
1952-01-01,Montana,79.2,2.0,13.309999999999997
1953-01-01,Montana,82.2,17.2,20.139999999999997
1954-01-01,Montana,83.4,0.5,18.29
1955-01-01,Montana,83.3,6.0,20.3
1956-01-01,Montana,79.8,5.4,15.88
1957-01-01,Montana,83.1,-4.8,18.9
1958-01-01,Montana,83.1,12.8,19.179999999999996
1959-01-01,Montana,82.3,2.2,18.939999999999998
1960-01-01,Montana,86.9,6.2,13.690000000000001
1961-01-01,Montana,85.8,7.4,16.95
1962-01-01,Montana,77.8,5.2,20.249999999999996
1963-01-01,Montana,81.3,-3.0,18.599999999999998
1964-01-01,Montana,83.0,2.8,22.089999999999996
1965-01-01,Montana,79.2,6.3,20.51
1966-01-01,Montana,83.2,2.6,16.61
1967-01-01,Montana,83.8,8.1,20.740000000000002
1968-01-01,Montana,80.9,4.9,20.080000000000002
1969-01-01,Montana,84.8,-5.5,17.74
1970-01-01,Montana,84.3,6.0,20.640000000000004
1971-01-01,Montana,87.1,4.3,18.970000000000002
1972-01-01,Montana,80.1,0.9,19.72
1973-01-01,Montana,82.2,9.5,17.049999999999997
1974-01-01,Montana,82.9,6.8,18.69
1975-01-01,Montana,82.1,4.3,25.42
1976-01-01,Montana,81.4,11.7,16.839999999999996
1977-01-01,Montana,79.7,2.5,18.93
1978-01-01,Montana,77.0,1.4,22.930000000000003
1979-01-01,Montana,81.0,-8.0,13.84
1980-01-01,Montana,81.7,2.2,19.830000000000002
1981-01-01,Montana,83.0,13.2,18.680000000000003
1982-01-01,Montana,80.6,-3.0,22.410000000000004
1983-01-01,Montana,85.1,-6.1,17.330000000000002
1984-01-01,Montana,83.4,2.4,16.51
1985-01-01,Montana,85.7,4.6,17.150000000000002
1986-01-01,Montana,81.0,9.8,20.860000000000003
1987-01-01,Montana,77.7,14.3,15.9
1988-01-01,Montana,84.4,6.6,14.530000000000001
1989-01-01,Montana,84.0,-0.6,21.160000000000004
1990-01-01,Montana,80.8,2.1,16.900000000000002
1991-01-01,Montana,84.5,6.0,20.060000000000002
1992-01-01,Montana,76.8,5.6,17.509999999999998
1993-01-01,Montana,72.8,2.1,22.500000000000004
1994-01-01,Montana,82.7,4.2,16.05
1995-01-01,Montana,80.4,11.1,22.02
1996-01-01,Montana,83.4,1.1,20.6
1997-01-01,Montana,79.6,4.3,19.439999999999998
1998-01-01,Montana,83.8,9.1,20.250000000000004
1999-01-01,Montana,81.3,12.8,17.44
2000-01-01,Montana,84.1,5.9,15.670000000000002
2001-01-01,Montana,86.0,5.8,14.940000000000001
2002-01-01,Montana,85.0,9.0,17.17
2003-01-01,Montana,87.0,11.4,17.39
2004-01-01,Montana,80.8,8.0,16.84
2005-01-01,Montana,83.6,7.7,20.01
2006-01-01,Montana,87.8,12.5,18.240000000000002
2007-01-01,Montana,89.3,11.3,17.970000000000002
2008-01-01,Montana,82.3,4.1,19.48
2009-01-01,Montana,79.4,2.6,17.45
2010-01-01,Montana,78.9,10.2,21.990000000000002
2011-01-01,Montana,82.8,6.0,22.849999999999998
2012-01-01,Montana,86.5,12.8,16.81
2013-01-01,Montana,82.6,6.6,20.020000000000003
2014-01-01,Montana,83.1,4.3,21.6
2015-01-01,Montana,81.7,14.8,16.880000000000003
2016-01-01,Montana,80.6,5.4,21.169999999999998
2017-01-01,Montana,88.4,5.8,17.43
2018-01-01,Montana,82.2,0.2,19.980000000000004
2019-01-01,Montana,79.4,-5.0,21.41
2020-01-01,Montana,83.9,14.6,16.89
2021-01-01,Montana,88.7,3.7,14.3
2022-01-01,Montana,85.6,-99.9,-27.200000000000003
1895-01-01,Nebraska,85.3,4.7,18.950000000000003
1896-01-01,Nebraska,86.0,12.9,25.490000000000002
1897-01-01,Nebraska,89.2,9.6,22.74
1898-01-01,Nebraska,87.4,9.5,20.02
1899-01-01,Nebraska,86.4,-1.8,19.23
1900-01-01,Nebraska,89.4,7.6,22.46
1901-01-01,Nebraska,96.4,7.9,22.46
1902-01-01,Nebraska,84.3,10.0,27.77
1903-01-01,Nebraska,84.6,7.2,25.69
1904-01-01,Nebraska,83.8,9.0,22.49
1905-01-01,Nebraska,87.1,2.4,30.570000000000004
1906-01-01,Nebraska,84.8,14.1,26.18
1907-01-01,Nebraska,86.6,8.6,19.980000000000004
1908-01-01,Nebraska,84.7,15.6,26.060000000000002
1909-01-01,Nebraska,89.8,3.8,25.41
1910-01-01,Nebraska,89.5,9.8,16.869999999999997
1911-01-01,Nebraska,89.7,12.5,21.28
1912-01-01,Nebraska,87.0,1.6,21.7
1913-01-01,Nebraska,93.0,6.2,21.160000000000004
1914-01-01,Nebraska,90.0,4.3,20.130000000000003
1915-01-01,Nebraska,80.1,7.3,35.5
1916-01-01,Nebraska,93.0,3.0,19.04
1917-01-01,Nebraska,91.0,7.3,20.63
1918-01-01,Nebraska,88.3,0.7,22.8
1919-01-01,Nebraska,90.7,8.0,24.46
1920-01-01,Nebraska,87.7,14.4,24.9
1921-01-01,Nebraska,89.0,15.7,20.299999999999997
1922-01-01,Nebraska,89.7,6.6,20.6
1923-01-01,Nebraska,88.0,8.9,28.089999999999996
1924-01-01,Nebraska,85.9,2.8,20.349999999999998
1925-01-01,Nebraska,89.1,6.8,20.73
1926-01-01,Nebraska,88.4,13.2,20.570000000000004
1927-01-01,Nebraska,86.7,4.3,23.71
1928-01-01,Nebraska,87.0,14.8,21.859999999999996
1929-01-01,Nebraska,88.9,3.3,22.6
1930-01-01,Nebraska,93.1,-2.0,25.489999999999995
1931-01-01,Nebraska,91.6,17.4,18.990000000000002
1932-01-01,Nebraska,90.8,7.6,20.570000000000004
1933-01-01,Nebraska,92.3,7.9,20.13
1934-01-01,Nebraska,97.7,15.0,14.51
1935-01-01,Nebraska,94.3,12.6,22.46
1936-01-01,Nebraska,99.3,-5.0,14.299999999999999
1937-01-01,Nebraska,93.5,-3.8,17.869999999999997
1938-01-01,Nebraska,91.4,14.2,22.310000000000002
1939-01-01,Nebraska,94.5,6.3,16.49
1940-01-01,Nebraska,93.5,-0.4,17.380000000000003
1941-01-01,Nebraska,88.7,15.2,24.669999999999998
1942-01-01,Nebraska,90.1,11.9,25.209999999999997
1943-01-01,Nebraska,90.6,7.3,17.570000000000004
1944-01-01,Nebraska,85.7,13.8,27.419999999999998
1945-01-01,Nebraska,86.7,9.4,23.07
1946-01-01,Nebraska,89.9,14.6,24.750000000000004
1947-01-01,Nebraska,92.7,11.0,23.07
1948-01-01,Nebraska,87.9,10.3,21.350000000000005
1949-01-01,Nebraska,88.8,0.5,25.04
1950-01-01,Nebraska,82.6,2.2,22.380000000000003
1951-01-01,Nebraska,83.1,9.4,30.130000000000006
1952-01-01,Nebraska,89.8,12.2,19.24
1953-01-01,Nebraska,88.3,16.9,20.260000000000005
1954-01-01,Nebraska,94.2,9.9,19.500000000000004
1955-01-01,Nebraska,93.1,8.7,17.14
1956-01-01,Nebraska,88.6,11.3,15.84
1957-01-01,Nebraska,90.5,4.1,26.97
1958-01-01,Nebraska,87.1,12.4,22.999999999999996
1959-01-01,Nebraska,89.4,8.3,23.359999999999996
1960-01-01,Nebraska,87.2,9.6,22.85
1961-01-01,Nebraska,87.5,9.7,22.31
1962-01-01,Nebraska,86.0,7.1,26.45
1963-01-01,Nebraska,90.1,0.4,21.21
1964-01-01,Nebraska,91.6,11.7,19.8
1965-01-01,Nebraska,85.5,10.6,28.8
1966-01-01,Nebraska,90.6,5.0,19.15
1967-01-01,Nebraska,84.7,13.1,22.2
1968-01-01,Nebraska,86.6,10.0,22.559999999999995
1969-01-01,Nebraska,87.2,7.2,22.11
1970-01-01,Nebraska,89.7,7.7,19.299999999999997
1971-01-01,Nebraska,87.3,9.4,23.659999999999997
1972-01-01,Nebraska,84.1,8.1,23.39
1973-01-01,Nebraska,88.6,12.4,29.31
1974-01-01,Nebraska,94.1,7.8,15.559999999999997
1975-01-01,Nebraska,89.2,11.2,20.469999999999995
1976-01-01,Nebraska,88.6,11.6,17.24
1977-01-01,Nebraska,89.3,3.3,28.9
1978-01-01,Nebraska,88.1,1.4,22.330000000000002
1979-01-01,Nebraska,84.5,-2.0,25.500000000000004
1980-01-01,Nebraska,93.1,12.3,17.169999999999995
1981-01-01,Nebraska,86.0,15.6,24.16
1982-01-01,Nebraska,88.1,3.0,27.509999999999998
1983-01-01,Nebraska,92.2,-1.0,25.119999999999997
1984-01-01,Nebraska,89.2,13.0,25.849999999999998
1985-01-01,Nebraska,88.3,8.4,22.45
1986-01-01,Nebraska,88.5,16.0,26.800000000000008
1987-01-01,Nebraska,89.4,16.9,25.370000000000005
1988-01-01,Nebraska,89.4,6.0,20.120000000000005
1989-01-01,Nebraska,88.4,6.0,16.71
1990-01-01,Nebraska,85.8,9.3,21.5
1991-01-01,Nebraska,88.0,8.6,22.03
1992-01-01,Nebraska,79.7,12.6,25.59
1993-01-01,Nebraska,82.1,8.7,31.87
1994-01-01,Nebraska,85.1,9.7,21.91
1995-01-01,Nebraska,89.3,13.8,25.189999999999998
1996-01-01,Nebraska,84.1,7.1,25.49
1997-01-01,Nebraska,87.1,9.5,22.139999999999997
1998-01-01,Nebraska,86.7,15.8,25.930000000000003
1999-01-01,Nebraska,88.7,15.1,22.84
2000-01-01,Nebraska,90.2,8.7,20.36
2001-01-01,Nebraska,89.2,12.8,24.479999999999997
2002-01-01,Nebraska,92.6,16.9,15.649999999999999
2003-01-01,Nebraska,90.7,13.6,19.98
2004-01-01,Nebraska,84.2,12.4,22.93
2005-01-01,Nebraska,89.9,13.4,23.570000000000004
2006-01-01,Nebraska,91.5,15.1,21.56
2007-01-01,Nebraska,88.8,11.4,28.640000000000004
2008-01-01,Nebraska,88.3,9.5,28.1
2009-01-01,Nebraska,82.6,9.1,25.700000000000003
2010-01-01,Nebraska,88.0,12.8,27.070000000000004
2011-01-01,Nebraska,89.5,9.7,25.809999999999995
2012-01-01,Nebraska,95.2,15.4,13.36
2013-01-01,Nebraska,85.8,10.4,23.44
2014-01-01,Nebraska,84.5,9.8,24.980000000000004
2015-01-01,Nebraska,86.1,13.5,28.069999999999997
2016-01-01,Nebraska,87.4,12.0,25.310000000000002
2017-01-01,Nebraska,90.4,15.2,25.34
2018-01-01,Nebraska,85.2,10.2,29.220000000000002
2019-01-01,Nebraska,86.5,7.0,31.38
2020-01-01,Nebraska,88.0,17.4,18.24
2021-01-01,Nebraska,87.9,6.5,22.65
2022-01-01,Nebraska,89.8,-99.9,-27.650000000000006
1895-01-01,Nevada,87.0,16.6,9.2
1896-01-01,Nevada,87.3,22.8,10.919999999999998
1897-01-01,Nevada,87.8,18.4,11.779999999999998
1898-01-01,Nevada,89.5,11.2,8.94
1899-01-01,Nevada,89.4,18.9,10.719999999999999
1900-01-01,Nevada,87.4,22.5,8.739999999999998
1901-01-01,Nevada,89.4,20.9,11.22
1902-01-01,Nevada,84.3,17.7,8.46
1903-01-01,Nevada,86.8,10.0,8.13
1904-01-01,Nevada,85.5,16.4,11.710000000000003
1905-01-01,Nevada,89.2,13.0,9.59
1906-01-01,Nevada,89.8,19.9,14.24
1907-01-01,Nevada,85.8,17.2,14.08
1908-01-01,Nevada,89.4,17.6,9.419999999999998
1909-01-01,Nevada,87.2,13.8,13.64
1910-01-01,Nevada,89.2,13.2,7.81
1911-01-01,Nevada,87.4,13.9,9.52
1912-01-01,Nevada,83.8,16.5,9.02
1913-01-01,Nevada,84.7,13.5,12.83
1914-01-01,Nevada,87.3,12.2,10.67
1915-01-01,Nevada,90.5,17.6,9.78
1916-01-01,Nevada,87.1,14.8,11.589999999999998
1917-01-01,Nevada,91.0,4.8,8.929999999999998
1918-01-01,Nevada,87.4,17.0,12.589999999999998
1919-01-01,Nevada,91.1,17.3,7.920000000000001
1920-01-01,Nevada,88.7,21.2,11.19
1921-01-01,Nevada,89.5,22.0,10.19
1922-01-01,Nevada,89.4,9.8,11.76
1923-01-01,Nevada,88.5,15.8,10.3
1924-01-01,Nevada,89.0,12.1,6.36
1925-01-01,Nevada,89.3,19.6,12.31
1926-01-01,Nevada,88.8,18.5,8.52
1927-01-01,Nevada,89.9,15.8,10.39
1928-01-01,Nevada,89.2,15.8,6.359999999999999
1929-01-01,Nevada,89.7,15.8,6.409999999999999
1930-01-01,Nevada,88.9,13.2,10.73
1931-01-01,Nevada,94.1,15.6,9.3
1932-01-01,Nevada,87.3,11.4,9.66
1933-01-01,Nevada,92.0,7.9,7.43
1934-01-01,Nevada,91.0,22.2,8.43
1935-01-01,Nevada,88.1,19.4,9.55
1936-01-01,Nevada,89.7,19.8,11.780000000000001
1937-01-01,Nevada,89.7,0.3,9.730000000000002
1938-01-01,Nevada,86.9,20.6,13.17
1939-01-01,Nevada,89.8,15.0,9.54
1940-01-01,Nevada,90.3,23.1,11.66
1941-01-01,Nevada,87.4,23.4,16.33
1942-01-01,Nevada,91.5,17.2,8.84
1943-01-01,Nevada,88.1,20.6,11.52
1944-01-01,Nevada,87.2,14.1,9.6
1945-01-01,Nevada,89.6,19.4,13.580000000000002
1946-01-01,Nevada,88.1,17.3,11.77
1947-01-01,Nevada,88.4,14.2,7.220000000000001
1948-01-01,Nevada,87.9,15.5,7.710000000000001
1949-01-01,Nevada,88.8,1.8,9.009999999999998
1950-01-01,Nevada,87.8,15.9,9.030000000000001
1951-01-01,Nevada,89.6,17.5,9.879999999999999
1952-01-01,Nevada,87.7,16.2,11.49
1953-01-01,Nevada,90.7,19.1,6.36
1954-01-01,Nevada,89.8,17.8,8.16
1955-01-01,Nevada,88.2,11.2,9.78
1956-01-01,Nevada,87.5,16.5,7.7700000000000005
1957-01-01,Nevada,87.9,13.2,11.77
1958-01-01,Nevada,89.6,20.6,9.650000000000002
1959-01-01,Nevada,91.7,17.8,6.669999999999999
1960-01-01,Nevada,91.2,16.8,8.799999999999999
1961-01-01,Nevada,90.2,18.3,8.17
1962-01-01,Nevada,86.3,14.2,8.89
1963-01-01,Nevada,86.9,13.2,11.93
1964-01-01,Nevada,89.1,17.0,9.780000000000001
1965-01-01,Nevada,85.3,19.6,12.219999999999999
1966-01-01,Nevada,88.4,18.3,6.7700000000000005
1967-01-01,Nevada,89.5,15.9,11.169999999999998
1968-01-01,Nevada,89.3,17.8,9.92
1969-01-01,Nevada,90.2,21.9,12.530000000000001
1970-01-01,Nevada,88.6,19.7,10.85
1971-01-01,Nevada,89.3,16.1,11.07
1972-01-01,Nevada,89.8,15.7,8.77
1973-01-01,Nevada,88.9,16.6,10.739999999999998
1974-01-01,Nevada,87.4,19.4,7.969999999999999
1975-01-01,Nevada,88.4,18.2,10.62
1976-01-01,Nevada,87.9,15.9,9.899999999999999
1977-01-01,Nevada,88.2,16.5,9.889999999999999
1978-01-01,Nevada,88.4,15.5,13.829999999999998
1979-01-01,Nevada,88.2,15.6,9.820000000000002
1980-01-01,Nevada,88.2,23.8,12.98
1981-01-01,Nevada,90.1,23.9,10.71
1982-01-01,Nevada,86.3,17.4,13.639999999999999
1983-01-01,Nevada,84.8,24.0,17.800000000000004
1984-01-01,Nevada,87.6,17.3,12.120000000000001
1985-01-01,Nevada,89.6,16.0,8.74
1986-01-01,Nevada,89.2,20.0,9.1
1987-01-01,Nevada,87.1,16.8,12.07
1988-01-01,Nevada,91.4,17.5,9.38
1989-01-01,Nevada,91.0,13.6,7.549999999999999
1990-01-01,Nevada,89.1,10.7,9.16
1991-01-01,Nevada,89.5,18.2,10.07
1992-01-01,Nevada,87.9,16.7,9.72
1993-01-01,Nevada,84.4,17.0,10.789999999999997
1994-01-01,Nevada,91.5,21.0,9.529999999999998
1995-01-01,Nevada,87.9,24.1,13.750000000000002
1996-01-01,Nevada,91.3,23.5,12.190000000000001
1997-01-01,Nevada,88.0,19.2,10.010000000000002
1998-01-01,Nevada,90.0,18.6,16.91
1999-01-01,Nevada,87.4,19.1,7.740000000000001
2000-01-01,Nevada,89.5,22.2,10.48
2001-01-01,Nevada,91.2,18.5,8.93
2002-01-01,Nevada,93.0,20.1,6.24
2003-01-01,Nevada,93.9,22.9,9.82
2004-01-01,Nevada,89.7,19.4,11.350000000000001
2005-01-01,Nevada,92.7,23.7,13.549999999999997
2006-01-01,Nevada,92.0,19.2,9.669999999999998
2007-01-01,Nevada,93.3,14.6,7.590000000000001
2008-01-01,Nevada,91.0,17.6,7.69
2009-01-01,Nevada,90.4,14.6,9.219999999999999
2010-01-01,Nevada,90.4,23.4,13.059999999999999
2011-01-01,Nevada,89.5,17.7,8.620000000000001
2012-01-01,Nevada,90.2,21.8,8.89
2013-01-01,Nevada,92.0,14.0,7.46
2014-01-01,Nevada,91.6,24.3,9.92
2015-01-01,Nevada,88.3,20.8,11.34
2016-01-01,Nevada,90.6,19.7,11.149999999999999
2017-01-01,Nevada,92.3,20.2,11.17
2018-01-01,Nevada,92.8,21.0,9.27
2019-01-01,Nevada,89.8,20.7,13.809999999999999
2020-01-01,Nevada,92.0,20.2,5.859999999999999
2021-01-01,Nevada,92.9,22.3,9.58
2022-01-01,Nevada,92.0,-99.9,-35.74
1895-01-01,New Hampshire,77.0,1.1,41.56
1896-01-01,New Hampshire,78.6,5.4,41.12
1897-01-01,New Hampshire,78.9,7.2,50.93
1898-01-01,New Hampshire,79.4,4.3,46.64
1899-01-01,New Hampshire,77.8,4.6,35.71
1900-01-01,New Hampshire,79.3,4.7,48.160000000000004
1901-01-01,New Hampshire,79.9,2.5,45.92000000000001
1902-01-01,New Hampshire,73.4,4.5,49.98
1903-01-01,New Hampshire,75.3,7.0,40.46
1904-01-01,New Hampshire,77.2,-1.2,39.11
1905-01-01,New Hampshire,78.0,0.1,40.44
1906-01-01,New Hampshire,78.9,5.4,41.42
1907-01-01,New Hampshire,77.6,-1.6,43.4
1908-01-01,New Hampshire,81.6,3.1,34.540000000000006
1909-01-01,New Hampshire,76.0,8.4,38.82
1910-01-01,New Hampshire,80.1,4.8,36.26
1911-01-01,New Hampshire,82.9,3.9,38.09
1912-01-01,New Hampshire,79.1,-2.1,42.25
1913-01-01,New Hampshire,79.6,5.8,39.64
1914-01-01,New Hampshire,74.9,-1.6,34.58
1915-01-01,New Hampshire,74.9,10.3,42.75
1916-01-01,New Hampshire,79.1,5.4,43.82
1917-01-01,New Hampshire,78.8,-1.3,40.14
1918-01-01,New Hampshire,77.7,-3.6,40.3
1919-01-01,New Hampshire,80.5,5.7,40.669999999999995
1920-01-01,New Hampshire,78.5,-4.0,50.13
1921-01-01,New Hampshire,81.9,8.1,38.239999999999995
1922-01-01,New Hampshire,77.7,0.4,45.32
1923-01-01,New Hampshire,75.2,-1.7,41.099999999999994
1924-01-01,New Hampshire,78.8,0.6,38.99000000000001
1925-01-01,New Hampshire,76.0,-0.7,43.61
1926-01-01,New Hampshire,77.4,4.4,38.77
1927-01-01,New Hampshire,77.3,7.6,46.809999999999995
1928-01-01,New Hampshire,78.5,7.1,40.86
1929-01-01,New Hampshire,79.0,5.4,41.169999999999995
1930-01-01,New Hampshire,78.1,7.9,36.38
1931-01-01,New Hampshire,80.3,5.4,41.56
1932-01-01,New Hampshire,78.2,8.8,44.03
1933-01-01,New Hampshire,78.0,5.7,46.48
1934-01-01,New Hampshire,80.0,-7.3,43.730000000000004
1935-01-01,New Hampshire,80.3,0.2,41.949999999999996
1936-01-01,New Hampshire,76.9,0.1,52.209999999999994
1937-01-01,New Hampshire,80.4,11.2,50.209999999999994
1938-01-01,New Hampshire,78.3,4.1,50.88
1939-01-01,New Hampshire,79.6,5.7,39.209999999999994
1940-01-01,New Hampshire,78.6,1.2,44.54
1941-01-01,New Hampshire,79.4,4.7,32.65
1942-01-01,New Hampshire,77.2,6.0,43.760000000000005
1943-01-01,New Hampshire,79.4,3.4,44.45
1944-01-01,New Hampshire,81.1,4.3,42.02000000000001
1945-01-01,New Hampshire,77.8,0.3,51.61000000000001
1946-01-01,New Hampshire,78.8,2.5,42.64999999999999
1947-01-01,New Hampshire,80.2,8.0,41.519999999999996
1948-01-01,New Hampshire,80.0,-1.4,39.55
1949-01-01,New Hampshire,82.2,12.5,36.69
1950-01-01,New Hampshire,79.6,5.3,41.839999999999996
1951-01-01,New Hampshire,78.1,11.3,50.36
1952-01-01,New Hampshire,83.7,10.1,43.53000000000001
1953-01-01,New Hampshire,80.0,13.4,47.37999999999999
1954-01-01,New Hampshire,76.1,4.6,57.39999999999999
1955-01-01,New Hampshire,84.4,5.6,41.309999999999995
1956-01-01,New Hampshire,75.2,11.3,42.74
1957-01-01,New Hampshire,77.7,-2.6,36.97
1958-01-01,New Hampshire,76.9,2.0,42.6
1959-01-01,New Hampshire,81.4,1.1,47.28
1960-01-01,New Hampshire,77.0,5.5,45.68999999999999
1961-01-01,New Hampshire,77.0,-1.8,38.349999999999994
1962-01-01,New Hampshire,75.4,2.0,45.160000000000004
1963-01-01,New Hampshire,80.7,1.1,37.16000000000001
1964-01-01,New Hampshire,79.1,6.3,35.89
1965-01-01,New Hampshire,76.8,4.3,32.86
1966-01-01,New Hampshire,79.9,8.0,38.559999999999995
1967-01-01,New Hampshire,78.4,1.0,41.589999999999996
1968-01-01,New Hampshire,80.3,0.6,44.690000000000005
1969-01-01,New Hampshire,78.1,8.2,50.36
1970-01-01,New Hampshire,80.1,-1.9,40.85
1971-01-01,New Hampshire,79.4,-0.9,40.18
1972-01-01,New Hampshire,78.1,5.9,49.79
1973-01-01,New Hampshire,79.8,8.0,53.38
1974-01-01,New Hampshire,78.0,6.7,45.01
1975-01-01,New Hampshire,80.9,9.3,49.410000000000004
1976-01-01,New Hampshire,78.5,0.1,47.06
1977-01-01,New Hampshire,78.3,0.0,50.32000000000001
1978-01-01,New Hampshire,79.2,0.8,38.71
1979-01-01,New Hampshire,80.0,1.4,47.629999999999995
1980-01-01,New Hampshire,79.1,4.0,35.919999999999995
1981-01-01,New Hampshire,78.2,-1.5,49.43999999999999
1982-01-01,New Hampshire,79.6,-3.0,39.68
1983-01-01,New Hampshire,81.0,10.2,56.45
1984-01-01,New Hampshire,78.7,4.1,47.699999999999996
1985-01-01,New Hampshire,79.9,3.5,38.64
1986-01-01,New Hampshire,75.1,7.5,46.9
1987-01-01,New Hampshire,79.1,6.1,43.16
1988-01-01,New Hampshire,80.6,4.4,41.17
1989-01-01,New Hampshire,78.7,-3.4,45.87
1990-01-01,New Hampshire,78.8,10.0,53.75
1991-01-01,New Hampshire,78.5,7.2,46.41
1992-01-01,New Hampshire,74.2,8.8,38.989999999999995
1993-01-01,New Hampshire,79.4,-0.6,42.13
1994-01-01,New Hampshire,80.9,-3.2,43.760000000000005
1995-01-01,New Hampshire,81.0,6.6,43.66
1996-01-01,New Hampshire,77.5,7.4,57.33
1997-01-01,New Hampshire,78.0,8.1,43.120000000000005
1998-01-01,New Hampshire,78.5,15.0,47.57000000000001
1999-01-01,New Hampshire,81.3,8.0,46.17999999999999
2000-01-01,New Hampshire,74.8,6.9,48.76999999999999
2001-01-01,New Hampshire,81.5,7.9,34.87
2002-01-01,New Hampshire,81.3,13.5,44.89
2003-01-01,New Hampshire,79.0,1.5,50.379999999999995
2004-01-01,New Hampshire,76.2,1.6,43.24
2005-01-01,New Hampshire,80.2,6.1,61.089999999999996
2006-01-01,New Hampshire,81.2,13.4,58.25
2007-01-01,New Hampshire,78.2,5.0,48.33
2008-01-01,New Hampshire,79.2,12.1,60.779999999999994
2009-01-01,New Hampshire,78.0,1.4,51.67
2010-01-01,New Hampshire,82.1,12.7,50.0
2011-01-01,New Hampshire,81.3,6.8,57.489999999999995
2012-01-01,New Hampshire,81.4,13.9,45.17999999999999
2013-01-01,New Hampshire,81.0,10.1,45.76
2014-01-01,New Hampshire,79.1,6.9,49.64000000000001
2015-01-01,New Hampshire,78.9,-4.0,44.01
2016-01-01,New Hampshire,80.8,14.3,39.56999999999999
2017-01-01,New Hampshire,77.6,11.5,49.17
2018-01-01,New Hampshire,82.1,8.9,51.8
2019-01-01,New Hampshire,82.3,8.2,50.25000000000001
2020-01-01,New Hampshire,81.9,14.3,41.8
2021-01-01,New Hampshire,79.0,11.3,45.94
2022-01-01,New Hampshire,81.7,-99.9,-12.960000000000003
1895-01-01,New Jersey,84.4,11.7,36.85999999999999
1896-01-01,New Jersey,83.3,18.6,42.56999999999999
1897-01-01,New Jersey,82.2,18.7,51.349999999999994
1898-01-01,New Jersey,84.1,22.1,50.989999999999995
1899-01-01,New Jersey,83.1,15.5,43.81
1900-01-01,New Jersey,85.7,19.0,41.800000000000004
1901-01-01,New Jersey,85.8,15.2,51.61
1902-01-01,New Jersey,82.2,18.0,55.64
1903-01-01,New Jersey,83.0,18.5,53.64999999999999
1904-01-01,New Jersey,80.9,13.0,42.470000000000006
1905-01-01,New Jersey,83.3,12.4,41.67999999999999
1906-01-01,New Jersey,81.6,19.0,46.739999999999995
1907-01-01,New Jersey,83.0,12.4,51.53999999999999
1908-01-01,New Jersey,85.4,17.2,43.02
1909-01-01,New Jersey,82.8,20.2,40.940000000000005
1910-01-01,New Jersey,85.8,16.5,39.35
1911-01-01,New Jersey,85.8,21.5,50.32
1912-01-01,New Jersey,83.6,12.0,46.669999999999995
1913-01-01,New Jersey,85.5,19.7,45.739999999999995
1914-01-01,New Jersey,82.7,14.6,38.69
1915-01-01,New Jersey,82.2,22.9,46.510000000000005
1916-01-01,New Jersey,83.3,18.0,37.96
1917-01-01,New Jersey,83.6,15.5,41.53999999999999
1918-01-01,New Jersey,84.5,10.5,38.48
1919-01-01,New Jersey,82.6,18.6,51.80000000000001
1920-01-01,New Jersey,81.8,14.4,50.54999999999999
1921-01-01,New Jersey,85.3,22.4,37.879999999999995
1922-01-01,New Jersey,82.1,17.5,40.12
1923-01-01,New Jersey,83.8,16.2,40.790000000000006
1924-01-01,New Jersey,82.7,19.4,44.95
1925-01-01,New Jersey,85.8,17.3,40.809999999999995
1926-01-01,New Jersey,82.8,19.3,44.66
1927-01-01,New Jersey,82.1,19.7,47.489999999999995
1928-01-01,New Jersey,83.6,21.2,45.25
1929-01-01,New Jersey,84.0,20.5,42.34
1930-01-01,New Jersey,85.1,21.9,34.48
1931-01-01,New Jersey,86.0,21.5,36.6
1932-01-01,New Jersey,85.0,25.0,45.98
1933-01-01,New Jersey,83.6,21.8,49.18
1934-01-01,New Jersey,86.3,6.0,45.98
1935-01-01,New Jersey,85.4,18.0,44.4
1936-01-01,New Jersey,85.2,13.7,47.46
1937-01-01,New Jersey,84.5,23.6,47.23
1938-01-01,New Jersey,85.1,21.3,51.97
1939-01-01,New Jersey,84.0,21.0,43.14
1940-01-01,New Jersey,84.8,11.9,47.209999999999994
1941-01-01,New Jersey,83.1,19.6,36.79
1942-01-01,New Jersey,84.1,18.5,49.54
1943-01-01,New Jersey,84.6,19.7,38.86
1944-01-01,New Jersey,87.4,21.3,46.06999999999999
1945-01-01,New Jersey,81.6,14.3,51.120000000000005
1946-01-01,New Jersey,83.3,21.4,39.279999999999994
1947-01-01,New Jersey,83.6,17.6,44.41
1948-01-01,New Jersey,84.5,14.2,52.74
1949-01-01,New Jersey,87.6,26.5,39.16
1950-01-01,New Jersey,83.0,22.4,42.550000000000004
1951-01-01,New Jersey,84.2,23.8,48.60000000000001
1952-01-01,New Jersey,87.8,25.5,54.49
1953-01-01,New Jersey,86.1,26.4,48.57
1954-01-01,New Jersey,86.3,19.3,40.48
1955-01-01,New Jersey,89.9,18.8,41.669999999999995
1956-01-01,New Jersey,81.8,22.3,46.839999999999996
1957-01-01,New Jersey,86.4,17.7,36.04
1958-01-01,New Jersey,84.4,17.4,54.160000000000004
1959-01-01,New Jersey,84.0,19.8,43.809999999999995
1960-01-01,New Jersey,82.4,16.4,46.199999999999996
1961-01-01,New Jersey,84.2,13.8,44.89
1962-01-01,New Jersey,82.1,20.0,42.05
1963-01-01,New Jersey,85.2,14.7,34.53
1964-01-01,New Jersey,84.1,20.5,36.43000000000001
1965-01-01,New Jersey,83.4,17.6,29.270000000000003
1966-01-01,New Jersey,88.2,20.0,40.24
1967-01-01,New Jersey,82.4,17.6,45.53
1968-01-01,New Jersey,85.4,16.2,39.87
1969-01-01,New Jersey,83.8,20.4,46.349999999999994
1970-01-01,New Jersey,84.8,13.6,40.290000000000006
1971-01-01,New Jersey,84.2,16.4,51.38000000000001
1972-01-01,New Jersey,84.0,20.0,56.95
1973-01-01,New Jersey,85.0,21.0,51.28000000000001
1974-01-01,New Jersey,84.9,20.2,44.0
1975-01-01,New Jersey,83.5,25.4,57.66
1976-01-01,New Jersey,82.3,17.1,38.66
1977-01-01,New Jersey,86.0,10.4,48.53
1978-01-01,New Jersey,82.7,12.5,47.64
1979-01-01,New Jersey,82.8,12.8,56.489999999999995
1980-01-01,New Jersey,86.6,18.6,38.2
1981-01-01,New Jersey,85.4,13.8,38.879999999999995
1982-01-01,New Jersey,84.8,12.8,39.95
1983-01-01,New Jersey,87.8,23.1,58.49999999999999
1984-01-01,New Jersey,83.2,16.6,49.129999999999995
1985-01-01,New Jersey,84.2,17.3,39.46
1986-01-01,New Jersey,84.3,21.2,45.69
1987-01-01,New Jersey,86.3,20.4,44.74
1988-01-01,New Jersey,87.6,15.1,40.019999999999996
1989-01-01,New Jersey,82.7,14.4,54.54
1990-01-01,New Jersey,83.8,27.6,48.959999999999994
1991-01-01,New Jersey,85.2,22.4,42.41
1992-01-01,New Jersey,82.2,23.9,41.699999999999996
1993-01-01,New Jersey,87.4,19.0,44.709999999999994
1994-01-01,New Jersey,86.5,14.9,47.31000000000001
1995-01-01,New Jersey,86.3,19.2,39.7
1996-01-01,New Jersey,82.2,19.9,59.180000000000014
1997-01-01,New Jersey,85.8,21.8,42.86999999999999
1998-01-01,New Jersey,85.2,30.5,41.75000000000001
1999-01-01,New Jersey,90.0,23.2,47.26000000000001
2000-01-01,New Jersey,80.6,20.2,45.25
2001-01-01,New Jersey,85.9,20.8,35.550000000000004
2002-01-01,New Jersey,87.4,25.1,45.910000000000004
2003-01-01,New Jersey,84.5,18.9,56.48
2004-01-01,New Jersey,82.4,17.1,48.7
2005-01-01,New Jersey,86.4,22.1,48.81
2006-01-01,New Jersey,86.7,25.0,51.41000000000001
2007-01-01,New Jersey,84.1,19.3,46.93
2008-01-01,New Jersey,86.8,25.6,47.22
2009-01-01,New Jersey,84.3,18.8,53.17
2010-01-01,New Jersey,89.2,23.2,44.60000000000001
2011-01-01,New Jersey,89.2,19.0,63.94999999999999
2012-01-01,New Jersey,88.5,26.4,41.989999999999995
2013-01-01,New Jersey,86.5,25.0,46.38
2014-01-01,New Jersey,84.3,16.1,48.949999999999996
2015-01-01,New Jersey,85.8,12.3,43.86
2016-01-01,New Jersey,87.5,22.0,39.59
2017-01-01,New Jersey,85.0,25.2,44.92000000000001
2018-01-01,New Jersey,86.7,19.5,64.76
2019-01-01,New Jersey,88.3,22.7,51.55
2020-01-01,New Jersey,88.7,28.6,49.85
2021-01-01,New Jersey,85.6,25.0,47.99
2022-01-01,New Jersey,88.5,-99.9,-12.980000000000006
1895-01-01,New Mexico,84.0,18.0,16.529999999999998
1896-01-01,New Mexico,89.7,21.5,13.13
1897-01-01,New Mexico,84.9,19.0,17.44
1898-01-01,New Mexico,84.7,16.2,14.780000000000001
1899-01-01,New Mexico,86.1,16.8,12.02
1900-01-01,New Mexico,87.8,19.6,14.820000000000002
1901-01-01,New Mexico,87.7,20.1,13.299999999999999
1902-01-01,New Mexico,89.0,20.9,12.270000000000001
1903-01-01,New Mexico,88.8,17.1,10.979999999999999
1904-01-01,New Mexico,85.6,15.2,14.26
1905-01-01,New Mexico,85.7,17.4,20.73
1906-01-01,New Mexico,86.3,19.2,16.650000000000002
1907-01-01,New Mexico,86.2,22.2,16.19
1908-01-01,New Mexico,85.2,20.7,12.709999999999999
1909-01-01,New Mexico,87.7,14.9,11.93
1910-01-01,New Mexico,89.9,20.1,9.0
1911-01-01,New Mexico,86.4,14.8,17.81
1912-01-01,New Mexico,86.4,14.9,13.2
1913-01-01,New Mexico,87.6,15.0,14.67
1914-01-01,New Mexico,84.2,20.7,18.669999999999998
1915-01-01,New Mexico,84.9,17.0,16.41
1916-01-01,New Mexico,87.4,18.2,15.0
1917-01-01,New Mexico,89.4,20.1,8.379999999999999
1918-01-01,New Mexico,87.1,15.8,13.94
1919-01-01,New Mexico,86.5,13.7,19.409999999999997
1920-01-01,New Mexico,87.7,17.9,13.689999999999998
1921-01-01,New Mexico,83.5,22.9,15.120000000000003
1922-01-01,New Mexico,89.2,16.9,9.51
1923-01-01,New Mexico,87.6,21.5,17.75
1924-01-01,New Mexico,90.5,16.4,9.350000000000001
1925-01-01,New Mexico,87.9,14.7,12.75
1926-01-01,New Mexico,86.7,16.3,17.1
1927-01-01,New Mexico,87.4,18.1,12.9
1928-01-01,New Mexico,88.1,19.5,14.169999999999998
1929-01-01,New Mexico,87.4,18.2,15.600000000000001
1930-01-01,New Mexico,86.7,15.5,13.53
1931-01-01,New Mexico,87.5,18.3,17.77
1932-01-01,New Mexico,86.8,16.1,15.850000000000001
1933-01-01,New Mexico,88.1,15.8,12.969999999999999
1934-01-01,New Mexico,91.2,18.5,9.639999999999999
1935-01-01,New Mexico,88.3,21.2,14.979999999999999
1936-01-01,New Mexico,87.7,19.4,13.030000000000001
1937-01-01,New Mexico,88.6,12.7,14.12
1938-01-01,New Mexico,87.4,21.0,13.7
1939-01-01,New Mexico,87.9,15.3,12.87
1940-01-01,New Mexico,88.8,18.6,14.5
1941-01-01,New Mexico,84.5,23.0,26.57
1942-01-01,New Mexico,88.5,19.2,14.43
1943-01-01,New Mexico,88.3,19.1,11.689999999999998
1944-01-01,New Mexico,87.1,16.4,13.76
1945-01-01,New Mexico,87.7,17.6,9.72
1946-01-01,New Mexico,88.9,17.6,12.930000000000001
1947-01-01,New Mexico,89.8,16.9,10.55
1948-01-01,New Mexico,89.0,16.8,12.580000000000002
1949-01-01,New Mexico,86.5,16.6,15.619999999999997
1950-01-01,New Mexico,87.4,21.1,10.580000000000002
1951-01-01,New Mexico,91.3,18.2,9.93
1952-01-01,New Mexico,88.2,18.5,11.58
1953-01-01,New Mexico,90.0,15.8,9.659999999999998
1954-01-01,New Mexico,89.7,19.9,11.180000000000001
1955-01-01,New Mexico,85.2,16.7,11.14
1956-01-01,New Mexico,89.4,18.3,6.579999999999999
1957-01-01,New Mexico,88.6,22.2,16.069999999999997
1958-01-01,New Mexico,89.4,19.0,16.639999999999997
1959-01-01,New Mexico,87.8,18.4,13.110000000000001
1960-01-01,New Mexico,87.7,17.0,14.609999999999998
1961-01-01,New Mexico,87.5,17.0,13.700000000000001
1962-01-01,New Mexico,88.9,16.9,12.64
1963-01-01,New Mexico,90.3,13.6,11.3
1964-01-01,New Mexico,89.4,14.1,10.16
1965-01-01,New Mexico,87.3,20.0,15.3
1966-01-01,New Mexico,90.0,15.5,12.209999999999999
1967-01-01,New Mexico,86.9,16.8,13.049999999999997
1968-01-01,New Mexico,87.2,17.4,12.69
1969-01-01,New Mexico,88.4,22.7,16.650000000000002
1970-01-01,New Mexico,87.3,18.0,10.379999999999999
1971-01-01,New Mexico,88.1,18.4,13.42
1972-01-01,New Mexico,86.9,19.6,16.73
1973-01-01,New Mexico,86.1,18.0,12.02
1974-01-01,New Mexico,89.0,18.3,14.839999999999998
1975-01-01,New Mexico,85.7,19.0,12.940000000000001
1976-01-01,New Mexico,85.6,16.6,11.38
1977-01-01,New Mexico,87.6,17.1,13.219999999999999
1978-01-01,New Mexico,90.2,19.0,16.48
1979-01-01,New Mexico,88.5,17.7,14.450000000000001
1980-01-01,New Mexico,92.3,24.5,12.190000000000001
1981-01-01,New Mexico,88.6,22.5,15.219999999999997
1982-01-01,New Mexico,87.7,20.7,15.01
1983-01-01,New Mexico,88.2,20.4,14.319999999999999
1984-01-01,New Mexico,86.7,18.6,17.62
1985-01-01,New Mexico,87.9,19.2,17.459999999999997
1986-01-01,New Mexico,85.3,22.5,20.57
1987-01-01,New Mexico,87.7,18.5,14.96
1988-01-01,New Mexico,86.0,17.8,15.930000000000001
1989-01-01,New Mexico,88.0,17.0,11.009999999999998
1990-01-01,New Mexico,91.9,17.7,15.96
1991-01-01,New Mexico,84.5,20.1,19.019999999999996
1992-01-01,New Mexico,86.5,19.3,15.53
1993-01-01,New Mexico,88.6,20.3,14.1
1994-01-01,New Mexico,91.0,19.0,14.430000000000001
1995-01-01,New Mexico,88.7,23.4,11.739999999999998
1996-01-01,New Mexico,87.9,20.7,14.13
1997-01-01,New Mexico,88.1,19.1,18.64
1998-01-01,New Mexico,88.5,22.6,14.100000000000001
1999-01-01,New Mexico,85.5,19.4,14.95
2000-01-01,New Mexico,89.7,21.2,13.360000000000003
2001-01-01,New Mexico,89.9,19.1,11.82
2002-01-01,New Mexico,91.2,21.2,12.29
2003-01-01,New Mexico,93.0,21.6,9.070000000000002
2004-01-01,New Mexico,87.4,21.4,17.25
2005-01-01,New Mexico,91.3,20.9,14.34
2006-01-01,New Mexico,89.6,20.7,15.969999999999997
2007-01-01,New Mexico,87.9,18.8,14.750000000000002
2008-01-01,New Mexico,89.5,18.5,13.739999999999998
2009-01-01,New Mexico,89.8,19.1,11.940000000000001
2010-01-01,New Mexico,89.5,19.8,14.82
2011-01-01,New Mexico,91.6,17.9,9.8
2012-01-01,New Mexico,91.8,21.3,8.41
2013-01-01,New Mexico,91.4,17.6,13.67
2014-01-01,New Mexico,89.2,20.0,13.200000000000001
2015-01-01,New Mexico,88.1,22.3,19.330000000000002
2016-01-01,New Mexico,92.9,21.1,12.94
2017-01-01,New Mexico,89.9,22.9,14.799999999999999
2018-01-01,New Mexico,91.2,20.3,12.72
2019-01-01,New Mexico,91.0,22.6,13.379999999999999
2020-01-01,New Mexico,92.2,19.7,8.35
2021-01-01,New Mexico,88.8,20.8,12.369999999999997
2022-01-01,New Mexico,90.3,-99.9,-30.18
1895-01-01,New York,79.6,4.6,34.93
1896-01-01,New York,79.1,9.5,38.79
1897-01-01,New York,80.2,10.6,41.63
1898-01-01,New York,82.0,12.3,45.02
1899-01-01,New York,79.9,8.7,34.88
1900-01-01,New York,80.6,10.9,40.279999999999994
1901-01-01,New York,82.3,5.1,43.769999999999996
1902-01-01,New York,76.8,9.0,43.370000000000005
1903-01-01,New York,76.6,10.4,43.92000000000001
1904-01-01,New York,77.2,2.7,38.65
1905-01-01,New York,78.5,3.4,40.73
1906-01-01,New York,79.5,9.4,38.129999999999995
1907-01-01,New York,78.3,3.3,39.019999999999996
1908-01-01,New York,81.3,6.2,34.57
1909-01-01,New York,77.4,14.1,37.019999999999996
1910-01-01,New York,81.0,8.2,38.349999999999994
1911-01-01,New York,83.0,11.4,36.56
1912-01-01,New York,80.1,2.0,39.57
1913-01-01,New York,80.1,8.6,39.29
1914-01-01,New York,77.5,1.5,36.669999999999995
1915-01-01,New York,77.0,13.4,41.050000000000004
1916-01-01,New York,82.1,7.2,39.69
1917-01-01,New York,78.6,4.6,40.42
1918-01-01,New York,80.3,0.3,40.38000000000001
1919-01-01,New York,80.4,9.6,40.19
1920-01-01,New York,77.8,-0.1,41.31999999999999
1921-01-01,New York,84.0,13.6,36.940000000000005
1922-01-01,New York,78.6,6.1,39.89
1923-01-01,New York,78.4,4.9,36.300000000000004
1924-01-01,New York,78.1,5.9,38.370000000000005
1925-01-01,New York,78.0,5.5,41.79
1926-01-01,New York,79.1,8.2,39.86
1927-01-01,New York,77.7,9.4,44.97
1928-01-01,New York,79.0,11.2,38.93000000000001
1929-01-01,New York,79.6,10.5,43.22
1930-01-01,New York,79.2,12.3,32.27
1931-01-01,New York,81.4,11.0,37.760000000000005
1932-01-01,New York,78.8,15.4,42.510000000000005
1933-01-01,New York,82.4,12.1,37.61
1934-01-01,New York,82.8,-5.2,34.599999999999994
1935-01-01,New York,81.9,6.4,39.14999999999999
1936-01-01,New York,81.6,3.4,40.32
1937-01-01,New York,81.4,15.9,43.760000000000005
1938-01-01,New York,80.9,10.1,41.38999999999999
1939-01-01,New York,81.5,11.3,34.57
1940-01-01,New York,79.2,3.7,40.51
1941-01-01,New York,81.4,9.8,31.950000000000003
1942-01-01,New York,78.9,9.4,44.099999999999994
1943-01-01,New York,80.1,7.6,39.92999999999999
1944-01-01,New York,81.8,10.7,37.8
1945-01-01,New York,78.2,2.1,50.09
1946-01-01,New York,79.7,8.6,38.050000000000004
1947-01-01,New York,81.6,9.7,44.28
1948-01-01,New York,80.3,4.5,41.36000000000001
1949-01-01,New York,83.9,16.7,35.63
1950-01-01,New York,78.1,10.7,42.72
1951-01-01,New York,78.7,14.5,44.53
1952-01-01,New York,83.4,14.6,40.449999999999996
1953-01-01,New York,80.8,17.6,38.769999999999996
1954-01-01,New York,78.6,7.6,44.24999999999999
1955-01-01,New York,85.9,9.7,41.26
1956-01-01,New York,76.4,13.3,40.010000000000005
1957-01-01,New York,78.8,4.4,34.73
1958-01-01,New York,78.0,6.8,42.06
1959-01-01,New York,81.5,6.9,43.03
1960-01-01,New York,77.5,10.2,36.77
1961-01-01,New York,78.2,4.0,38.36
1962-01-01,New York,77.4,8.2,36.14
1963-01-01,New York,79.9,3.2,32.9
1964-01-01,New York,81.4,9.4,31.559999999999995
1965-01-01,New York,77.3,7.5,33.559999999999995
1966-01-01,New York,81.8,9.3,35.31000000000001
1967-01-01,New York,79.2,5.5,39.559999999999995
1968-01-01,New York,80.0,4.3,40.55
1969-01-01,New York,79.1,11.2,39.75
1970-01-01,New York,79.1,0.6,38.97
1971-01-01,New York,78.3,4.9,39.28999999999999
1972-01-01,New York,78.4,7.8,50.44
1973-01-01,New York,80.7,8.0,44.28
1974-01-01,New York,78.9,8.6,42.27
1975-01-01,New York,81.0,15.2,45.96000000000001
1976-01-01,New York,77.7,3.1,47.800000000000004
1977-01-01,New York,79.6,2.4,50.06
1978-01-01,New York,79.2,2.5,38.410000000000004
1979-01-01,New York,80.1,1.1,43.97
1980-01-01,New York,79.7,8.3,36.269999999999996
1981-01-01,New York,79.0,1.8,40.150000000000006
1982-01-01,New York,80.2,1.9,37.32
1983-01-01,New York,82.0,14.0,45.6
1984-01-01,New York,78.5,7.8,42.589999999999996
1985-01-01,New York,78.4,7.9,38.93
1986-01-01,New York,77.3,12.0,44.68000000000001
1987-01-01,New York,80.8,7.9,39.540000000000006
1988-01-01,New York,82.6,9.5,35.739999999999995
1989-01-01,New York,79.6,1.4,42.8
1990-01-01,New York,78.8,16.1,50.02000000000001
1991-01-01,New York,80.2,12.3,37.07000000000001
1992-01-01,New York,74.2,13.5,42.69
1993-01-01,New York,80.5,3.4,41.37
1994-01-01,New York,80.6,0.1,42.11
1995-01-01,New York,81.3,8.4,37.1
1996-01-01,New York,78.1,9.1,50.83
1997-01-01,New York,78.4,10.7,39.010000000000005
1998-01-01,New York,78.8,20.1,41.400000000000006
1999-01-01,New York,82.7,11.2,38.77
2000-01-01,New York,75.2,9.5,46.239999999999995
2001-01-01,New York,81.8,14.5,34.14
2002-01-01,New York,81.4,17.0,43.559999999999995
2003-01-01,New York,79.1,6.0,48.019999999999996
2004-01-01,New York,76.7,4.4,45.169999999999995
2005-01-01,New York,81.9,9.8,46.849999999999994
2006-01-01,New York,81.2,16.1,48.89
2007-01-01,New York,79.0,7.6,44.47
2008-01-01,New York,79.5,14.8,47.730000000000004
2009-01-01,New York,77.9,5.8,42.370000000000005
2010-01-01,New York,82.4,14.3,43.92
2011-01-01,New York,83.1,10.6,55.709999999999994
2012-01-01,New York,83.2,17.4,39.56
2013-01-01,New York,80.9,15.6,43.99
2014-01-01,New York,77.7,7.4,43.22
2015-01-01,New York,79.0,-1.8,40.64
2016-01-01,New York,81.8,15.4,38.17
2017-01-01,New York,77.8,15.2,47.38
2018-01-01,New York,82.7,9.5,48.580000000000005
2019-01-01,New York,81.8,10.1,48.22
2020-01-01,New York,83.7,18.6,39.28
2021-01-01,New York,80.0,13.2,46.28000000000001
2022-01-01,New York,81.4,-99.9,-12.449999999999998
1895-01-01,North Carolina,86.4,20.6,49.769999999999996
1896-01-01,North Carolina,88.1,27.8,47.77000000000001
1897-01-01,North Carolina,87.3,26.4,45.24
1898-01-01,North Carolina,87.4,27.5,49.85999999999999
1899-01-01,North Carolina,87.5,26.2,53.24999999999999
1900-01-01,North Carolina,92.6,28.1,48.45
1901-01-01,North Carolina,88.2,26.3,62.61
1902-01-01,North Carolina,89.8,25.3,45.040000000000006
1903-01-01,North Carolina,88.6,24.4,49.949999999999996
1904-01-01,North Carolina,86.7,24.2,45.080000000000005
1905-01-01,North Carolina,86.6,23.9,53.129999999999995
1906-01-01,North Carolina,86.3,28.5,58.010000000000005
1907-01-01,North Carolina,88.4,27.6,48.790000000000006
1908-01-01,North Carolina,86.9,26.9,60.08
1909-01-01,North Carolina,85.5,25.4,47.82
1910-01-01,North Carolina,86.7,24.7,49.449999999999996
1911-01-01,North Carolina,88.6,32.9,42.589999999999996
1912-01-01,North Carolina,86.4,23.3,48.36000000000001
1913-01-01,North Carolina,89.0,31.5,52.03
1914-01-01,North Carolina,88.8,26.8,45.97
1915-01-01,North Carolina,88.1,27.4,48.47
1916-01-01,North Carolina,86.0,28.7,47.51999999999999
1917-01-01,North Carolina,86.2,21.5,51.5
1918-01-01,North Carolina,88.4,20.9,47.94
1919-01-01,North Carolina,87.2,28.7,46.67000000000001
1920-01-01,North Carolina,85.8,27.8,55.330000000000005
1921-01-01,North Carolina,88.4,30.6,42.13999999999999
1922-01-01,North Carolina,86.8,29.8,57.65999999999999
1923-01-01,North Carolina,87.0,29.7,44.24
1924-01-01,North Carolina,87.8,26.4,54.53
1925-01-01,North Carolina,90.2,29.6,38.39
1926-01-01,North Carolina,88.9,28.4,42.35
1927-01-01,North Carolina,86.5,29.5,45.47
1928-01-01,North Carolina,87.6,27.1,56.75
1929-01-01,North Carolina,85.9,29.7,61.769999999999996
1930-01-01,North Carolina,90.5,27.5,37.900000000000006
1931-01-01,North Carolina,90.8,28.2,43.16
1932-01-01,North Carolina,91.9,33.8,50.58
1933-01-01,North Carolina,88.7,32.6,37.75
1934-01-01,North Carolina,89.7,23.6,52.55
1935-01-01,North Carolina,86.9,24.1,47.040000000000006
1936-01-01,North Carolina,89.6,25.8,59.87999999999998
1937-01-01,North Carolina,87.8,29.7,51.87
1938-01-01,North Carolina,89.0,30.0,47.989999999999995
1939-01-01,North Carolina,88.2,30.5,49.94
1940-01-01,North Carolina,87.5,18.6,43.54
1941-01-01,North Carolina,87.8,25.1,38.91
1942-01-01,North Carolina,89.8,26.8,50.7
1943-01-01,North Carolina,89.6,28.7,43.21000000000001
1944-01-01,North Carolina,89.6,25.8,52.88999999999999
1945-01-01,North Carolina,86.9,26.8,54.34
1946-01-01,North Carolina,85.4,31.7,49.16
1947-01-01,North Carolina,87.2,22.7,51.61
1948-01-01,North Carolina,88.9,24.2,55.69
1949-01-01,North Carolina,88.5,33.1,52.65
1950-01-01,North Carolina,85.4,26.1,45.22
1951-01-01,North Carolina,88.9,30.0,40.69
1952-01-01,North Carolina,90.9,30.2,48.89
1953-01-01,North Carolina,89.5,31.5,45.28999999999999
1954-01-01,North Carolina,90.0,27.8,42.39
1955-01-01,North Carolina,88.8,26.6,49.15000000000001
1956-01-01,North Carolina,87.7,26.8,47.67
1957-01-01,North Carolina,88.6,31.2,54.059999999999995
1958-01-01,North Carolina,88.0,23.8,50.15
1959-01-01,North Carolina,87.8,26.6,55.24
1960-01-01,North Carolina,86.2,22.8,50.260000000000005
1961-01-01,North Carolina,87.0,23.8,51.28
1962-01-01,North Carolina,85.9,27.0,53.01
1963-01-01,North Carolina,86.1,23.4,43.59
1964-01-01,North Carolina,85.8,27.7,57.29
1965-01-01,North Carolina,86.5,28.2,44.169999999999995
1966-01-01,North Carolina,88.4,25.8,47.99000000000001
1967-01-01,North Carolina,84.2,27.9,47.6
1968-01-01,North Carolina,89.0,22.3,41.669999999999995
1969-01-01,North Carolina,88.5,26.6,50.43
1970-01-01,North Carolina,87.4,22.4,43.809999999999995
1971-01-01,North Carolina,85.5,28.4,56.41000000000001
1972-01-01,North Carolina,86.0,29.5,53.39000000000001
1973-01-01,North Carolina,86.5,27.4,52.28999999999999
1974-01-01,North Carolina,85.9,31.4,52.28000000000001
1975-01-01,North Carolina,88.4,30.0,57.53999999999999
1976-01-01,North Carolina,86.9,25.7,45.95
1977-01-01,North Carolina,91.2,18.7,48.809999999999995
1978-01-01,North Carolina,87.2,23.1,47.83999999999999
1979-01-01,North Carolina,87.0,25.5,58.73
1980-01-01,North Carolina,90.0,24.8,44.309999999999995
1981-01-01,North Carolina,87.9,22.0,40.76
1982-01-01,North Carolina,86.3,24.2,52.16
1983-01-01,North Carolina,89.9,29.0,52.870000000000005
1984-01-01,North Carolina,86.0,26.1,50.949999999999996
1985-01-01,North Carolina,85.5,24.1,47.00000000000001
1986-01-01,North Carolina,91.6,26.0,38.89
1987-01-01,North Carolina,89.9,28.4,47.98999999999999
1988-01-01,North Carolina,88.3,24.7,39.89999999999999
1989-01-01,North Carolina,85.9,23.5,60.57
1990-01-01,North Carolina,88.7,34.9,48.599999999999994
1991-01-01,North Carolina,88.5,32.4,47.87
1992-01-01,North Carolina,89.0,31.5,52.61
1993-01-01,North Carolina,92.2,29.1,46.13999999999999
1994-01-01,North Carolina,86.7,25.6,50.11
1995-01-01,North Carolina,88.5,27.4,54.35000000000001
1996-01-01,North Carolina,86.6,28.1,56.79
1997-01-01,North Carolina,88.2,30.2,46.09
1998-01-01,North Carolina,88.9,34.9,53.82999999999999
1999-01-01,North Carolina,88.8,31.5,52.47
2000-01-01,North Carolina,85.8,24.8,44.36
2001-01-01,North Carolina,86.9,28.0,37.809999999999995
2002-01-01,North Carolina,89.5,30.4,47.529999999999994
2003-01-01,North Carolina,86.2,26.2,63.160000000000004
2004-01-01,North Carolina,87.2,26.8,49.15
2005-01-01,North Carolina,88.6,29.3,47.58
2006-01-01,North Carolina,88.2,30.7,51.17
2007-01-01,North Carolina,92.4,27.7,34.75
2008-01-01,North Carolina,89.4,29.2,45.81
2009-01-01,North Carolina,86.9,28.4,53.19999999999999
2010-01-01,North Carolina,90.1,24.2,46.27
2011-01-01,North Carolina,90.9,26.1,45.99000000000001
2012-01-01,North Carolina,90.8,32.5,46.62
2013-01-01,North Carolina,85.3,31.3,56.45
2014-01-01,North Carolina,85.9,23.5,50.080000000000005
2015-01-01,North Carolina,88.4,24.1,58.32000000000001
2016-01-01,North Carolina,90.4,28.4,50.61000000000001
2017-01-01,North Carolina,88.7,32.5,47.959999999999994
2018-01-01,North Carolina,87.2,24.2,68.35
2019-01-01,North Carolina,89.6,32.2,51.13999999999999
2020-01-01,North Carolina,89.9,31.4,66.55
2021-01-01,North Carolina,87.2,31.4,47.61
2022-01-01,North Carolina,88.6,-99.9,-7.580000000000007
1895-01-01,North Dakota,80.2,-13.2,15.64
1896-01-01,North Dakota,80.1,-4.1,22.58
1897-01-01,North Dakota,81.5,-5.5,15.599999999999998
1898-01-01,North Dakota,80.8,1.2,16.369999999999997
1899-01-01,North Dakota,81.8,-11.2,16.429999999999996
1900-01-01,North Dakota,82.1,-9.2,17.98
1901-01-01,North Dakota,83.2,-3.3,18.369999999999997
1902-01-01,North Dakota,80.3,-4.6,18.229999999999997
1903-01-01,North Dakota,79.4,-10.0,18.560000000000002
1904-01-01,North Dakota,77.6,-13.3,17.64
1905-01-01,North Dakota,81.6,-9.4,18.95
1906-01-01,North Dakota,80.4,-1.5,19.779999999999998
1907-01-01,North Dakota,78.6,-15.5,13.870000000000001
1908-01-01,North Dakota,82.8,4.5,18.110000000000003
1909-01-01,North Dakota,82.6,-6.5,17.21
1910-01-01,North Dakota,85.0,-7.9,12.67
1911-01-01,North Dakota,80.0,-12.1,18.25
1912-01-01,North Dakota,78.0,-14.8,20.639999999999997
1913-01-01,North Dakota,82.8,-9.2,14.57
1914-01-01,North Dakota,85.8,-10.1,19.19
1915-01-01,North Dakota,78.7,-4.3,20.189999999999998
1916-01-01,North Dakota,84.6,-17.9,20.25
1917-01-01,North Dakota,85.9,-11.4,11.049999999999999
1918-01-01,North Dakota,79.3,-10.8,16.130000000000003
1919-01-01,North Dakota,85.7,-1.7,15.37
1920-01-01,North Dakota,83.8,-7.0,15.370000000000001
1921-01-01,North Dakota,84.7,4.7,19.549999999999997
1922-01-01,North Dakota,84.2,-10.8,19.66
1923-01-01,North Dakota,83.5,-7.6,17.95
1924-01-01,North Dakota,78.8,-9.7,18.029999999999998
1925-01-01,North Dakota,83.7,-3.1,16.14
1926-01-01,North Dakota,84.8,-1.6,15.85
1927-01-01,North Dakota,77.4,-12.2,21.919999999999998
1928-01-01,North Dakota,78.8,2.3,18.35
1929-01-01,North Dakota,86.3,-16.6,14.830000000000002
1930-01-01,North Dakota,87.6,-11.8,15.29
1931-01-01,North Dakota,84.6,10.4,15.62
1932-01-01,North Dakota,84.3,-1.2,17.520000000000003
1933-01-01,North Dakota,86.6,-3.3,13.69
1934-01-01,North Dakota,87.1,2.7,9.67
1935-01-01,North Dakota,86.4,-8.0,18.049999999999997
1936-01-01,North Dakota,96.6,-23.4,8.809999999999999
1937-01-01,North Dakota,88.0,-18.7,17.219999999999995
1938-01-01,North Dakota,85.3,-3.4,15.52
1939-01-01,North Dakota,87.6,-13.2,14.550000000000002
1940-01-01,North Dakota,85.7,-8.2,17.76
1941-01-01,North Dakota,84.6,0.0,23.229999999999997
1942-01-01,North Dakota,79.8,-0.3,18.95
1943-01-01,North Dakota,83.6,-12.1,18.53
1944-01-01,North Dakota,81.0,-1.2,21.41
1945-01-01,North Dakota,81.2,-2.8,14.989999999999998
1946-01-01,North Dakota,84.0,-2.0,17.27
1947-01-01,North Dakota,84.4,-2.4,18.310000000000002
1948-01-01,North Dakota,82.2,-4.3,17.66
1949-01-01,North Dakota,86.2,-10.2,16.430000000000003
1950-01-01,North Dakota,78.7,-21.0,18.55
1951-01-01,North Dakota,82.1,-7.8,16.65
1952-01-01,North Dakota,81.6,-7.6,12.11
1953-01-01,North Dakota,82.8,2.8,19.920000000000005
1954-01-01,North Dakota,83.2,-12.7,18.6
1955-01-01,North Dakota,85.3,-5.1,17.22
1956-01-01,North Dakota,81.4,-4.2,17.41
1957-01-01,North Dakota,86.8,-8.8,18.91
1958-01-01,North Dakota,84.4,0.3,13.77
1959-01-01,North Dakota,85.7,-7.2,15.78
1960-01-01,North Dakota,86.7,-2.4,14.780000000000001
1961-01-01,North Dakota,88.8,-3.5,13.09
1962-01-01,North Dakota,82.2,-4.2,21.210000000000004
1963-01-01,North Dakota,84.3,-9.0,17.42
1964-01-01,North Dakota,84.2,-6.6,19.490000000000002
1965-01-01,North Dakota,80.1,-8.8,20.910000000000004
1966-01-01,North Dakota,84.7,-15.4,16.7
1967-01-01,North Dakota,84.0,-4.1,14.429999999999998
1968-01-01,North Dakota,81.3,-3.3,18.929999999999996
1969-01-01,North Dakota,87.0,-12.1,16.899999999999995
1970-01-01,North Dakota,84.7,-7.3,19.060000000000002
1971-01-01,North Dakota,85.8,-8.9,19.84
1972-01-01,North Dakota,82.4,-8.6,17.59
1973-01-01,North Dakota,85.9,2.8,16.799999999999997
1974-01-01,North Dakota,87.4,-6.2,15.620000000000001
1975-01-01,North Dakota,85.6,0.0,21.26
1976-01-01,North Dakota,85.1,-0.4,12.29
1977-01-01,North Dakota,83.6,-11.8,21.310000000000002
1978-01-01,North Dakota,82.4,-12.5,17.89
1979-01-01,North Dakota,82.1,-13.8,14.420000000000002
1980-01-01,North Dakota,85.4,-3.8,16.75
1981-01-01,North Dakota,83.4,3.7,17.080000000000002
1982-01-01,North Dakota,82.1,-18.2,21.419999999999998
1983-01-01,North Dakota,88.7,-11.1,15.720000000000002
1984-01-01,North Dakota,86.3,-2.6,15.889999999999997
1985-01-01,North Dakota,84.5,-4.2,17.33
1986-01-01,North Dakota,80.5,2.6,21.79
1987-01-01,North Dakota,81.9,10.0,16.099999999999998
1988-01-01,North Dakota,89.2,-3.9,11.43
1989-01-01,North Dakota,87.6,-7.6,14.33
1990-01-01,North Dakota,83.7,-1.9,15.069999999999999
1991-01-01,North Dakota,84.9,-3.8,19.720000000000002
1992-01-01,North Dakota,76.5,0.1,14.72
1993-01-01,North Dakota,76.1,-4.0,22.95
1994-01-01,North Dakota,79.4,-10.7,20.4
1995-01-01,North Dakota,83.0,1.5,19.59
1996-01-01,North Dakota,83.8,-9.4,18.52
1997-01-01,North Dakota,81.2,-8.0,16.519999999999996
1998-01-01,North Dakota,83.8,1.8,21.18
1999-01-01,North Dakota,81.6,-2.2,20.439999999999998
2000-01-01,North Dakota,81.8,-6.4,21.31
2001-01-01,North Dakota,84.8,-4.9,16.819999999999997
2002-01-01,North Dakota,85.1,5.9,15.830000000000002
2003-01-01,North Dakota,86.6,-2.1,16.240000000000002
2004-01-01,North Dakota,79.8,-5.4,18.86
2005-01-01,North Dakota,82.4,-4.1,20.979999999999997
2006-01-01,North Dakota,89.5,4.8,14.02
2007-01-01,North Dakota,86.5,-1.4,19.000000000000004
2008-01-01,North Dakota,83.1,-4.6,19.760000000000005
2009-01-01,North Dakota,77.1,-5.2,18.96
2010-01-01,North Dakota,81.9,0.4,23.479999999999997
2011-01-01,North Dakota,82.6,-2.3,21.439999999999998
2012-01-01,North Dakota,87.3,4.8,15.09
2013-01-01,North Dakota,81.6,-4.2,23.28
2014-01-01,North Dakota,79.0,-4.9,18.610000000000007
2015-01-01,North Dakota,82.3,-2.8,17.72
2016-01-01,North Dakota,81.6,2.6,21.85
2017-01-01,North Dakota,86.7,3.9,12.990000000000002
2018-01-01,North Dakota,82.1,-5.4,17.77
2019-01-01,North Dakota,81.1,-11.4,24.39
2020-01-01,North Dakota,83.0,4.7,12.92
2021-01-01,North Dakota,87.7,-4.5,15.58
2022-01-01,North Dakota,82.8,-99.9,-24.61
1895-01-01,Ohio,85.9,9.3,28.289999999999996
1896-01-01,Ohio,82.9,21.2,40.779999999999994
1897-01-01,Ohio,86.2,16.3,39.58
1898-01-01,Ohio,87.3,20.2,44.68
1899-01-01,Ohio,86.2,12.2,34.95
1900-01-01,Ohio,87.7,15.2,33.96999999999999
1901-01-01,Ohio,89.8,11.4,33.480000000000004
1902-01-01,Ohio,85.5,12.5,37.809999999999995
1903-01-01,Ohio,84.6,14.1,36.3
1904-01-01,Ohio,82.7,10.0,36.03999999999999
1905-01-01,Ohio,83.7,11.2,40.24
1906-01-01,Ohio,84.9,14.9,36.74
1907-01-01,Ohio,83.6,15.9,43.49999999999999
1908-01-01,Ohio,85.7,18.6,34.220000000000006
1909-01-01,Ohio,83.3,16.8,42.86000000000001
1910-01-01,Ohio,84.9,15.3,36.72
1911-01-01,Ohio,86.9,23.1,42.62
1912-01-01,Ohio,83.7,8.3,38.160000000000004
1913-01-01,Ohio,86.4,16.3,44.78999999999999
1914-01-01,Ohio,86.7,10.5,35.71
1915-01-01,Ohio,81.6,16.2,40.760000000000005
1916-01-01,Ohio,88.9,16.7,37.970000000000006
1917-01-01,Ohio,82.7,11.2,37.4
1918-01-01,Ohio,88.2,4.0,36.72
1919-01-01,Ohio,87.6,16.0,40.940000000000005
1920-01-01,Ohio,81.5,12.2,38.41
1921-01-01,Ohio,89.4,23.3,43.699999999999996
1922-01-01,Ohio,83.8,15.6,37.63999999999999
1923-01-01,Ohio,84.7,16.5,40.03
1924-01-01,Ohio,83.3,14.5,38.09
1925-01-01,Ohio,84.5,16.7,35.129999999999995
1926-01-01,Ohio,84.4,17.1,44.27
1927-01-01,Ohio,83.9,19.2,43.86
1928-01-01,Ohio,84.3,18.8,35.85
1929-01-01,Ohio,84.0,14.5,46.07
1930-01-01,Ohio,89.6,17.6,27.199999999999996
1931-01-01,Ohio,89.2,21.9,37.940000000000005
1932-01-01,Ohio,85.4,21.6,37.08
1933-01-01,Ohio,87.3,20.3,38.43
1934-01-01,Ohio,90.7,8.4,27.16
1935-01-01,Ohio,87.0,17.7,40.73
1936-01-01,Ohio,89.9,11.2,33.94
1937-01-01,Ohio,84.6,21.1,45.18
1938-01-01,Ohio,85.2,20.1,39.44
1939-01-01,Ohio,83.6,21.2,37.779999999999994
1940-01-01,Ohio,85.6,7.2,38.440000000000005
1941-01-01,Ohio,86.3,17.9,31.19
1942-01-01,Ohio,85.3,17.5,38.93
1943-01-01,Ohio,85.3,19.1,35.65
1944-01-01,Ohio,87.8,16.9,33.24000000000001
1945-01-01,Ohio,83.3,12.7,44.59
1946-01-01,Ohio,85.0,20.1,35.32000000000001
1947-01-01,Ohio,87.1,13.5,40.90999999999999
1948-01-01,Ohio,85.0,10.5,42.36999999999999
1949-01-01,Ohio,87.7,24.6,37.64999999999999
1950-01-01,Ohio,81.6,15.7,48.34
1951-01-01,Ohio,84.7,20.1,40.82
1952-01-01,Ohio,88.4,24.5,35.53
1953-01-01,Ohio,86.3,23.7,29.01
1954-01-01,Ohio,86.2,21.2,36.75
1955-01-01,Ohio,88.2,18.7,36.17
1956-01-01,Ohio,81.9,17.7,40.88
1957-01-01,Ohio,84.6,15.3,39.769999999999996
1958-01-01,Ohio,82.0,12.4,39.339999999999996
1959-01-01,Ohio,86.3,14.0,40.75000000000001
1960-01-01,Ohio,83.2,14.5,29.92
1961-01-01,Ohio,82.6,13.6,40.35000000000001
1962-01-01,Ohio,83.9,15.4,33.58
1963-01-01,Ohio,84.2,9.9,26.79
1964-01-01,Ohio,85.4,17.3,37.55
1965-01-01,Ohio,83.2,17.4,36.82
1966-01-01,Ohio,86.6,13.9,36.33
1967-01-01,Ohio,83.2,15.6,35.75
1968-01-01,Ohio,83.8,13.4,38.79
1969-01-01,Ohio,83.7,17.0,36.74
1970-01-01,Ohio,83.4,10.6,37.99
1971-01-01,Ohio,84.1,14.2,33.95
1972-01-01,Ohio,82.4,17.2,42.98
1973-01-01,Ohio,83.4,20.1,41.67
1974-01-01,Ohio,85.0,19.6,40.510000000000005
1975-01-01,Ohio,84.1,23.4,42.92
1976-01-01,Ohio,82.5,13.8,33.970000000000006
1977-01-01,Ohio,86.4,2.1,38.81
1978-01-01,Ohio,82.3,5.0,38.349999999999994
1979-01-01,Ohio,80.6,8.4,45.15
1980-01-01,Ohio,84.9,14.6,39.64
1981-01-01,Ohio,83.2,13.0,39.05
1982-01-01,Ohio,84.4,10.1,37.72
1983-01-01,Ohio,87.3,17.0,40.309999999999995
1984-01-01,Ohio,83.8,13.7,36.9
1985-01-01,Ohio,82.9,14.3,39.970000000000006
1986-01-01,Ohio,84.5,19.0,38.989999999999995
1987-01-01,Ohio,85.3,21.4,31.419999999999998
1988-01-01,Ohio,88.7,15.8,32.120000000000005
1989-01-01,Ohio,83.5,9.9,42.62999999999999
1990-01-01,Ohio,81.9,26.5,51.07000000000001
1991-01-01,Ohio,86.0,21.0,31.61
1992-01-01,Ohio,81.0,22.2,39.779999999999994
1993-01-01,Ohio,85.2,17.5,38.63
1994-01-01,Ohio,83.5,11.6,35.6
1995-01-01,Ohio,86.4,17.6,38.67
1996-01-01,Ohio,82.8,17.2,46.85
1997-01-01,Ohio,83.1,17.3,38.35
1998-01-01,Ohio,83.9,28.1,39.97
1999-01-01,Ohio,88.7,19.4,33.07
2000-01-01,Ohio,80.4,13.6,40.85
2001-01-01,Ohio,83.4,20.1,37.3
2002-01-01,Ohio,87.3,24.3,38.6
2003-01-01,Ohio,82.6,14.4,46.419999999999995
2004-01-01,Ohio,81.3,15.9,45.45
2005-01-01,Ohio,85.7,20.8,40.11
2006-01-01,Ohio,84.2,23.3,43.56
2007-01-01,Ohio,85.9,11.1,41.160000000000004
2008-01-01,Ohio,83.4,20.1,44.11
2009-01-01,Ohio,81.3,12.5,36.5
2010-01-01,Ohio,86.0,18.9,36.76
2011-01-01,Ohio,88.4,16.1,55.95
2012-01-01,Ohio,89.2,23.8,37.279999999999994
2013-01-01,Ohio,81.9,21.6,41.69
2014-01-01,Ohio,81.5,10.2,38.56
2015-01-01,Ohio,81.8,7.1,43.01
2016-01-01,Ohio,86.1,18.6,37.39
2017-01-01,Ohio,83.0,21.0,45.51
2018-01-01,Ohio,84.5,16.3,50.93000000000001
2019-01-01,Ohio,86.4,19.8,46.86999999999999
2020-01-01,Ohio,88.1,25.0,42.32
2021-01-01,Ohio,84.8,17.8,41.660000000000004
2022-01-01,Ohio,84.1,-99.9,-8.76
1895-01-01,Oklahoma,92.1,18.2,30.810000000000002
1896-01-01,Oklahoma,98.5,28.0,23.09
1897-01-01,Oklahoma,96.2,22.8,29.43
1898-01-01,Oklahoma,92.1,21.1,38.61
1899-01-01,Oklahoma,98.7,15.5,32.68
1900-01-01,Oklahoma,94.8,24.0,32.529999999999994
1901-01-01,Oklahoma,100.7,23.7,22.480000000000004
1902-01-01,Oklahoma,97.4,23.0,39.02000000000001
1903-01-01,Oklahoma,93.5,24.4,30.020000000000003
1904-01-01,Oklahoma,91.0,22.3,29.6
1905-01-01,Oklahoma,92.6,17.1,40.9
1906-01-01,Oklahoma,87.9,26.7,37.24
1907-01-01,Oklahoma,94.3,28.4,33.5
1908-01-01,Oklahoma,91.7,27.6,47.24999999999999
1909-01-01,Oklahoma,96.5,21.2,27.04
1910-01-01,Oklahoma,95.7,22.9,20.32
1911-01-01,Oklahoma,98.0,27.4,30.23
1912-01-01,Oklahoma,95.3,16.9,29.45
1913-01-01,Oklahoma,99.8,23.6,33.96
1914-01-01,Oklahoma,97.6,23.7,27.63
1915-01-01,Oklahoma,89.5,25.2,46.019999999999996
1916-01-01,Oklahoma,96.6,23.9,29.6
1917-01-01,Oklahoma,95.8,21.0,23.270000000000003
1918-01-01,Oklahoma,98.9,13.7,33.309999999999995
1919-01-01,Oklahoma,94.3,24.1,34.44
1920-01-01,Oklahoma,92.7,25.7,36.49
1921-01-01,Oklahoma,94.9,29.4,30.319999999999997
1922-01-01,Oklahoma,96.4,24.2,33.58
1923-01-01,Oklahoma,97.0,27.0,44.61
1924-01-01,Oklahoma,95.3,21.5,27.229999999999997
1925-01-01,Oklahoma,95.8,22.2,28.13
1926-01-01,Oklahoma,92.5,26.3,39.230000000000004
1927-01-01,Oklahoma,91.7,23.1,39.21999999999999
1928-01-01,Oklahoma,92.6,27.2,36.74
1929-01-01,Oklahoma,97.2,21.0,35.2
1930-01-01,Oklahoma,97.5,13.7,30.599999999999998
1931-01-01,Oklahoma,95.3,29.1,31.55999999999999
1932-01-01,Oklahoma,94.8,24.7,33.71
1933-01-01,Oklahoma,95.9,24.7,30.279999999999998
1934-01-01,Oklahoma,102.3,28.2,27.109999999999996
1935-01-01,Oklahoma,96.2,27.9,37.48
1936-01-01,Oklahoma,102.2,19.7,22.770000000000003
1937-01-01,Oklahoma,96.8,22.1,28.44
1938-01-01,Oklahoma,97.0,28.8,33.38999999999999
1939-01-01,Oklahoma,97.6,25.1,26.45
1940-01-01,Oklahoma,93.0,14.0,33.730000000000004
1941-01-01,Oklahoma,93.5,29.8,45.839999999999996
1942-01-01,Oklahoma,93.1,22.6,39.31999999999999
1943-01-01,Oklahoma,100.6,24.0,28.240000000000002
1944-01-01,Oklahoma,94.6,26.6,36.59
1945-01-01,Oklahoma,91.7,23.3,41.81999999999999
1946-01-01,Oklahoma,96.8,27.4,35.85
1947-01-01,Oklahoma,97.8,23.4,31.73
1948-01-01,Oklahoma,92.3,20.8,31.19
1949-01-01,Oklahoma,93.8,20.7,38.64
1950-01-01,Oklahoma,88.2,23.6,34.72
1951-01-01,Oklahoma,97.2,24.8,34.92
1952-01-01,Oklahoma,97.5,27.4,23.53
1953-01-01,Oklahoma,97.8,28.3,31.700000000000003
1954-01-01,Oklahoma,102.4,24.6,22.89
1955-01-01,Oklahoma,95.6,25.7,29.360000000000003
1956-01-01,Oklahoma,99.6,24.1,20.729999999999997
1957-01-01,Oklahoma,96.9,23.8,47.879999999999995
1958-01-01,Oklahoma,92.5,25.2,32.89
1959-01-01,Oklahoma,92.8,22.2,40.05
1960-01-01,Oklahoma,91.5,24.6,36.269999999999996
1961-01-01,Oklahoma,90.6,21.4,37.79
1962-01-01,Oklahoma,95.5,19.7,32.13
1963-01-01,Oklahoma,96.0,15.9,21.61
1964-01-01,Oklahoma,98.5,25.1,32.78
1965-01-01,Oklahoma,95.2,26.2,29.840000000000003
1966-01-01,Oklahoma,96.7,21.6,24.919999999999998
1967-01-01,Oklahoma,90.4,25.8,32.730000000000004
1968-01-01,Oklahoma,91.0,25.0,39.11
1969-01-01,Oklahoma,97.3,27.7,33.63
1970-01-01,Oklahoma,96.4,20.4,29.17
1971-01-01,Oklahoma,93.3,23.5,34.309999999999995
1972-01-01,Oklahoma,92.3,23.6,29.48
1973-01-01,Oklahoma,92.4,24.2,46.75
1974-01-01,Oklahoma,97.0,23.2,39.580000000000005
1975-01-01,Oklahoma,92.0,26.0,35.6
1976-01-01,Oklahoma,94.1,23.4,26.709999999999994
1977-01-01,Oklahoma,96.0,16.2,31.91
1978-01-01,Oklahoma,99.5,16.5,28.330000000000002
1979-01-01,Oklahoma,91.8,15.4,34.71
1980-01-01,Oklahoma,102.0,25.3,26.51
1981-01-01,Oklahoma,94.8,24.9,35.25
1982-01-01,Oklahoma,95.4,20.7,35.64
1983-01-01,Oklahoma,98.0,16.3,33.02
1984-01-01,Oklahoma,94.9,20.9,34.15
1985-01-01,Oklahoma,94.1,20.3,42.26
1986-01-01,Oklahoma,96.7,27.3,40.379999999999995
1987-01-01,Oklahoma,93.1,25.4,41.28000000000001
1988-01-01,Oklahoma,94.6,22.2,29.41
1989-01-01,Oklahoma,89.8,17.8,35.39
1990-01-01,Oklahoma,92.4,24.1,43.26
1991-01-01,Oklahoma,93.8,24.0,38.71999999999999
1992-01-01,Oklahoma,90.5,29.3,41.44
1993-01-01,Oklahoma,94.6,26.1,39.18
1994-01-01,Oklahoma,92.1,24.8,36.269999999999996
1995-01-01,Oklahoma,94.0,27.6,37.81
1996-01-01,Oklahoma,92.0,22.2,37.28
1997-01-01,Oklahoma,93.3,25.2,39.309999999999995
1998-01-01,Oklahoma,99.0,29.8,36.18000000000001
1999-01-01,Oklahoma,97.3,28.2,37.27
2000-01-01,Oklahoma,99.7,21.4,36.93
2001-01-01,Oklahoma,98.1,25.8,31.98
2002-01-01,Oklahoma,92.8,27.2,35.01
2003-01-01,Oklahoma,96.1,25.2,27.869999999999997
2004-01-01,Oklahoma,88.7,27.5,40.190000000000005
2005-01-01,Oklahoma,92.8,25.3,27.56
2006-01-01,Oklahoma,97.0,27.4,29.810000000000002
2007-01-01,Oklahoma,93.7,25.8,43.56999999999999
2008-01-01,Oklahoma,93.6,25.7,38.31
2009-01-01,Oklahoma,93.4,23.7,38.04
2010-01-01,Oklahoma,97.0,24.8,32.040000000000006
2011-01-01,Oklahoma,102.9,21.9,26.24
2012-01-01,Oklahoma,99.5,29.0,25.700000000000003
2013-01-01,Oklahoma,91.6,23.7,36.7
2014-01-01,Oklahoma,93.0,22.0,28.870000000000005
2015-01-01,Oklahoma,92.9,25.3,53.72
2016-01-01,Oklahoma,94.7,26.7,31.189999999999998
2017-01-01,Oklahoma,94.2,28.6,38.61
2018-01-01,Oklahoma,95.1,23.0,41.010000000000005
2019-01-01,Oklahoma,93.7,27.7,44.980000000000004
2020-01-01,Oklahoma,93.6,28.6,39.21
2021-01-01,Oklahoma,92.5,20.7,33.660000000000004
2022-01-01,Oklahoma,100.2,-99.9,-18.630000000000003
1895-01-01,Oregon,77.1,20.0,30.050000000000004
1896-01-01,Oregon,82.6,26.0,42.05
1897-01-01,Oregon,81.3,24.4,34.93
1898-01-01,Oregon,81.1,19.3,24.52
1899-01-01,Oregon,79.6,23.0,36.72
1900-01-01,Oregon,78.5,25.3,30.02
1901-01-01,Oregon,81.6,22.8,30.599999999999998
1902-01-01,Oregon,78.4,20.7,37.56
1903-01-01,Oregon,77.2,17.1,30.799999999999997
1904-01-01,Oregon,81.5,24.3,39.24
1905-01-01,Oregon,83.0,21.8,25.38
1906-01-01,Oregon,86.0,23.2,34.81
1907-01-01,Oregon,79.3,18.3,39.17
1908-01-01,Oregon,83.3,21.9,25.009999999999998
1909-01-01,Oregon,79.5,17.5,38.199999999999996
1910-01-01,Oregon,81.9,17.5,30.95
1911-01-01,Oregon,82.3,19.6,25.749999999999996
1912-01-01,Oregon,75.3,22.8,37.56
1913-01-01,Oregon,79.1,18.9,31.349999999999998
1914-01-01,Oregon,81.0,16.6,30.229999999999997
1915-01-01,Oregon,84.0,21.5,31.590000000000003
1916-01-01,Oregon,78.4,14.3,35.690000000000005
1917-01-01,Oregon,83.2,16.2,30.620000000000005
1918-01-01,Oregon,79.8,22.4,26.42
1919-01-01,Oregon,82.7,17.6,33.400000000000006
1920-01-01,Oregon,80.6,22.0,31.68
1921-01-01,Oregon,80.4,22.6,33.21
1922-01-01,Oregon,82.7,13.3,29.98
1923-01-01,Oregon,80.2,19.0,28.97
1924-01-01,Oregon,80.6,15.4,25.490000000000002
1925-01-01,Oregon,83.1,27.7,28.890000000000008
1926-01-01,Oregon,83.2,23.7,31.310000000000002
1927-01-01,Oregon,80.9,19.2,35.91
1928-01-01,Oregon,81.6,20.2,26.16
1929-01-01,Oregon,83.7,15.1,23.09
1930-01-01,Oregon,81.4,9.9,22.169999999999998
1931-01-01,Oregon,84.3,22.2,29.13
1932-01-01,Oregon,77.9,17.2,30.200000000000003
1933-01-01,Oregon,82.4,17.2,30.97
1934-01-01,Oregon,82.5,26.8,29.679999999999996
1935-01-01,Oregon,80.9,22.7,22.970000000000002
1936-01-01,Oregon,81.4,20.9,26.809999999999995
1937-01-01,Oregon,81.3,7.1,40.42
1938-01-01,Oregon,82.6,25.6,31.450000000000003
1939-01-01,Oregon,82.8,22.6,24.060000000000002
1940-01-01,Oregon,82.8,25.8,35.83
1941-01-01,Oregon,82.2,26.7,35.24
1942-01-01,Oregon,81.6,19.4,37.57
1943-01-01,Oregon,80.2,19.6,28.769999999999996
1944-01-01,Oregon,79.3,20.0,24.38
1945-01-01,Oregon,83.2,25.6,38.02
1946-01-01,Oregon,80.8,23.0,31.73
1947-01-01,Oregon,78.4,18.9,30.98
1948-01-01,Oregon,76.6,18.9,39.35
1949-01-01,Oregon,80.0,5.5,24.759999999999998
1950-01-01,Oregon,81.6,15.5,41.09
1951-01-01,Oregon,82.1,22.0,35.06
1952-01-01,Oregon,81.7,19.9,26.71
1953-01-01,Oregon,81.2,27.0,41.25
1954-01-01,Oregon,79.1,22.9,29.76
1955-01-01,Oregon,81.6,20.7,35.93000000000001
1956-01-01,Oregon,81.4,20.3,34.589999999999996
1957-01-01,Oregon,78.2,13.6,34.76
1958-01-01,Oregon,83.6,26.7,34.910000000000004
1959-01-01,Oregon,83.4,21.9,26.840000000000003
1960-01-01,Oregon,85.2,20.4,34.32
1961-01-01,Oregon,83.7,25.3,35.43
1962-01-01,Oregon,79.6,18.1,30.79
1963-01-01,Oregon,78.6,17.1,32.12
1964-01-01,Oregon,79.5,21.8,38.989999999999995
1965-01-01,Oregon,80.1,23.0,27.72
1966-01-01,Oregon,80.4,24.5,30.72
1967-01-01,Oregon,86.7,22.6,27.840000000000003
1968-01-01,Oregon,83.2,23.6,35.01
1969-01-01,Oregon,79.9,21.7,31.820000000000004
1970-01-01,Oregon,82.8,23.7,37.18
1971-01-01,Oregon,83.9,23.3,38.269999999999996
1972-01-01,Oregon,81.8,19.0,33.41
1973-01-01,Oregon,82.5,22.4,35.09
1974-01-01,Oregon,80.0,21.1,31.960000000000008
1975-01-01,Oregon,80.6,24.4,36.39
1976-01-01,Oregon,79.7,21.4,22.659999999999997
1977-01-01,Oregon,81.7,17.7,31.61
1978-01-01,Oregon,79.3,18.8,29.01
1979-01-01,Oregon,81.2,13.5,32.68
1980-01-01,Oregon,79.8,22.4,32.96
1981-01-01,Oregon,84.0,26.9,38.03
1982-01-01,Oregon,79.4,22.0,38.279999999999994
1983-01-01,Oregon,78.8,22.3,44.46
1984-01-01,Oregon,81.7,20.2,38.080000000000005
1985-01-01,Oregon,85.4,16.9,23.109999999999996
1986-01-01,Oregon,84.5,25.1,33.00000000000001
1987-01-01,Oregon,80.6,21.5,27.33
1988-01-01,Oregon,82.4,22.6,29.85
1989-01-01,Oregon,79.2,16.7,26.970000000000002
1990-01-01,Oregon,82.9,15.6,29.909999999999997
1991-01-01,Oregon,82.0,22.3,29.570000000000004
1992-01-01,Oregon,82.7,22.1,27.550000000000004
1993-01-01,Oregon,76.1,18.8,31.150000000000002
1994-01-01,Oregon,84.4,24.1,28.59
1995-01-01,Oregon,78.9,28.0,41.42
1996-01-01,Oregon,84.5,26.2,48.87
1997-01-01,Oregon,81.5,24.6,32.599999999999994
1998-01-01,Oregon,84.2,22.6,42.91
1999-01-01,Oregon,79.8,26.0,31.639999999999997
2000-01-01,Oregon,82.0,25.6,27.910000000000007
2001-01-01,Oregon,83.8,24.2,26.84
2002-01-01,Oregon,85.2,25.0,26.209999999999997
2003-01-01,Oregon,87.1,25.7,32.059999999999995
2004-01-01,Oregon,83.6,25.6,29.69
2005-01-01,Oregon,83.7,24.6,33.22
2006-01-01,Oregon,85.6,23.7,36.44
2007-01-01,Oregon,85.3,20.6,28.99
2008-01-01,Oregon,82.6,20.8,28.63
2009-01-01,Oregon,84.2,20.4,27.620000000000008
2010-01-01,Oregon,81.4,27.1,37.910000000000004
2011-01-01,Oregon,82.0,22.5,30.679999999999996
2012-01-01,Oregon,84.6,25.0,40.08
2013-01-01,Oregon,86.0,20.3,22.719999999999995
2014-01-01,Oregon,85.8,27.5,35.290000000000006
2015-01-01,Oregon,82.6,26.2,30.17
2016-01-01,Oregon,83.1,19.2,34.68
2017-01-01,Oregon,85.6,18.8,36.220000000000006
2018-01-01,Oregon,85.5,24.1,25.41
2019-01-01,Oregon,82.3,21.8,30.03
2020-01-01,Oregon,83.1,25.6,28.76
2021-01-01,Oregon,87.4,25.7,28.5
2022-01-01,Oregon,86.1,-99.9,-22.159999999999997
1895-01-01,Pennsylvania,82.0,7.6,33.09
1896-01-01,Pennsylvania,80.8,17.9,39.989999999999995
1897-01-01,Pennsylvania,81.7,16.2,41.83
1898-01-01,Pennsylvania,84.7,18.4,45.379999999999995
1899-01-01,Pennsylvania,82.0,11.8,40.62
1900-01-01,Pennsylvania,84.8,15.4,37.85
1901-01-01,Pennsylvania,85.0,10.6,46.67000000000001
1902-01-01,Pennsylvania,80.8,12.9,46.27
1903-01-01,Pennsylvania,80.4,15.4,46.41000000000001
1904-01-01,Pennsylvania,79.6,8.2,40.3
1905-01-01,Pennsylvania,80.4,8.9,43.97
1906-01-01,Pennsylvania,81.0,14.5,41.839999999999996
1907-01-01,Pennsylvania,80.6,9.9,44.84
1908-01-01,Pennsylvania,83.7,13.0,39.84
1909-01-01,Pennsylvania,80.6,17.4,37.489999999999995
1910-01-01,Pennsylvania,83.2,14.0,39.33
1911-01-01,Pennsylvania,85.3,20.8,45.269999999999996
1912-01-01,Pennsylvania,80.7,7.6,44.089999999999996
1913-01-01,Pennsylvania,82.0,15.7,43.55000000000001
1914-01-01,Pennsylvania,80.7,8.6,38.6
1915-01-01,Pennsylvania,79.5,17.3,44.17999999999999
1916-01-01,Pennsylvania,83.6,14.1,41.879999999999995
1917-01-01,Pennsylvania,80.6,11.4,40.62
1918-01-01,Pennsylvania,83.9,4.9,41.68000000000001
1919-01-01,Pennsylvania,82.7,14.2,44.73
1920-01-01,Pennsylvania,78.8,9.7,41.37
1921-01-01,Pennsylvania,85.1,19.3,42.25000000000001
1922-01-01,Pennsylvania,81.0,12.3,35.260000000000005
1923-01-01,Pennsylvania,81.6,13.6,38.760000000000005
1924-01-01,Pennsylvania,79.8,15.5,42.97
1925-01-01,Pennsylvania,82.4,12.9,38.31
1926-01-01,Pennsylvania,81.8,16.2,43.12
1927-01-01,Pennsylvania,81.0,17.0,47.18
1928-01-01,Pennsylvania,81.7,18.3,41.980000000000004
1929-01-01,Pennsylvania,82.2,15.5,45.040000000000006
1930-01-01,Pennsylvania,84.5,17.3,28.860000000000003
1931-01-01,Pennsylvania,84.9,18.6,37.81
1932-01-01,Pennsylvania,83.2,21.3,39.629999999999995
1933-01-01,Pennsylvania,83.8,18.3,45.29
1934-01-01,Pennsylvania,86.5,3.0,38.529999999999994
1935-01-01,Pennsylvania,84.4,15.6,40.47
1936-01-01,Pennsylvania,85.4,8.1,43.33
1937-01-01,Pennsylvania,82.2,19.4,47.49
1938-01-01,Pennsylvania,84.2,18.2,40.21
1939-01-01,Pennsylvania,83.3,19.1,37.43000000000001
1940-01-01,Pennsylvania,82.7,8.7,43.84
1941-01-01,Pennsylvania,82.8,15.1,33.95
1942-01-01,Pennsylvania,82.0,15.1,48.21999999999999
1943-01-01,Pennsylvania,83.2,17.1,38.220000000000006
1944-01-01,Pennsylvania,84.2,16.7,40.5
1945-01-01,Pennsylvania,80.6,9.6,49.97
1946-01-01,Pennsylvania,82.4,17.9,40.11
1947-01-01,Pennsylvania,83.5,13.4,41.2
1948-01-01,Pennsylvania,82.1,9.0,46.13
1949-01-01,Pennsylvania,85.3,22.6,37.65
1950-01-01,Pennsylvania,79.2,16.9,48.31999999999999
1951-01-01,Pennsylvania,82.0,19.7,44.400000000000006
1952-01-01,Pennsylvania,85.8,21.7,46.02
1953-01-01,Pennsylvania,84.1,22.5,40.59
1954-01-01,Pennsylvania,82.8,16.1,41.64
1955-01-01,Pennsylvania,87.8,16.2,40.59
1956-01-01,Pennsylvania,78.4,18.1,47.94
1957-01-01,Pennsylvania,82.2,13.6,36.45
1958-01-01,Pennsylvania,81.1,11.8,43.24
1959-01-01,Pennsylvania,83.2,14.4,42.81999999999999
1960-01-01,Pennsylvania,80.7,11.1,39.77
1961-01-01,Pennsylvania,81.0,10.4,40.86000000000001
1962-01-01,Pennsylvania,80.4,14.7,37.5
1963-01-01,Pennsylvania,82.4,7.2,31.93
1964-01-01,Pennsylvania,83.0,13.7,36.71
1965-01-01,Pennsylvania,81.2,14.2,33.87
1966-01-01,Pennsylvania,85.9,14.3,35.89
1967-01-01,Pennsylvania,81.5,12.8,42.12
1968-01-01,Pennsylvania,83.2,10.8,38.07
1969-01-01,Pennsylvania,80.4,16.5,37.96
1970-01-01,Pennsylvania,81.3,9.0,43.89000000000001
1971-01-01,Pennsylvania,80.7,12.8,40.78
1972-01-01,Pennsylvania,80.2,13.6,52.64
1973-01-01,Pennsylvania,81.9,15.8,45.66
1974-01-01,Pennsylvania,81.5,16.5,43.45
1975-01-01,Pennsylvania,82.0,20.8,50.23
1976-01-01,Pennsylvania,79.7,11.8,41.690000000000005
1977-01-01,Pennsylvania,83.0,3.8,46.69
1978-01-01,Pennsylvania,80.6,7.0,43.099999999999994
1979-01-01,Pennsylvania,79.6,7.4,48.31
1980-01-01,Pennsylvania,83.0,14.0,36.870000000000005
1981-01-01,Pennsylvania,81.0,10.6,40.21
1982-01-01,Pennsylvania,82.2,9.4,38.34
1983-01-01,Pennsylvania,84.1,18.4,46.72
1984-01-01,Pennsylvania,80.2,12.3,46.110000000000014
1985-01-01,Pennsylvania,80.5,13.9,41.540000000000006
1986-01-01,Pennsylvania,81.2,17.3,43.25
1987-01-01,Pennsylvania,84.1,16.7,40.67
1988-01-01,Pennsylvania,86.6,12.2,35.900000000000006
1989-01-01,Pennsylvania,80.6,9.2,44.279999999999994
1990-01-01,Pennsylvania,80.4,23.5,49.699999999999996
1991-01-01,Pennsylvania,83.9,18.2,33.36
1992-01-01,Pennsylvania,78.6,20.2,41.61
1993-01-01,Pennsylvania,83.8,13.7,45.79999999999999
1994-01-01,Pennsylvania,82.5,9.2,48.19
1995-01-01,Pennsylvania,84.7,14.5,37.50999999999999
1996-01-01,Pennsylvania,79.8,14.8,56.31000000000001
1997-01-01,Pennsylvania,81.6,16.6,38.800000000000004
1998-01-01,Pennsylvania,81.9,26.7,40.410000000000004
1999-01-01,Pennsylvania,86.3,18.0,41.12
2000-01-01,Pennsylvania,77.7,14.3,41.37999999999999
2001-01-01,Pennsylvania,83.1,18.5,34.36
2002-01-01,Pennsylvania,84.4,20.3,43.55
2003-01-01,Pennsylvania,81.1,13.4,53.57
2004-01-01,Pennsylvania,78.8,12.3,53.9
2005-01-01,Pennsylvania,84.0,18.2,42.97
2006-01-01,Pennsylvania,82.8,21.3,47.57000000000001
2007-01-01,Pennsylvania,81.5,12.0,44.12
2008-01-01,Pennsylvania,82.3,19.0,45.82
2009-01-01,Pennsylvania,80.2,12.3,42.769999999999996
2010-01-01,Pennsylvania,85.4,18.7,42.309999999999995
2011-01-01,Pennsylvania,86.8,15.0,61.0
2012-01-01,Pennsylvania,85.7,21.3,43.49
2013-01-01,Pennsylvania,82.6,19.8,41.82000000000001
2014-01-01,Pennsylvania,79.9,10.1,42.43
2015-01-01,Pennsylvania,81.3,5.5,43.1
2016-01-01,Pennsylvania,84.8,16.7,39.0
2017-01-01,Pennsylvania,81.6,20.4,46.610000000000014
2018-01-01,Pennsylvania,82.9,13.6,64.04
2019-01-01,Pennsylvania,84.0,17.7,50.78
2020-01-01,Pennsylvania,86.6,24.4,43.26
2021-01-01,Pennsylvania,82.6,18.9,46.120000000000005
2022-01-01,Pennsylvania,84.0,-99.9,-10.46000000000001
1895-01-01,Rhode Island,78.3,11.8,44.78
1896-01-01,Rhode Island,78.8,15.3,44.31
1897-01-01,Rhode Island,78.1,17.1,49.43
1898-01-01,Rhode Island,79.1,18.5,60.18
1899-01-01,Rhode Island,79.3,15.6,43.87
1900-01-01,Rhode Island,81.5,17.6,46.38999999999999
1901-01-01,Rhode Island,80.9,13.0,54.31999999999999
1902-01-01,Rhode Island,76.1,15.8,45.15
1903-01-01,Rhode Island,78.6,16.2,47.01000000000001
1904-01-01,Rhode Island,77.6,10.2,45.099999999999994
1905-01-01,Rhode Island,79.7,11.3,40.330000000000005
1906-01-01,Rhode Island,78.8,18.1,46.349999999999994
1907-01-01,Rhode Island,79.7,9.1,45.36
1908-01-01,Rhode Island,81.4,14.8,40.79
1909-01-01,Rhode Island,78.3,19.7,42.169999999999995
1910-01-01,Rhode Island,82.0,15.2,38.57
1911-01-01,Rhode Island,82.9,16.1,43.800000000000004
1912-01-01,Rhode Island,79.8,9.6,44.699999999999996
1913-01-01,Rhode Island,81.1,15.8,45.16
1914-01-01,Rhode Island,76.4,12.1,37.660000000000004
1915-01-01,Rhode Island,76.9,21.6,43.510000000000005
1916-01-01,Rhode Island,78.6,14.8,45.129999999999995
1917-01-01,Rhode Island,79.5,13.2,42.28
1918-01-01,Rhode Island,78.8,10.0,40.6
1919-01-01,Rhode Island,79.8,16.5,53.3
1920-01-01,Rhode Island,78.6,9.6,51.16
1921-01-01,Rhode Island,80.0,18.7,42.029999999999994
1922-01-01,Rhode Island,77.7,14.8,46.87
1923-01-01,Rhode Island,77.1,10.6,48.050000000000004
1924-01-01,Rhode Island,80.1,14.7,40.34
1925-01-01,Rhode Island,78.7,15.0,44.0
1926-01-01,Rhode Island,78.4,15.6,42.35
1927-01-01,Rhode Island,77.8,17.8,51.85
1928-01-01,Rhode Island,79.8,17.6,39.769999999999996
1929-01-01,Rhode Island,79.9,16.4,45.46000000000001
1930-01-01,Rhode Island,81.1,20.0,32.980000000000004
1931-01-01,Rhode Island,79.8,18.4,41.510000000000005
1932-01-01,Rhode Island,79.3,21.0,49.22
1933-01-01,Rhode Island,78.0,17.1,46.849999999999994
1934-01-01,Rhode Island,81.4,3.5,43.86000000000001
1935-01-01,Rhode Island,80.6,13.4,38.55
1936-01-01,Rhode Island,78.6,12.3,54.38
1937-01-01,Rhode Island,80.8,21.6,45.97
1938-01-01,Rhode Island,80.9,16.4,52.63999999999999
1939-01-01,Rhode Island,81.1,17.8,41.36
1940-01-01,Rhode Island,79.7,11.4,43.69000000000001
1941-01-01,Rhode Island,78.7,17.2,32.6
1942-01-01,Rhode Island,78.7,16.5,47.62
1943-01-01,Rhode Island,80.8,16.8,34.51
1944-01-01,Rhode Island,83.0,18.8,40.67
1945-01-01,Rhode Island,78.8,12.7,44.849999999999994
1946-01-01,Rhode Island,77.4,16.5,39.709999999999994
1947-01-01,Rhode Island,80.0,18.3,42.010000000000005
1948-01-01,Rhode Island,81.3,13.3,45.730000000000004
1949-01-01,Rhode Island,84.6,24.6,34.989999999999995
1950-01-01,Rhode Island,79.9,18.5,39.21
1951-01-01,Rhode Island,80.6,23.4,45.330000000000005
1952-01-01,Rhode Island,85.4,23.0,41.669999999999995
1953-01-01,Rhode Island,80.1,24.8,56.83000000000001
1954-01-01,Rhode Island,78.8,16.6,54.489999999999995
1955-01-01,Rhode Island,84.0,16.4,50.099999999999994
1956-01-01,Rhode Island,79.0,22.6,44.19
1957-01-01,Rhode Island,82.0,12.2,32.75
1958-01-01,Rhode Island,78.5,15.3,52.32999999999999
1959-01-01,Rhode Island,81.0,15.5,47.239999999999995
1960-01-01,Rhode Island,79.0,16.8,45.120000000000005
1961-01-01,Rhode Island,79.5,12.9,46.419999999999995
1962-01-01,Rhode Island,76.7,16.4,45.24999999999999
1963-01-01,Rhode Island,80.8,14.6,38.21
1964-01-01,Rhode Island,78.5,17.8,37.96
1965-01-01,Rhode Island,80.1,14.9,28.18
1966-01-01,Rhode Island,82.1,19.2,37.42999999999999
1967-01-01,Rhode Island,78.8,15.4,48.150000000000006
1968-01-01,Rhode Island,81.6,14.7,43.08
1969-01-01,Rhode Island,81.7,19.5,48.54
1970-01-01,Rhode Island,80.9,10.9,43.52
1971-01-01,Rhode Island,80.7,12.9,39.870000000000005
1972-01-01,Rhode Island,79.8,16.9,63.47
1973-01-01,Rhode Island,81.7,19.8,51.05
1974-01-01,Rhode Island,80.6,18.4,42.83
1975-01-01,Rhode Island,80.7,21.1,53.25000000000001
1976-01-01,Rhode Island,78.8,14.2,41.730000000000004
1977-01-01,Rhode Island,81.5,10.5,52.75000000000001
1978-01-01,Rhode Island,78.8,12.0,46.22
1979-01-01,Rhode Island,81.5,12.0,55.83999999999999
1980-01-01,Rhode Island,82.2,16.6,37.37
1981-01-01,Rhode Island,82.4,9.5,40.29
1982-01-01,Rhode Island,81.6,10.4,48.86
1983-01-01,Rhode Island,83.6,20.9,63.0
1984-01-01,Rhode Island,80.6,16.8,50.660000000000004
1985-01-01,Rhode Island,80.8,14.3,42.32
1986-01-01,Rhode Island,78.1,20.2,48.59
1987-01-01,Rhode Island,80.6,17.6,42.89
1988-01-01,Rhode Island,81.7,15.4,42.970000000000006
1989-01-01,Rhode Island,80.0,10.6,55.0
1990-01-01,Rhode Island,80.4,23.3,49.989999999999995
1991-01-01,Rhode Island,82.2,18.9,46.71999999999999
1992-01-01,Rhode Island,77.9,20.3,48.14
1993-01-01,Rhode Island,82.6,15.0,43.76
1994-01-01,Rhode Island,83.2,11.5,46.0
1995-01-01,Rhode Island,82.4,18.5,40.190000000000005
1996-01-01,Rhode Island,78.5,19.1,56.459999999999994
1997-01-01,Rhode Island,81.9,19.6,40.879999999999995
1998-01-01,Rhode Island,81.4,27.1,56.39
1999-01-01,Rhode Island,85.0,19.8,45.98
2000-01-01,Rhode Island,77.7,17.3,48.839999999999996
2001-01-01,Rhode Island,82.0,19.4,43.24000000000001
2002-01-01,Rhode Island,83.0,23.8,47.45
2003-01-01,Rhode Island,81.5,16.0,52.959999999999994
2004-01-01,Rhode Island,78.4,12.8,47.61000000000001
2005-01-01,Rhode Island,83.8,18.3,57.82999999999999
2006-01-01,Rhode Island,82.9,21.9,56.7
2007-01-01,Rhode Island,81.4,17.3,44.46000000000001
2008-01-01,Rhode Island,82.9,23.0,56.7
2009-01-01,Rhode Island,81.4,14.9,54.019999999999996
2010-01-01,Rhode Island,85.0,20.5,53.32000000000001
2011-01-01,Rhode Island,84.1,16.6,57.529999999999994
2012-01-01,Rhode Island,83.5,24.5,41.13
2013-01-01,Rhode Island,84.3,22.0,43.17
2014-01-01,Rhode Island,81.1,16.8,47.239999999999995
2015-01-01,Rhode Island,82.4,7.0,40.879999999999995
2016-01-01,Rhode Island,84.1,22.8,41.26000000000001
2017-01-01,Rhode Island,80.0,22.5,49.11
2018-01-01,Rhode Island,83.7,18.8,63.18000000000001
2019-01-01,Rhode Island,84.8,20.3,57.10999999999999
2020-01-01,Rhode Island,84.3,27.0,44.519999999999996
2021-01-01,Rhode Island,81.8,23.8,49.769999999999996
2022-01-01,Rhode Island,85.0,-99.9,-14.390000000000004
1895-01-01,South Carolina,89.6,25.8,48.31999999999999
1896-01-01,South Carolina,90.7,31.9,45.85
1897-01-01,South Carolina,91.1,30.7,46.71
1898-01-01,South Carolina,92.1,31.0,48.540000000000006
1899-01-01,South Carolina,92.0,31.8,46.769999999999996
1900-01-01,South Carolina,95.1,32.1,50.629999999999995
1901-01-01,South Carolina,91.6,30.7,55.24
1902-01-01,South Carolina,93.3,29.4,46.69
1903-01-01,South Carolina,91.1,27.2,50.879999999999995
1904-01-01,South Carolina,90.9,28.4,40.24
1905-01-01,South Carolina,90.5,27.8,44.96000000000001
1906-01-01,South Carolina,89.5,33.2,54.48
1907-01-01,South Carolina,92.1,33.4,47.370000000000005
1908-01-01,South Carolina,89.5,31.8,54.48
1909-01-01,South Carolina,89.2,29.7,45.64
1910-01-01,South Carolina,89.3,28.7,45.6
1911-01-01,South Carolina,93.6,36.4,40.03
1912-01-01,South Carolina,90.1,28.6,54.56
1913-01-01,South Carolina,92.7,36.0,48.809999999999995
1914-01-01,South Carolina,92.5,31.9,44.75
1915-01-01,South Carolina,91.8,30.9,49.410000000000004
1916-01-01,South Carolina,89.5,33.1,43.42999999999999
1917-01-01,South Carolina,89.8,26.4,42.93
1918-01-01,South Carolina,91.0,25.3,45.449999999999996
1919-01-01,South Carolina,89.0,33.4,45.39000000000001
1920-01-01,South Carolina,89.7,32.7,51.76999999999999
1921-01-01,South Carolina,92.1,34.1,42.36000000000001
1922-01-01,South Carolina,90.2,33.6,57.89999999999999
1923-01-01,South Carolina,89.8,34.3,45.51
1924-01-01,South Carolina,91.7,30.7,56.769999999999996
1925-01-01,South Carolina,94.0,33.8,36.73
1926-01-01,South Carolina,91.1,33.5,42.379999999999995
1927-01-01,South Carolina,88.8,33.6,41.24999999999999
1928-01-01,South Carolina,89.6,31.1,59.88999999999999
1929-01-01,South Carolina,89.7,33.6,63.14
1930-01-01,South Carolina,93.6,31.3,40.68
1931-01-01,South Carolina,93.9,31.8,35.370000000000005
1932-01-01,South Carolina,95.1,38.6,52.35
1933-01-01,South Carolina,92.2,37.2,36.99
1934-01-01,South Carolina,93.5,28.4,44.67
1935-01-01,South Carolina,90.7,26.9,41.970000000000006
1936-01-01,South Carolina,93.6,30.1,55.23
1937-01-01,South Carolina,90.9,32.1,50.2
1938-01-01,South Carolina,92.3,33.8,40.35
1939-01-01,South Carolina,91.6,33.2,45.379999999999995
1940-01-01,South Carolina,90.4,22.9,42.1
1941-01-01,South Carolina,90.5,28.4,44.81
1942-01-01,South Carolina,92.6,30.1,46.720000000000006
1943-01-01,South Carolina,92.8,32.6,43.84
1944-01-01,South Carolina,93.4,29.2,47.73
1945-01-01,South Carolina,90.8,30.1,54.040000000000006
1946-01-01,South Carolina,88.5,35.6,44.339999999999996
1947-01-01,South Carolina,89.3,27.0,55.56
1948-01-01,South Carolina,91.3,28.6,59.74000000000001
1949-01-01,South Carolina,90.8,36.1,46.720000000000006
1950-01-01,South Carolina,89.8,29.6,41.29
1951-01-01,South Carolina,91.7,32.9,38.04
1952-01-01,South Carolina,94.1,32.9,46.42
1953-01-01,South Carolina,91.5,35.1,46.58
1954-01-01,South Carolina,94.9,31.1,31.719999999999995
1955-01-01,South Carolina,91.1,31.5,41.97
1956-01-01,South Carolina,91.7,29.4,41.49000000000001
1957-01-01,South Carolina,90.6,34.7,48.800000000000004
1958-01-01,South Carolina,90.2,27.0,47.58
1959-01-01,South Carolina,90.5,30.5,60.86
1960-01-01,South Carolina,89.6,26.6,48.720000000000006
1961-01-01,South Carolina,90.0,28.2,51.52
1962-01-01,South Carolina,90.9,30.6,48.879999999999995
1963-01-01,South Carolina,90.7,27.2,45.15999999999999
1964-01-01,South Carolina,89.6,31.2,69.32
1965-01-01,South Carolina,89.5,32.4,48.52
1966-01-01,South Carolina,90.7,29.9,48.050000000000004
1967-01-01,South Carolina,87.5,32.2,46.97
1968-01-01,South Carolina,92.0,26.6,43.78
1969-01-01,South Carolina,92.5,30.0,49.94
1970-01-01,South Carolina,91.8,26.3,44.120000000000005
1971-01-01,South Carolina,89.4,32.8,58.82000000000001
1972-01-01,South Carolina,89.0,34.0,49.34999999999999
1973-01-01,South Carolina,90.0,31.0,54.87
1974-01-01,South Carolina,88.7,35.0,47.93
1975-01-01,South Carolina,90.7,33.4,58.230000000000004
1976-01-01,South Carolina,89.5,29.3,51.61
1977-01-01,South Carolina,94.4,23.5,44.19
1978-01-01,South Carolina,91.0,27.2,41.099999999999994
1979-01-01,South Carolina,90.5,29.0,56.04999999999999
1980-01-01,South Carolina,93.8,29.5,45.05
1981-01-01,South Carolina,92.4,25.8,40.19
1982-01-01,South Carolina,89.4,29.0,50.239999999999995
1983-01-01,South Carolina,93.4,31.5,52.24000000000001
1984-01-01,South Carolina,89.5,30.8,47.65
1985-01-01,South Carolina,89.7,27.7,48.07
1986-01-01,South Carolina,96.8,29.6,39.88
1987-01-01,South Carolina,93.0,32.5,47.629999999999995
1988-01-01,South Carolina,91.1,28.8,39.260000000000005
1989-01-01,South Carolina,89.0,28.0,53.95
1990-01-01,South Carolina,92.7,38.2,46.18
1991-01-01,South Carolina,90.8,36.8,50.92
1992-01-01,South Carolina,92.0,34.7,54.79
1993-01-01,South Carolina,96.6,32.9,44.120000000000005
1994-01-01,South Carolina,88.5,29.9,56.17000000000001
1995-01-01,South Carolina,91.9,31.4,54.41
1996-01-01,South Carolina,90.8,31.9,45.99
1997-01-01,South Carolina,90.8,35.4,53.86999999999999
1998-01-01,South Carolina,93.1,38.1,54.120000000000005
1999-01-01,South Carolina,93.6,34.4,44.14
2000-01-01,South Carolina,90.8,28.1,41.24
2001-01-01,South Carolina,90.6,31.4,34.72
2002-01-01,South Carolina,93.2,33.4,46.54000000000001
2003-01-01,South Carolina,88.6,30.1,55.19
2004-01-01,South Carolina,90.5,30.8,45.85
2005-01-01,South Carolina,91.1,32.6,47.510000000000005
2006-01-01,South Carolina,91.7,35.1,43.73
2007-01-01,South Carolina,95.8,32.7,34.9
2008-01-01,South Carolina,92.6,33.1,45.77
2009-01-01,South Carolina,90.0,33.4,50.56
2010-01-01,South Carolina,93.1,27.0,41.19
2011-01-01,South Carolina,93.9,29.5,38.21
2012-01-01,South Carolina,93.8,36.0,43.77
2013-01-01,South Carolina,87.0,35.5,56.38999999999999
2014-01-01,South Carolina,89.3,27.9,47.03
2015-01-01,South Carolina,93.4,29.8,60.660000000000004
2016-01-01,South Carolina,95.0,32.6,46.25
2017-01-01,South Carolina,91.2,37.6,46.56999999999999
2018-01-01,South Carolina,90.9,28.4,57.3
2019-01-01,South Carolina,92.2,36.6,46.03
2020-01-01,South Carolina,91.9,33.9,59.87
2021-01-01,South Carolina,88.9,36.2,47.47
2022-01-01,South Carolina,90.6,-99.9,-8.080000000000007
1895-01-01,South Dakota,85.3,-4.4,16.43
1896-01-01,South Dakota,84.4,5.0,21.339999999999996
1897-01-01,South Dakota,85.7,2.2,18.830000000000002
1898-01-01,South Dakota,85.7,5.7,15.1
1899-01-01,South Dakota,86.4,-6.7,19.000000000000004
1900-01-01,South Dakota,86.4,0.4,19.47
1901-01-01,South Dakota,91.9,2.9,20.680000000000003
1902-01-01,South Dakota,84.3,3.4,18.819999999999997
1903-01-01,South Dakota,83.5,-1.1,20.25
1904-01-01,South Dakota,83.0,-2.3,16.719999999999995
1905-01-01,South Dakota,84.7,-1.3,24.580000000000002
1906-01-01,South Dakota,83.6,8.5,24.1
1907-01-01,South Dakota,84.2,-4.6,18.249999999999996
1908-01-01,South Dakota,84.8,10.1,22.830000000000002
1909-01-01,South Dakota,87.8,0.3,20.61
1910-01-01,South Dakota,88.2,-1.1,13.69
1911-01-01,South Dakota,87.4,2.0,17.11
1912-01-01,South Dakota,83.5,-6.4,17.419999999999995
1913-01-01,South Dakota,87.9,0.7,16.99
1914-01-01,South Dakota,89.8,-1.4,20.97
1915-01-01,South Dakota,77.1,2.5,27.970000000000002
1916-01-01,South Dakota,89.7,-9.1,20.580000000000002
1917-01-01,South Dakota,89.1,-2.1,16.34
1918-01-01,South Dakota,83.9,-3.4,20.389999999999997
1919-01-01,South Dakota,88.1,5.4,19.340000000000003
1920-01-01,South Dakota,83.6,6.0,22.6
1921-01-01,South Dakota,88.4,12.3,18.910000000000004
1922-01-01,South Dakota,87.4,-3.7,20.68
1923-01-01,South Dakota,86.1,2.2,21.450000000000003
1924-01-01,South Dakota,83.0,-3.2,18.09
1925-01-01,South Dakota,87.6,1.2,15.190000000000001
1926-01-01,South Dakota,87.2,6.8,16.95
1927-01-01,South Dakota,81.5,-5.7,22.739999999999995
1928-01-01,South Dakota,84.5,9.3,17.16
1929-01-01,South Dakota,88.5,-7.6,19.869999999999997
1930-01-01,South Dakota,93.0,-5.8,17.98
1931-01-01,South Dakota,91.9,14.0,14.170000000000002
1932-01-01,South Dakota,88.8,3.1,18.380000000000003
1933-01-01,South Dakota,92.2,2.7,14.52
1934-01-01,South Dakota,92.4,10.3,12.400000000000002
1935-01-01,South Dakota,93.2,4.1,16.8
1936-01-01,South Dakota,100.5,-15.5,10.9
1937-01-01,South Dakota,92.4,-10.9,16.78
1938-01-01,South Dakota,90.9,5.9,17.23
1939-01-01,South Dakota,91.7,-2.3,15.620000000000001
1940-01-01,South Dakota,91.5,-4.7,15.6
1941-01-01,South Dakota,88.5,8.0,21.16
1942-01-01,South Dakota,84.2,8.8,23.54
1943-01-01,South Dakota,88.9,-3.8,17.22
1944-01-01,South Dakota,83.6,5.0,23.89
1945-01-01,South Dakota,85.6,4.3,17.080000000000002
1946-01-01,South Dakota,87.3,7.2,24.200000000000003
1947-01-01,South Dakota,91.2,4.4,17.950000000000003
1948-01-01,South Dakota,85.5,3.4,19.29
1949-01-01,South Dakota,90.1,-4.1,17.009999999999998
1950-01-01,South Dakota,81.4,-9.4,17.419999999999998
1951-01-01,South Dakota,82.6,1.0,21.660000000000004
1952-01-01,South Dakota,87.5,0.7,13.709999999999999
1953-01-01,South Dakota,84.4,11.0,21.680000000000003
1954-01-01,South Dakota,90.3,-0.5,16.91
1955-01-01,South Dakota,90.9,2.0,15.81
1956-01-01,South Dakota,87.5,3.2,16.98
1957-01-01,South Dakota,88.7,-3.5,22.389999999999997
1958-01-01,South Dakota,88.7,5.6,14.88
1959-01-01,South Dakota,90.3,1.3,16.71
1960-01-01,South Dakota,89.5,5.2,18.19
1961-01-01,South Dakota,89.1,4.7,15.980000000000002
1962-01-01,South Dakota,84.4,2.5,24.58
1963-01-01,South Dakota,87.0,-4.4,19.849999999999998
1964-01-01,South Dakota,89.7,2.6,17.94
1965-01-01,South Dakota,84.8,2.4,21.54
1966-01-01,South Dakota,91.0,-4.5,18.340000000000003
1967-01-01,South Dakota,85.0,5.9,17.41
1968-01-01,South Dakota,84.2,4.4,21.040000000000003
1969-01-01,South Dakota,89.0,-2.4,17.53
1970-01-01,South Dakota,89.2,-1.3,18.64
1971-01-01,South Dakota,89.3,0.2,20.950000000000003
1972-01-01,South Dakota,83.8,-1.3,20.650000000000002
1973-01-01,South Dakota,89.8,8.9,18.66
1974-01-01,South Dakota,92.8,4.3,13.05
1975-01-01,South Dakota,90.6,4.6,18.34
1976-01-01,South Dakota,89.8,6.0,12.770000000000001
1977-01-01,South Dakota,88.3,-4.8,25.039999999999996
1978-01-01,South Dakota,84.7,-7.2,18.94
1979-01-01,South Dakota,83.3,-7.9,18.439999999999998
1980-01-01,South Dakota,90.8,4.6,14.709999999999999
1981-01-01,South Dakota,86.1,10.6,17.41
1982-01-01,South Dakota,86.4,-7.4,25.000000000000004
1983-01-01,South Dakota,91.4,-6.9,19.39
1984-01-01,South Dakota,88.1,3.9,21.34
1985-01-01,South Dakota,88.6,2.0,18.5
1986-01-01,South Dakota,85.7,8.5,25.22
1987-01-01,South Dakota,88.4,14.3,17.38
1988-01-01,South Dakota,90.0,1.6,15.339999999999998
1989-01-01,South Dakota,89.7,-0.3,16.27
1990-01-01,South Dakota,85.3,2.9,17.310000000000002
1991-01-01,South Dakota,86.4,3.6,21.240000000000002
1992-01-01,South Dakota,77.1,7.2,19.830000000000005
1993-01-01,South Dakota,80.0,2.7,25.43
1994-01-01,South Dakota,82.5,0.5,18.900000000000002
1995-01-01,South Dakota,86.8,9.9,25.47
1996-01-01,South Dakota,85.4,-0.4,22.91
1997-01-01,South Dakota,83.0,1.2,21.119999999999997
1998-01-01,South Dakota,85.6,9.2,24.87
1999-01-01,South Dakota,85.9,7.0,21.610000000000003
2000-01-01,South Dakota,87.2,0.7,19.12
2001-01-01,South Dakota,87.7,2.4,20.180000000000003
2002-01-01,South Dakota,91.4,11.7,14.3
2003-01-01,South Dakota,89.2,7.8,17.13
2004-01-01,South Dakota,83.8,6.1,20.79
2005-01-01,South Dakota,88.5,6.7,20.699999999999996
2006-01-01,South Dakota,93.6,12.3,15.930000000000001
2007-01-01,South Dakota,90.4,5.9,22.939999999999998
2008-01-01,South Dakota,86.0,3.5,23.679999999999996
2009-01-01,South Dakota,80.5,5.3,22.59
2010-01-01,South Dakota,87.1,5.2,24.679999999999996
2011-01-01,South Dakota,87.7,3.3,22.13
2012-01-01,South Dakota,93.1,11.4,14.580000000000002
2013-01-01,South Dakota,84.5,2.9,24.94
2014-01-01,South Dakota,82.4,2.5,20.19
2015-01-01,South Dakota,85.1,7.0,22.779999999999998
2016-01-01,South Dakota,86.6,6.2,20.68
2017-01-01,South Dakota,91.0,8.4,17.63
2018-01-01,South Dakota,84.6,-0.1,23.25
2019-01-01,South Dakota,83.6,-2.8,31.399999999999995
2020-01-01,South Dakota,86.7,11.2,16.17
2021-01-01,South Dakota,88.7,2.4,18.169999999999998
2022-01-01,South Dakota,88.0,-99.9,-26.009999999999998
1895-01-01,Tennessee,87.7,19.1,43.540000000000006
1896-01-01,Tennessee,89.7,28.8,48.34
1897-01-01,Tennessee,88.9,24.2,51.269999999999996
1898-01-01,Tennessee,89.1,26.0,51.29
1899-01-01,Tennessee,90.6,19.9,49.78999999999999
1900-01-01,Tennessee,91.5,26.1,53.14000000000001
1901-01-01,Tennessee,94.2,24.0,47.89000000000001
1902-01-01,Tennessee,91.6,23.0,49.49
1903-01-01,Tennessee,88.8,22.4,48.4
1904-01-01,Tennessee,87.2,24.1,40.51
1905-01-01,Tennessee,87.1,20.6,51.40000000000001
1906-01-01,Tennessee,87.5,25.0,54.349999999999994
1907-01-01,Tennessee,90.6,28.8,49.35
1908-01-01,Tennessee,88.6,26.7,46.38
1909-01-01,Tennessee,89.6,22.7,52.82
1910-01-01,Tennessee,86.7,24.1,45.60999999999999
1911-01-01,Tennessee,89.6,32.0,53.81
1912-01-01,Tennessee,86.7,20.6,54.940000000000005
1913-01-01,Tennessee,91.5,28.1,49.19999999999999
1914-01-01,Tennessee,93.0,26.3,44.35000000000001
1915-01-01,Tennessee,88.2,26.0,55.01000000000001
1916-01-01,Tennessee,87.7,26.5,50.13999999999999
1917-01-01,Tennessee,86.8,19.2,51.580000000000005
1918-01-01,Tennessee,91.6,15.4,47.64
1919-01-01,Tennessee,90.4,26.6,57.589999999999996
1920-01-01,Tennessee,87.2,27.4,57.3
1921-01-01,Tennessee,91.1,31.5,50.86
1922-01-01,Tennessee,87.9,28.6,54.39000000000001
1923-01-01,Tennessee,88.2,27.5,58.79
1924-01-01,Tennessee,91.0,21.6,46.0
1925-01-01,Tennessee,92.9,26.6,41.3
1926-01-01,Tennessee,90.3,26.6,54.45
1927-01-01,Tennessee,89.2,27.1,55.58
1928-01-01,Tennessee,88.6,25.9,52.78
1929-01-01,Tennessee,88.4,26.0,60.099999999999994
1930-01-01,Tennessee,95.2,26.5,39.86
1931-01-01,Tennessee,90.7,27.4,43.19
1932-01-01,Tennessee,90.8,30.4,59.629999999999995
1933-01-01,Tennessee,89.4,28.7,50.89000000000001
1934-01-01,Tennessee,92.0,23.7,46.96000000000001
1935-01-01,Tennessee,89.9,23.1,49.75
1936-01-01,Tennessee,92.5,22.4,46.800000000000004
1937-01-01,Tennessee,89.8,28.8,55.58999999999999
1938-01-01,Tennessee,89.5,27.7,49.65
1939-01-01,Tennessee,89.0,29.9,50.92999999999999
1940-01-01,Tennessee,87.2,12.6,43.2
1941-01-01,Tennessee,89.2,24.5,36.44
1942-01-01,Tennessee,90.2,22.4,49.72
1943-01-01,Tennessee,91.9,27.9,41.08
1944-01-01,Tennessee,90.6,25.7,54.0
1945-01-01,Tennessee,88.0,24.8,57.529999999999994
1946-01-01,Tennessee,87.7,28.8,54.26
1947-01-01,Tennessee,90.8,19.4,44.23
1948-01-01,Tennessee,89.3,19.6,57.730000000000004
1949-01-01,Tennessee,88.7,31.0,57.72
1950-01-01,Tennessee,84.6,24.1,64.67999999999999
1951-01-01,Tennessee,90.5,29.0,60.150000000000006
1952-01-01,Tennessee,93.9,30.4,42.29
1953-01-01,Tennessee,91.1,27.2,46.13
1954-01-01,Tennessee,94.1,28.7,46.44000000000001
1955-01-01,Tennessee,89.9,27.2,49.99
1956-01-01,Tennessee,89.6,24.8,51.31
1957-01-01,Tennessee,88.7,28.3,66.32
1958-01-01,Tennessee,87.7,18.9,43.989999999999995
1959-01-01,Tennessee,88.4,24.0,51.69000000000001
1960-01-01,Tennessee,88.1,22.9,44.44
1961-01-01,Tennessee,86.0,21.2,55.010000000000005
1962-01-01,Tennessee,89.5,24.0,54.50999999999999
1963-01-01,Tennessee,87.2,18.8,42.35
1964-01-01,Tennessee,87.2,23.9,57.519999999999996
1965-01-01,Tennessee,87.6,26.4,46.040000000000006
1966-01-01,Tennessee,90.7,22.0,48.790000000000006
1967-01-01,Tennessee,84.3,25.1,53.459999999999994
1968-01-01,Tennessee,89.9,20.9,44.44
1969-01-01,Tennessee,91.2,26.4,50.05000000000001
1970-01-01,Tennessee,87.5,19.3,49.839999999999996
1971-01-01,Tennessee,87.4,26.2,50.44
1972-01-01,Tennessee,86.3,27.8,62.260000000000005
1973-01-01,Tennessee,87.7,26.1,65.35
1974-01-01,Tennessee,88.1,30.0,61.690000000000005
1975-01-01,Tennessee,87.3,29.8,62.4
1976-01-01,Tennessee,86.5,22.6,47.5
1977-01-01,Tennessee,90.4,13.7,56.19
1978-01-01,Tennessee,89.3,18.3,49.889999999999986
1979-01-01,Tennessee,85.8,20.5,66.08
1980-01-01,Tennessee,93.3,23.6,44.78
1981-01-01,Tennessee,88.5,21.5,46.51
1982-01-01,Tennessee,88.6,22.1,57.730000000000004
1983-01-01,Tennessee,92.3,24.0,54.980000000000004
1984-01-01,Tennessee,87.8,21.8,56.06999999999999
1985-01-01,Tennessee,87.3,19.4,43.19
1986-01-01,Tennessee,92.0,22.8,45.15
1987-01-01,Tennessee,90.5,27.1,43.03
1988-01-01,Tennessee,89.9,23.3,46.379999999999995
1989-01-01,Tennessee,86.0,19.6,65.53
1990-01-01,Tennessee,88.1,32.2,60.64
1991-01-01,Tennessee,88.8,30.1,60.41000000000001
1992-01-01,Tennessee,86.5,28.7,49.64
1993-01-01,Tennessee,92.3,27.3,48.25
1994-01-01,Tennessee,85.9,23.7,61.91
1995-01-01,Tennessee,90.1,27.8,52.150000000000006
1996-01-01,Tennessee,85.8,26.0,60.07
1997-01-01,Tennessee,88.8,27.0,56.510000000000005
1998-01-01,Tennessee,88.3,34.0,57.57
1999-01-01,Tennessee,90.6,30.2,46.04999999999999
2000-01-01,Tennessee,89.0,21.4,45.02
2001-01-01,Tennessee,87.3,24.4,54.0
2002-01-01,Tennessee,89.4,29.1,59.22
2003-01-01,Tennessee,87.2,22.4,61.76
2004-01-01,Tennessee,85.6,26.4,61.239999999999995
2005-01-01,Tennessee,89.6,26.7,44.68
2006-01-01,Tennessee,89.8,28.4,48.86999999999999
2007-01-01,Tennessee,95.9,25.5,37.72
2008-01-01,Tennessee,88.5,26.3,49.77
2009-01-01,Tennessee,86.8,25.5,60.28000000000001
2010-01-01,Tennessee,90.9,24.1,49.64999999999999
2011-01-01,Tennessee,90.2,25.0,62.589999999999996
2012-01-01,Tennessee,91.4,31.7,46.89
2013-01-01,Tennessee,84.5,30.8,63.27
2014-01-01,Tennessee,86.6,18.5,53.519999999999996
2015-01-01,Tennessee,87.6,21.3,59.16
2016-01-01,Tennessee,90.2,24.9,47.03999999999999
2017-01-01,Tennessee,88.3,30.0,56.220000000000006
2018-01-01,Tennessee,88.3,22.9,67.14
2019-01-01,Tennessee,89.8,30.9,66.91
2020-01-01,Tennessee,89.5,29.0,65.72999999999999
2021-01-01,Tennessee,87.0,28.5,58.940000000000005
2022-01-01,Tennessee,90.4,-99.9,0.9499999999999922
1895-01-01,Texas,94.4,26.7,28.020000000000003
1896-01-01,Texas,96.5,33.7,22.250000000000004
1897-01-01,Texas,97.4,30.2,23.32
1898-01-01,Texas,93.0,29.8,24.630000000000003
1899-01-01,Texas,98.4,25.9,25.439999999999998
1900-01-01,Texas,93.6,33.9,35.04
1901-01-01,Texas,96.4,32.0,18.699999999999996
1902-01-01,Texas,95.9,31.8,26.980000000000004
1903-01-01,Texas,92.9,32.7,26.009999999999998
1904-01-01,Texas,91.7,29.5,25.790000000000003
1905-01-01,Texas,94.3,27.2,34.459999999999994
1906-01-01,Texas,92.4,32.2,28.450000000000003
1907-01-01,Texas,95.5,36.4,27.819999999999997
1908-01-01,Texas,92.2,35.0,28.020000000000003
1909-01-01,Texas,95.4,28.7,20.31
1910-01-01,Texas,96.5,31.0,18.080000000000002
1911-01-01,Texas,96.5,33.5,26.11
1912-01-01,Texas,95.9,28.2,22.94
1913-01-01,Texas,95.3,33.0,31.48
1914-01-01,Texas,95.9,32.1,33.42
1915-01-01,Texas,93.6,31.6,28.669999999999998
1916-01-01,Texas,94.6,32.7,21.599999999999998
1917-01-01,Texas,97.2,30.2,14.06
1918-01-01,Texas,97.7,24.1,24.450000000000003
1919-01-01,Texas,93.9,31.2,39.45
1920-01-01,Texas,94.9,32.1,29.610000000000003
1921-01-01,Texas,96.2,36.7,23.89
1922-01-01,Texas,97.5,31.7,27.06
1923-01-01,Texas,95.3,36.5,35.11
1924-01-01,Texas,97.7,28.4,20.439999999999998
1925-01-01,Texas,97.6,28.6,23.13
1926-01-01,Texas,93.8,30.8,32.46
1927-01-01,Texas,96.0,32.1,24.080000000000005
1928-01-01,Texas,94.7,33.1,26.360000000000003
1929-01-01,Texas,96.8,29.9,27.44
1930-01-01,Texas,96.6,25.2,26.37
1931-01-01,Texas,94.2,35.2,27.169999999999998
1932-01-01,Texas,95.3,32.1,31.54
1933-01-01,Texas,96.0,33.0,22.229999999999997
1934-01-01,Texas,98.3,35.2,22.41
1935-01-01,Texas,95.8,35.2,33.01
1936-01-01,Texas,96.8,30.1,27.25
1937-01-01,Texas,97.3,32.2,23.98
1938-01-01,Texas,95.4,34.4,24.190000000000005
1939-01-01,Texas,96.5,32.7,22.53
1940-01-01,Texas,93.9,24.4,30.860000000000003
1941-01-01,Texas,93.7,37.1,40.22
1942-01-01,Texas,93.1,30.1,29.21
1943-01-01,Texas,99.0,31.6,21.93
1944-01-01,Texas,96.3,32.5,31.7
1945-01-01,Texas,94.3,32.0,28.040000000000006
1946-01-01,Texas,96.4,32.9,31.649999999999995
1947-01-01,Texas,96.0,30.4,23.249999999999996
1948-01-01,Texas,96.8,28.0,20.419999999999998
1949-01-01,Texas,94.6,30.0,33.010000000000005
1950-01-01,Texas,93.4,31.8,24.509999999999998
1951-01-01,Texas,98.4,30.8,20.349999999999998
1952-01-01,Texas,99.1,33.8,21.61
1953-01-01,Texas,98.4,31.9,22.85
1954-01-01,Texas,98.4,35.0,17.95
1955-01-01,Texas,93.8,34.5,22.11
1956-01-01,Texas,97.2,32.8,14.98
1957-01-01,Texas,97.4,35.4,35.78
1958-01-01,Texas,95.8,31.7,30.58
1959-01-01,Texas,93.6,30.2,29.690000000000005
1960-01-01,Texas,94.3,31.3,31.36
1961-01-01,Texas,92.1,29.5,28.650000000000002
1962-01-01,Texas,97.8,26.6,24.06
1963-01-01,Texas,96.0,25.2,19.71
1964-01-01,Texas,97.2,30.7,23.259999999999998
1965-01-01,Texas,95.7,34.1,26.689999999999998
1966-01-01,Texas,95.9,29.5,26.8
1967-01-01,Texas,93.4,32.2,25.33
1968-01-01,Texas,92.6,33.0,32.95
1969-01-01,Texas,97.8,36.7,29.690000000000005
1970-01-01,Texas,95.1,29.9,23.81
1971-01-01,Texas,94.4,34.4,28.02
1972-01-01,Texas,91.4,31.3,26.84
1973-01-01,Texas,92.1,30.3,35.300000000000004
1974-01-01,Texas,95.3,33.0,31.879999999999995
1975-01-01,Texas,91.7,34.6,27.270000000000003
1976-01-01,Texas,93.1,30.2,30.65
1977-01-01,Texas,95.3,27.3,22.639999999999997
1978-01-01,Texas,97.6,27.8,25.69
1979-01-01,Texas,93.3,27.7,30.99
1980-01-01,Texas,99.8,34.9,24.369999999999997
1981-01-01,Texas,93.8,34.1,32.18
1982-01-01,Texas,95.6,32.0,26.679999999999996
1983-01-01,Texas,95.1,26.9,25.749999999999996
1984-01-01,Texas,94.3,30.4,26.180000000000003
1985-01-01,Texas,96.6,28.6,29.879999999999995
1986-01-01,Texas,95.1,34.3,33.529999999999994
1987-01-01,Texas,94.2,33.0,30.36
1988-01-01,Texas,94.1,30.2,20.960000000000004
1989-01-01,Texas,93.6,26.6,25.240000000000002
1990-01-01,Texas,96.1,32.9,31.439999999999998
1991-01-01,Texas,92.2,33.6,37.2
1992-01-01,Texas,92.6,35.7,33.6
1993-01-01,Texas,95.3,35.0,27.37
1994-01-01,Texas,95.3,34.3,29.31
1995-01-01,Texas,95.2,36.2,27.680000000000003
1996-01-01,Texas,95.4,30.8,24.599999999999998
1997-01-01,Texas,94.7,33.2,34.19
1998-01-01,Texas,99.2,36.7,27.989999999999995
1999-01-01,Texas,97.5,35.0,22.050000000000004
2000-01-01,Texas,97.6,31.5,27.830000000000005
2001-01-01,Texas,97.4,33.5,29.109999999999996
2002-01-01,Texas,94.7,33.7,30.65
2003-01-01,Texas,95.2,33.7,24.2
2004-01-01,Texas,91.9,34.8,39.36000000000001
2005-01-01,Texas,94.7,33.1,22.2
2006-01-01,Texas,95.4,36.2,25.13
2007-01-01,Texas,92.7,33.0,36.2
2008-01-01,Texas,95.5,33.2,23.799999999999997
2009-01-01,Texas,96.4,32.3,28.540000000000003
2010-01-01,Texas,97.0,32.4,27.81
2011-01-01,Texas,101.6,31.7,14.700000000000001
2012-01-01,Texas,96.4,36.5,24.099999999999998
2013-01-01,Texas,95.8,32.9,26.02
2014-01-01,Texas,94.7,30.0,24.009999999999998
2015-01-01,Texas,96.1,33.3,41.230000000000004
2016-01-01,Texas,97.4,34.0,32.1
2017-01-01,Texas,95.5,35.9,30.28
2018-01-01,Texas,96.8,29.9,33.72
2019-01-01,Texas,98.3,35.5,26.860000000000003
2020-01-01,Texas,97.5,34.3,26.17
2021-01-01,Texas,92.8,32.0,28.83
2022-01-01,Texas,100.0,-99.9,-26.770000000000003
1895-01-01,Utah,84.1,11.9,11.930000000000001
1896-01-01,Utah,83.7,18.0,11.84
1897-01-01,Utah,83.2,10.4,16.150000000000002
1898-01-01,Utah,87.1,5.5,11.280000000000001
1899-01-01,Utah,86.2,13.0,12.6
1900-01-01,Utah,86.9,18.7,9.490000000000002
1901-01-01,Utah,90.0,16.2,11.17
1902-01-01,Utah,83.6,15.5,10.16
1903-01-01,Utah,85.3,3.5,11.39
1904-01-01,Utah,84.3,9.8,12.3
1905-01-01,Utah,85.1,10.2,15.409999999999997
1906-01-01,Utah,84.5,14.4,19.9
1907-01-01,Utah,84.7,18.7,15.79
1908-01-01,Utah,85.6,13.2,15.7
1909-01-01,Utah,85.7,7.1,18.58
1910-01-01,Utah,86.2,11.9,11.799999999999999
1911-01-01,Utah,84.0,10.8,14.629999999999999
1912-01-01,Utah,81.6,12.6,14.53
1913-01-01,Utah,83.4,9.3,13.3
1914-01-01,Utah,84.1,11.5,14.94
1915-01-01,Utah,85.7,10.1,14.03
1916-01-01,Utah,84.2,13.3,16.72
1917-01-01,Utah,87.9,4.1,12.299999999999999
1918-01-01,Utah,84.8,15.2,14.709999999999999
1919-01-01,Utah,87.8,10.1,11.32
1920-01-01,Utah,86.2,15.3,15.58
1921-01-01,Utah,85.5,19.0,15.080000000000002
1922-01-01,Utah,86.2,6.0,15.04
1923-01-01,Utah,85.2,11.4,14.7
1924-01-01,Utah,85.7,7.4,10.399999999999999
1925-01-01,Utah,86.5,8.5,14.11
1926-01-01,Utah,85.0,13.4,12.450000000000001
1927-01-01,Utah,85.7,13.6,17.32
1928-01-01,Utah,86.2,12.7,11.53
1929-01-01,Utah,85.8,11.6,12.8
1930-01-01,Utah,85.9,7.5,14.480000000000002
1931-01-01,Utah,90.7,10.0,10.340000000000002
1932-01-01,Utah,84.7,7.6,13.68
1933-01-01,Utah,88.5,4.5,10.63
1934-01-01,Utah,89.4,19.3,8.83
1935-01-01,Utah,87.1,16.5,11.160000000000004
1936-01-01,Utah,86.2,16.8,15.75
1937-01-01,Utah,85.8,-1.6,14.340000000000003
1938-01-01,Utah,84.5,18.0,14.330000000000002
1939-01-01,Utah,87.9,8.7,10.73
1940-01-01,Utah,88.4,18.9,14.86
1941-01-01,Utah,84.8,18.3,20.33
1942-01-01,Utah,88.4,13.3,10.030000000000001
1943-01-01,Utah,87.2,18.5,12.330000000000002
1944-01-01,Utah,86.0,10.2,12.520000000000001
1945-01-01,Utah,86.4,15.0,14.689999999999998
1946-01-01,Utah,87.0,12.8,14.239999999999998
1947-01-01,Utah,87.0,10.4,14.51
1948-01-01,Utah,86.5,14.4,11.73
1949-01-01,Utah,85.8,2.3,14.8
1950-01-01,Utah,84.2,11.7,9.590000000000002
1951-01-01,Utah,87.8,14.2,14.65
1952-01-01,Utah,85.1,13.6,12.649999999999999
1953-01-01,Utah,87.8,15.0,10.389999999999999
1954-01-01,Utah,88.2,15.4,11.569999999999999
1955-01-01,Utah,86.0,8.5,11.13
1956-01-01,Utah,86.2,13.5,8.120000000000001
1957-01-01,Utah,85.4,14.8,18.18
1958-01-01,Utah,87.2,16.1,9.92
1959-01-01,Utah,88.8,17.9,11.050000000000002
1960-01-01,Utah,89.8,12.9,10.6
1961-01-01,Utah,88.0,13.0,13.3
1962-01-01,Utah,85.3,11.0,11.18
1963-01-01,Utah,88.2,8.4,12.759999999999998
1964-01-01,Utah,88.8,12.0,12.83
1965-01-01,Utah,83.6,18.7,18.02
1966-01-01,Utah,87.6,14.5,10.51
1967-01-01,Utah,86.6,11.7,13.950000000000001
1968-01-01,Utah,85.8,10.5,13.68
1969-01-01,Utah,87.3,19.1,15.36
1970-01-01,Utah,86.1,17.1,13.299999999999999
1971-01-01,Utah,87.8,14.8,13.66
1972-01-01,Utah,87.7,11.5,12.729999999999999
1973-01-01,Utah,85.3,7.1,13.92
1974-01-01,Utah,86.0,12.1,9.730000000000004
1975-01-01,Utah,85.7,12.9,13.670000000000002
1976-01-01,Utah,87.7,13.5,9.18
1977-01-01,Utah,85.9,13.2,10.89
1978-01-01,Utah,88.0,11.2,17.1
1979-01-01,Utah,87.5,8.8,11.779999999999998
1980-01-01,Utah,87.5,21.5,17.330000000000002
1981-01-01,Utah,87.5,20.8,15.23
1982-01-01,Utah,84.1,14.7,17.64
1983-01-01,Utah,83.9,19.4,20.07
1984-01-01,Utah,85.2,10.4,15.729999999999999
1985-01-01,Utah,86.9,13.3,14.8
1986-01-01,Utah,85.8,18.2,15.01
1987-01-01,Utah,83.3,14.0,14.790000000000001
1988-01-01,Utah,89.4,11.5,11.18
1989-01-01,Utah,90.0,9.0,9.04
1990-01-01,Utah,87.0,8.4,12.149999999999999
1991-01-01,Utah,87.1,12.2,13.510000000000002
1992-01-01,Utah,85.1,13.5,13.0
1993-01-01,Utah,82.9,16.7,15.639999999999999
1994-01-01,Utah,89.8,18.9,13.120000000000001
1995-01-01,Utah,86.6,21.2,15.55
1996-01-01,Utah,89.1,18.5,14.18
1997-01-01,Utah,84.7,16.4,16.8
1998-01-01,Utah,88.2,15.7,17.400000000000002
1999-01-01,Utah,85.7,17.3,12.430000000000001
2000-01-01,Utah,89.8,19.3,13.53
2001-01-01,Utah,87.6,15.3,11.690000000000001
2002-01-01,Utah,91.8,15.5,9.04
2003-01-01,Utah,93.3,20.6,11.53
2004-01-01,Utah,87.0,14.1,15.27
2005-01-01,Utah,90.8,18.2,16.68
2006-01-01,Utah,89.6,17.4,14.41
2007-01-01,Utah,91.4,10.5,11.280000000000001
2008-01-01,Utah,89.4,12.4,11.66
2009-01-01,Utah,88.4,11.2,11.8
2010-01-01,Utah,88.1,17.3,17.23
2011-01-01,Utah,87.6,14.8,14.710000000000003
2012-01-01,Utah,87.4,18.4,10.69
2013-01-01,Utah,89.1,9.1,13.209999999999999
2014-01-01,Utah,89.0,19.1,13.33
2015-01-01,Utah,85.2,16.7,15.41
2016-01-01,Utah,88.8,17.1,14.040000000000001
2017-01-01,Utah,89.6,17.1,12.83
2018-01-01,Utah,90.7,17.9,11.579999999999998
2019-01-01,Utah,88.2,17.4,16.939999999999998
2020-01-01,Utah,91.6,15.8,7.24
2021-01-01,Utah,90.6,17.4,13.549999999999999
2022-01-01,Utah,89.9,-99.9,-33.93
1895-01-01,Vermont,77.0,-0.3,37.720000000000006
1896-01-01,Vermont,77.7,4.1,36.82
1897-01-01,Vermont,79.0,4.8,50.25
1898-01-01,Vermont,79.3,2.1,42.75000000000001
1899-01-01,Vermont,77.0,3.3,36.26
1900-01-01,Vermont,77.8,4.4,43.63
1901-01-01,Vermont,79.3,0.3,40.74
1902-01-01,Vermont,73.5,2.7,44.78
1903-01-01,Vermont,74.8,5.2,37.23
1904-01-01,Vermont,76.6,-3.1,37.35
1905-01-01,Vermont,77.2,-2.1,39.00000000000001
1906-01-01,Vermont,78.5,3.6,37.11
1907-01-01,Vermont,77.1,-3.5,41.36
1908-01-01,Vermont,81.4,0.9,32.57
1909-01-01,Vermont,75.5,7.0,38.19
1910-01-01,Vermont,79.0,2.4,37.129999999999995
1911-01-01,Vermont,82.3,1.6,35.36000000000001
1912-01-01,Vermont,79.1,-4.5,42.690000000000005
1913-01-01,Vermont,78.9,4.1,37.74
1914-01-01,Vermont,75.3,-4.6,33.660000000000004
1915-01-01,Vermont,75.6,8.0,39.19
1916-01-01,Vermont,80.0,4.0,38.79
1917-01-01,Vermont,78.8,-3.5,38.34
1918-01-01,Vermont,78.2,-6.0,41.66
1919-01-01,Vermont,79.5,3.9,39.190000000000005
1920-01-01,Vermont,78.1,-7.1,46.839999999999996
1921-01-01,Vermont,83.0,6.9,34.97
1922-01-01,Vermont,77.5,-1.0,40.78999999999999
1923-01-01,Vermont,75.5,-4.2,38.879999999999995
1924-01-01,Vermont,77.3,-2.6,38.57
1925-01-01,Vermont,76.0,-2.4,44.48000000000001
1926-01-01,Vermont,76.8,1.6,38.809999999999995
1927-01-01,Vermont,76.4,5.2,45.690000000000005
1928-01-01,Vermont,77.7,5.5,39.03
1929-01-01,Vermont,77.4,3.9,40.6
1930-01-01,Vermont,77.5,6.8,35.66
1931-01-01,Vermont,80.1,2.6,41.22
1932-01-01,Vermont,76.9,8.9,41.879999999999995
1933-01-01,Vermont,79.2,4.1,39.370000000000005
1934-01-01,Vermont,80.0,-10.9,38.45
1935-01-01,Vermont,80.3,-1.8,40.68999999999999
1936-01-01,Vermont,76.9,-1.6,47.93
1937-01-01,Vermont,80.2,10.1,45.190000000000005
1938-01-01,Vermont,78.2,2.5,45.98
1939-01-01,Vermont,79.9,4.8,38.68
1940-01-01,Vermont,77.8,-1.9,43.54
1941-01-01,Vermont,79.2,1.7,32.72
1942-01-01,Vermont,76.9,4.2,41.470000000000006
1943-01-01,Vermont,78.2,0.3,43.300000000000004
1944-01-01,Vermont,80.4,2.6,37.74
1945-01-01,Vermont,77.3,-3.3,52.720000000000006
1946-01-01,Vermont,77.9,1.0,41.56
1947-01-01,Vermont,80.1,5.1,43.24
1948-01-01,Vermont,78.8,-2.2,41.93
1949-01-01,Vermont,82.0,11.3,37.50000000000001
1950-01-01,Vermont,77.7,4.2,41.81
1951-01-01,Vermont,77.0,9.7,46.59
1952-01-01,Vermont,81.8,8.3,42.57
1953-01-01,Vermont,79.2,12.2,41.79
1954-01-01,Vermont,74.7,1.0,52.300000000000004
1955-01-01,Vermont,83.1,4.1,40.27
1956-01-01,Vermont,74.4,9.7,38.779999999999994
1957-01-01,Vermont,77.2,-3.8,37.24999999999999
1958-01-01,Vermont,76.1,-1.2,40.68
1959-01-01,Vermont,81.0,-2.0,44.599999999999994
1960-01-01,Vermont,75.8,5.6,40.06
1961-01-01,Vermont,76.3,-4.0,36.59
1962-01-01,Vermont,74.9,1.2,40.58999999999999
1963-01-01,Vermont,79.0,-1.3,34.580000000000005
1964-01-01,Vermont,78.9,4.8,35.23
1965-01-01,Vermont,75.2,1.6,35.11
1966-01-01,Vermont,78.4,5.3,38.26
1967-01-01,Vermont,77.9,-1.6,40.43000000000001
1968-01-01,Vermont,79.0,-2.6,41.85999999999999
1969-01-01,Vermont,77.0,6.2,46.39
1970-01-01,Vermont,78.9,-7.2,38.08
1971-01-01,Vermont,77.6,-2.6,41.21
1972-01-01,Vermont,77.1,3.3,48.22
1973-01-01,Vermont,79.4,4.0,52.760000000000005
1974-01-01,Vermont,77.1,3.8,46.25999999999999
1975-01-01,Vermont,80.7,8.6,47.67
1976-01-01,Vermont,77.4,-2.7,52.99999999999999
1977-01-01,Vermont,77.3,-0.8,48.42
1978-01-01,Vermont,78.3,-3.0,40.25
1979-01-01,Vermont,79.5,-2.7,43.93
1980-01-01,Vermont,77.9,1.2,35.77
1981-01-01,Vermont,77.6,-4.9,47.370000000000005
1982-01-01,Vermont,78.7,-5.7,37.92000000000001
1983-01-01,Vermont,79.3,8.9,54.09999999999999
1984-01-01,Vermont,77.7,2.6,44.61
1985-01-01,Vermont,78.2,2.3,39.410000000000004
1986-01-01,Vermont,74.8,4.2,46.470000000000006
1987-01-01,Vermont,78.9,1.7,41.75000000000001
1988-01-01,Vermont,79.9,4.1,37.64
1989-01-01,Vermont,78.2,-7.0,44.92
1990-01-01,Vermont,77.9,8.8,54.25
1991-01-01,Vermont,77.7,5.8,41.760000000000005
1992-01-01,Vermont,72.8,6.3,38.56
1993-01-01,Vermont,78.3,-3.8,41.79
1994-01-01,Vermont,79.2,-6.7,43.080000000000005
1995-01-01,Vermont,80.2,4.9,42.190000000000005
1996-01-01,Vermont,76.2,4.8,52.62
1997-01-01,Vermont,76.4,6.2,42.779999999999994
1998-01-01,Vermont,76.6,13.3,47.53
1999-01-01,Vermont,80.4,6.5,42.449999999999996
2000-01-01,Vermont,74.0,5.1,48.62
2001-01-01,Vermont,80.5,7.9,34.36
2002-01-01,Vermont,79.2,12.7,47.25999999999999
2003-01-01,Vermont,77.5,-0.4,49.82000000000001
2004-01-01,Vermont,75.7,-1.8,41.85
2005-01-01,Vermont,79.7,3.8,52.39
2006-01-01,Vermont,80.1,12.8,54.279999999999994
2007-01-01,Vermont,76.6,3.2,48.83
2008-01-01,Vermont,77.6,11.1,54.629999999999995
2009-01-01,Vermont,76.7,0.5,47.43000000000001
2010-01-01,Vermont,80.6,12.7,49.21000000000001
2011-01-01,Vermont,80.3,6.6,58.22
2012-01-01,Vermont,80.3,12.6,42.35
2013-01-01,Vermont,80.0,8.8,46.559999999999995
2014-01-01,Vermont,77.8,4.9,46.080000000000005
2015-01-01,Vermont,77.8,-6.8,42.44
2016-01-01,Vermont,79.3,11.9,38.620000000000005
2017-01-01,Vermont,75.9,9.8,46.3
2018-01-01,Vermont,81.7,7.0,47.06999999999999
2019-01-01,Vermont,81.0,4.9,51.39999999999999
2020-01-01,Vermont,82.0,12.7,40.21
2021-01-01,Vermont,78.5,9.5,41.88
2022-01-01,Vermont,80.3,-99.9,-12.589999999999998
1895-01-01,Virginia,86.0,15.0,38.760000000000005
1896-01-01,Virginia,85.7,24.3,42.09
1897-01-01,Virginia,86.6,21.5,40.71
1898-01-01,Virginia,86.4,23.6,45.589999999999996
1899-01-01,Virginia,87.3,19.4,43.83
1900-01-01,Virginia,90.7,23.5,40.14000000000001
1901-01-01,Virginia,88.1,21.2,51.98000000000001
1902-01-01,Virginia,87.7,21.2,42.309999999999995
1903-01-01,Virginia,86.4,20.6,44.54
1904-01-01,Virginia,84.2,19.6,36.650000000000006
1905-01-01,Virginia,84.4,18.7,44.55
1906-01-01,Virginia,84.2,23.6,48.79
1907-01-01,Virginia,85.7,22.0,44.86999999999999
1908-01-01,Virginia,85.9,22.5,47.31
1909-01-01,Virginia,84.0,21.7,38.37
1910-01-01,Virginia,85.2,20.5,41.730000000000004
1911-01-01,Virginia,87.4,28.6,42.629999999999995
1912-01-01,Virginia,84.7,17.2,43.14
1913-01-01,Virginia,86.2,26.4,43.83
1914-01-01,Virginia,86.0,20.9,37.03
1915-01-01,Virginia,84.9,25.0,42.09
1916-01-01,Virginia,83.9,24.3,39.92
1917-01-01,Virginia,83.8,16.9,42.57000000000001
1918-01-01,Virginia,86.1,14.8,44.730000000000004
1919-01-01,Virginia,85.1,22.7,43.48
1920-01-01,Virginia,83.2,22.3,46.989999999999995
1921-01-01,Virginia,86.6,26.6,35.650000000000006
1922-01-01,Virginia,83.9,23.3,46.35999999999999
1923-01-01,Virginia,84.9,24.5,40.92
1924-01-01,Virginia,84.8,22.2,48.029999999999994
1925-01-01,Virginia,87.3,23.8,33.53
1926-01-01,Virginia,86.7,23.2,42.0
1927-01-01,Virginia,84.6,25.9,41.92
1928-01-01,Virginia,85.9,24.0,43.59
1929-01-01,Virginia,84.1,23.5,46.99
1930-01-01,Virginia,90.0,24.0,24.740000000000002
1931-01-01,Virginia,88.2,26.0,38.71
1932-01-01,Virginia,88.1,28.4,44.650000000000006
1933-01-01,Virginia,85.5,27.4,39.75
1934-01-01,Virginia,88.7,17.0,45.519999999999996
1935-01-01,Virginia,85.4,21.3,47.35
1936-01-01,Virginia,87.9,20.2,44.78
1937-01-01,Virginia,84.7,26.5,53.47
1938-01-01,Virginia,86.5,25.5,42.98
1939-01-01,Virginia,85.1,27.5,41.75
1940-01-01,Virginia,84.5,13.9,44.89
1941-01-01,Virginia,85.6,21.5,31.15
1942-01-01,Virginia,87.0,22.4,48.37
1943-01-01,Virginia,87.8,25.0,36.230000000000004
1944-01-01,Virginia,86.8,23.1,46.08
1945-01-01,Virginia,84.4,23.1,47.87000000000001
1946-01-01,Virginia,83.9,26.8,39.870000000000005
1947-01-01,Virginia,86.2,18.8,40.97
1948-01-01,Virginia,86.0,19.2,52.739999999999995
1949-01-01,Virginia,86.8,28.5,44.85999999999999
1950-01-01,Virginia,82.7,23.0,42.08
1951-01-01,Virginia,86.7,26.2,40.71999999999999
1952-01-01,Virginia,89.2,27.6,45.580000000000005
1953-01-01,Virginia,88.6,27.9,36.93
1954-01-01,Virginia,88.2,25.3,39.49
1955-01-01,Virginia,88.4,22.0,41.87
1956-01-01,Virginia,85.0,23.4,42.59
1957-01-01,Virginia,87.2,24.5,45.75
1958-01-01,Virginia,86.4,20.3,45.51
1959-01-01,Virginia,86.9,22.4,42.230000000000004
1960-01-01,Virginia,85.0,19.0,41.58
1961-01-01,Virginia,85.0,18.6,47.81999999999999
1962-01-01,Virginia,83.5,21.8,44.93000000000001
1963-01-01,Virginia,85.4,18.4,33.01
1964-01-01,Virginia,84.8,23.4,40.31
1965-01-01,Virginia,84.9,23.3,32.71
1966-01-01,Virginia,88.5,20.7,40.9
1967-01-01,Virginia,82.5,22.0,39.01
1968-01-01,Virginia,86.3,18.6,35.61
1969-01-01,Virginia,85.8,22.0,41.86
1970-01-01,Virginia,85.3,18.1,36.99999999999999
1971-01-01,Virginia,83.7,22.2,47.43999999999999
1972-01-01,Virginia,83.7,24.7,56.07
1973-01-01,Virginia,85.1,24.0,45.830000000000005
1974-01-01,Virginia,84.7,26.3,42.31
1975-01-01,Virginia,86.3,27.2,52.06
1976-01-01,Virginia,84.6,22.0,41.32000000000001
1977-01-01,Virginia,89.3,13.5,39.75
1978-01-01,Virginia,85.5,17.7,45.18000000000001
1979-01-01,Virginia,83.8,18.3,55.66
1980-01-01,Virginia,88.0,20.9,35.92000000000001
1981-01-01,Virginia,84.9,18.9,36.22
1982-01-01,Virginia,84.9,18.8,45.58999999999999
1983-01-01,Virginia,88.3,25.0,46.25000000000001
1984-01-01,Virginia,84.5,21.2,45.379999999999995
1985-01-01,Virginia,84.1,20.8,44.230000000000004
1986-01-01,Virginia,88.8,22.5,35.16
1987-01-01,Virginia,89.1,23.9,45.3
1988-01-01,Virginia,88.1,19.4,34.96000000000001
1989-01-01,Virginia,84.1,17.1,52.51
1990-01-01,Virginia,86.5,31.3,45.48
1991-01-01,Virginia,87.0,27.4,38.95
1992-01-01,Virginia,85.9,27.3,44.03
1993-01-01,Virginia,89.6,24.3,44.97
1994-01-01,Virginia,86.0,20.4,45.38
1995-01-01,Virginia,87.3,24.2,44.31
1996-01-01,Virginia,83.6,23.3,55.89
1997-01-01,Virginia,86.5,25.0,38.080000000000005
1998-01-01,Virginia,86.5,32.0,45.94
1999-01-01,Virginia,88.5,28.3,42.72
2000-01-01,Virginia,83.1,20.3,40.33000000000001
2001-01-01,Virginia,85.5,23.7,34.88
2002-01-01,Virginia,87.6,26.8,42.62
2003-01-01,Virginia,84.7,22.3,61.88999999999999
2004-01-01,Virginia,84.3,22.3,48.94
2005-01-01,Virginia,86.7,25.5,39.83
2006-01-01,Virginia,87.6,26.6,46.199999999999996
2007-01-01,Virginia,89.3,21.9,35.19
2008-01-01,Virginia,86.5,25.7,40.64000000000001
2009-01-01,Virginia,85.1,23.0,51.24999999999999
2010-01-01,Virginia,89.9,22.1,41.74
2011-01-01,Virginia,89.0,23.3,48.300000000000004
2012-01-01,Virginia,89.4,28.3,40.05
2013-01-01,Virginia,84.6,27.2,51.370000000000005
2014-01-01,Virginia,84.0,18.3,43.750000000000014
2015-01-01,Virginia,84.7,18.0,49.76
2016-01-01,Virginia,87.5,23.2,45.410000000000004
2017-01-01,Virginia,87.5,27.6,41.56
2018-01-01,Virginia,85.3,20.7,63.53
2019-01-01,Virginia,87.8,27.3,46.0
2020-01-01,Virginia,89.8,28.7,61.4
2021-01-01,Virginia,86.7,28.0,40.85999999999999
2022-01-01,Virginia,86.8,-99.9,-8.15
1895-01-01,Washington,76.1,19.9,35.760000000000005
1896-01-01,Washington,80.4,23.4,49.17
1897-01-01,Washington,81.8,22.3,50.58
1898-01-01,Washington,79.9,20.6,35.08
1899-01-01,Washington,78.5,21.3,52.080000000000005
1900-01-01,Washington,77.7,25.0,45.41
1901-01-01,Washington,81.1,23.0,42.07
1902-01-01,Washington,76.8,22.1,50.510000000000005
1903-01-01,Washington,74.6,19.3,42.65
1904-01-01,Washington,79.0,24.5,45.440000000000005
1905-01-01,Washington,79.2,22.7,39.660000000000004
1906-01-01,Washington,84.4,25.7,45.7
1907-01-01,Washington,78.0,12.9,40.24
1908-01-01,Washington,80.5,23.5,37.31
1909-01-01,Washington,76.4,14.0,44.44
1910-01-01,Washington,79.2,20.1,43.17
1911-01-01,Washington,80.0,20.8,33.92
1912-01-01,Washington,75.2,21.4,43.63
1913-01-01,Washington,78.0,18.0,37.279999999999994
1914-01-01,Washington,80.2,18.1,39.82
1915-01-01,Washington,83.0,20.4,42.21
1916-01-01,Washington,77.4,9.3,43.36
1917-01-01,Washington,80.8,19.1,43.050000000000004
1918-01-01,Washington,77.8,23.8,40.14999999999999
1919-01-01,Washington,79.8,17.3,40.36
1920-01-01,Washington,80.2,22.6,43.870000000000005
1921-01-01,Washington,77.2,22.4,49.14
1922-01-01,Washington,80.3,14.4,32.71
1923-01-01,Washington,79.3,18.5,39.14000000000001
1924-01-01,Washington,78.8,18.1,36.95
1925-01-01,Washington,81.7,25.0,35.48
1926-01-01,Washington,81.6,24.2,38.23
1927-01-01,Washington,78.6,18.1,45.66999999999999
1928-01-01,Washington,79.6,23.2,34.160000000000004
1929-01-01,Washington,80.5,13.4,26.000000000000004
1930-01-01,Washington,80.2,6.8,28.86
1931-01-01,Washington,80.6,22.6,43.33
1932-01-01,Washington,75.7,20.0,47.779999999999994
1933-01-01,Washington,79.2,17.4,53.42999999999999
1934-01-01,Washington,79.3,27.8,43.56999999999999
1935-01-01,Washington,76.9,23.1,32.67
1936-01-01,Washington,78.9,11.8,36.95
1937-01-01,Washington,79.0,6.3,49.879999999999995
1938-01-01,Washington,81.9,25.5,33.760000000000005
1939-01-01,Washington,80.9,22.1,35.86
1940-01-01,Washington,79.0,25.1,42.22000000000001
1941-01-01,Washington,82.2,26.8,40.06999999999999
1942-01-01,Washington,80.4,19.3,38.65
1943-01-01,Washington,78.1,15.3,32.64999999999999
1944-01-01,Washington,79.0,21.9,30.3
1945-01-01,Washington,80.7,25.1,46.33
1946-01-01,Washington,78.4,24.4,43.68000000000001
1947-01-01,Washington,76.8,18.6,41.790000000000006
1948-01-01,Washington,73.9,18.2,53.45
1949-01-01,Washington,76.4,5.7,38.69
1950-01-01,Washington,78.8,4.9,54.17
1951-01-01,Washington,79.7,20.2,45.449999999999996
1952-01-01,Washington,79.3,18.4,27.81
1953-01-01,Washington,77.9,28.3,50.84
1954-01-01,Washington,74.5,20.9,45.22
1955-01-01,Washington,77.2,21.4,48.92
1956-01-01,Washington,79.9,18.2,42.98000000000001
1957-01-01,Washington,74.7,11.4,39.209999999999994
1958-01-01,Washington,83.2,28.4,46.36999999999999
1959-01-01,Washington,80.0,24.6,46.769999999999996
1960-01-01,Washington,83.5,19.1,42.379999999999995
1961-01-01,Washington,83.0,24.2,48.75
1962-01-01,Washington,76.8,20.5,40.23
1963-01-01,Washington,76.9,17.7,39.339999999999996
1964-01-01,Washington,75.9,21.1,45.11
1965-01-01,Washington,79.1,25.6,36.53
1966-01-01,Washington,77.0,24.8,41.66
1967-01-01,Washington,85.0,24.7,42.82
1968-01-01,Washington,80.1,22.0,49.96
1969-01-01,Washington,76.2,13.9,37.230000000000004
1970-01-01,Washington,79.0,23.1,42.24
1971-01-01,Washington,82.2,21.9,48.849999999999994
1972-01-01,Washington,79.5,20.0,49.94
1973-01-01,Washington,79.3,21.6,41.42
1974-01-01,Washington,78.1,20.5,47.28999999999999
1975-01-01,Washington,79.4,23.0,50.92
1976-01-01,Washington,75.6,25.8,33.18
1977-01-01,Washington,81.0,20.0,41.56
1978-01-01,Washington,77.6,18.8,35.99
1979-01-01,Washington,79.2,11.6,38.20000000000001
1980-01-01,Washington,76.8,17.0,44.74
1981-01-01,Washington,82.1,25.9,43.8
1982-01-01,Washington,76.4,22.4,47.39
1983-01-01,Washington,77.8,17.1,51.830000000000005
1984-01-01,Washington,78.7,18.3,46.96999999999999
1985-01-01,Washington,85.1,18.4,29.99
1986-01-01,Washington,82.7,26.1,41.63
1987-01-01,Washington,77.8,24.2,34.39
1988-01-01,Washington,77.8,23.2,39.95
1989-01-01,Washington,76.2,17.8,36.56000000000001
1990-01-01,Washington,80.6,17.9,50.910000000000004
1991-01-01,Washington,78.6,22.2,40.48
1992-01-01,Washington,79.2,21.7,37.129999999999995
1993-01-01,Washington,74.7,18.4,33.68000000000001
1994-01-01,Washington,81.6,25.4,42.510000000000005
1995-01-01,Washington,77.2,26.9,51.08
1996-01-01,Washington,81.0,22.7,54.949999999999996
1997-01-01,Washington,79.7,24.6,51.07
1998-01-01,Washington,81.8,24.6,48.61000000000001
1999-01-01,Washington,78.0,28.8,49.300000000000004
2000-01-01,Washington,77.2,24.3,34.209999999999994
2001-01-01,Washington,79.3,24.3,39.16
2002-01-01,Washington,79.9,26.3,36.51
2003-01-01,Washington,82.7,25.9,43.47
2004-01-01,Washington,80.9,25.1,37.65
2005-01-01,Washington,80.3,24.0,38.64
2006-01-01,Washington,81.5,24.4,50.26
2007-01-01,Washington,81.5,22.0,40.239999999999995
2008-01-01,Washington,78.1,20.2,37.38999999999999
2009-01-01,Washington,81.6,20.4,39.900000000000006
2010-01-01,Washington,77.8,26.9,47.32000000000001
2011-01-01,Washington,78.6,23.6,43.82
2012-01-01,Washington,80.6,23.9,52.870000000000005
2013-01-01,Washington,81.4,21.8,35.67999999999999
2014-01-01,Washington,82.4,23.4,48.8
2015-01-01,Washington,82.2,27.2,43.25
2016-01-01,Washington,79.7,20.2,49.13999999999999
2017-01-01,Washington,83.1,18.7,48.730000000000004
2018-01-01,Washington,82.0,25.0,41.31999999999999
2019-01-01,Washington,79.2,18.6,33.07
2020-01-01,Washington,79.5,27.3,45.25
2021-01-01,Washington,83.9,23.9,43.88999999999999
2022-01-01,Washington,84.0,-99.9,-13.860000000000001
1895-01-01,West Virginia,84.6,11.0,35.15
1896-01-01,West Virginia,83.4,22.5,43.00000000000001
1897-01-01,West Virginia,84.5,17.3,44.17
1898-01-01,West Virginia,85.8,20.8,48.68
1899-01-01,West Virginia,85.4,14.6,42.86
1900-01-01,West Virginia,88.1,19.4,40.22
1901-01-01,West Virginia,87.8,16.5,49.74
1902-01-01,West Virginia,86.0,16.6,43.62
1903-01-01,West Virginia,84.4,15.2,42.760000000000005
1904-01-01,West Virginia,82.1,16.1,34.510000000000005
1905-01-01,West Virginia,82.7,15.3,46.03
1906-01-01,West Virginia,83.4,18.9,46.84
1907-01-01,West Virginia,83.1,19.1,53.989999999999995
1908-01-01,West Virginia,85.2,18.9,44.60000000000001
1909-01-01,West Virginia,81.9,18.4,43.68
1910-01-01,West Virginia,83.8,18.4,43.13
1911-01-01,West Virginia,85.6,26.1,49.169999999999995
1912-01-01,West Virginia,82.8,12.7,46.19999999999999
1913-01-01,West Virginia,84.5,21.4,49.86
1914-01-01,West Virginia,84.3,17.0,40.989999999999995
1915-01-01,West Virginia,81.6,21.8,45.85
1916-01-01,West Virginia,84.2,20.6,47.660000000000004
1917-01-01,West Virginia,82.0,12.6,45.629999999999995
1918-01-01,West Virginia,85.8,10.4,48.42
1919-01-01,West Virginia,84.9,18.4,50.11
1920-01-01,West Virginia,80.9,18.4,44.56999999999999
1921-01-01,West Virginia,85.7,23.4,46.18
1922-01-01,West Virginia,83.1,18.8,43.75999999999999
1923-01-01,West Virginia,82.5,21.2,46.11
1924-01-01,West Virginia,81.9,17.7,47.14999999999999
1925-01-01,West Virginia,84.0,20.4,40.089999999999996
1926-01-01,West Virginia,83.6,19.1,50.05
1927-01-01,West Virginia,83.1,23.1,48.91
1928-01-01,West Virginia,83.0,20.2,44.67
1929-01-01,West Virginia,83.1,18.3,47.73000000000001
1930-01-01,West Virginia,88.8,21.6,25.299999999999997
1931-01-01,West Virginia,88.1,22.8,42.69
1932-01-01,West Virginia,84.4,22.9,46.47999999999999
1933-01-01,West Virginia,83.7,21.6,49.44
1934-01-01,West Virginia,88.3,11.2,39.36
1935-01-01,West Virginia,84.9,18.6,52.74999999999999
1936-01-01,West Virginia,86.6,15.7,43.13
1937-01-01,West Virginia,83.7,22.6,50.63999999999999
1938-01-01,West Virginia,84.4,22.1,43.4
1939-01-01,West Virginia,82.9,24.1,43.13
1940-01-01,West Virginia,82.8,10.9,44.02
1941-01-01,West Virginia,84.8,18.6,35.76
1942-01-01,West Virginia,84.0,18.7,48.51
1943-01-01,West Virginia,85.8,21.2,40.24999999999999
1944-01-01,West Virginia,85.2,18.7,44.010000000000005
1945-01-01,West Virginia,83.2,18.9,49.29
1946-01-01,West Virginia,83.5,22.9,36.93
1947-01-01,West Virginia,85.1,15.0,37.19
1948-01-01,West Virginia,82.9,12.8,51.50999999999999
1949-01-01,West Virginia,85.7,25.1,45.629999999999995
1950-01-01,West Virginia,80.1,19.9,52.379999999999995
1951-01-01,West Virginia,84.1,23.0,47.26
1952-01-01,West Virginia,86.8,26.1,42.59
1953-01-01,West Virginia,86.1,24.1,37.32
1954-01-01,West Virginia,85.2,22.5,47.67
1955-01-01,West Virginia,86.7,18.6,40.51
1956-01-01,West Virginia,81.3,18.9,51.54999999999999
1957-01-01,West Virginia,84.5,19.7,42.33
1958-01-01,West Virginia,82.8,15.6,46.1
1959-01-01,West Virginia,85.3,18.2,40.339999999999996
1960-01-01,West Virginia,82.7,14.4,39.05
1961-01-01,West Virginia,81.5,15.0,49.11000000000001
1962-01-01,West Virginia,82.5,17.8,44.800000000000004
1963-01-01,West Virginia,81.3,13.6,37.11
1964-01-01,West Virginia,83.6,18.7,40.54999999999999
1965-01-01,West Virginia,82.2,19.4,35.99999999999999
1966-01-01,West Virginia,85.7,15.7,39.29
1967-01-01,West Virginia,81.2,17.6,45.25
1968-01-01,West Virginia,83.7,13.4,39.58
1969-01-01,West Virginia,83.7,18.4,39.370000000000005
1970-01-01,West Virginia,82.3,14.1,42.56
1971-01-01,West Virginia,81.7,17.7,43.45
1972-01-01,West Virginia,80.7,20.1,55.92000000000001
1973-01-01,West Virginia,82.8,21.0,47.510000000000005
1974-01-01,West Virginia,82.1,22.7,47.040000000000006
1975-01-01,West Virginia,83.6,24.0,51.04
1976-01-01,West Virginia,80.3,16.7,41.98000000000001
1977-01-01,West Virginia,85.0,6.8,41.54
1978-01-01,West Virginia,82.2,10.6,47.4
1979-01-01,West Virginia,79.8,14.0,52.730000000000004
1980-01-01,West Virginia,84.3,16.2,43.97
1981-01-01,West Virginia,81.9,15.1,41.66
1982-01-01,West Virginia,82.8,14.7,44.480000000000004
1983-01-01,West Virginia,85.2,21.1,44.43
1984-01-01,West Virginia,82.9,16.8,45.419999999999995
1985-01-01,West Virginia,81.6,16.1,45.27
1986-01-01,West Virginia,84.4,18.2,43.09
1987-01-01,West Virginia,85.7,21.7,38.86
1988-01-01,West Virginia,86.9,16.3,35.339999999999996
1989-01-01,West Virginia,82.1,12.2,54.16
1990-01-01,West Virginia,82.5,27.9,49.5
1991-01-01,West Virginia,84.6,24.0,41.77
1992-01-01,West Virginia,82.1,22.4,41.19
1993-01-01,West Virginia,86.4,20.7,44.31
1994-01-01,West Virginia,83.1,15.5,49.44999999999999
1995-01-01,West Virginia,86.0,20.0,44.06
1996-01-01,West Virginia,81.0,20.4,59.17
1997-01-01,West Virginia,83.3,21.0,41.23
1998-01-01,West Virginia,83.3,28.2,46.11000000000001
1999-01-01,West Virginia,87.6,24.7,38.980000000000004
2000-01-01,West Virginia,80.9,16.6,42.59
2001-01-01,West Virginia,82.8,20.3,39.86000000000001
2002-01-01,West Virginia,84.6,24.6,48.559999999999995
2003-01-01,West Virginia,82.2,17.7,59.42
2004-01-01,West Virginia,81.0,18.5,53.07000000000001
2005-01-01,West Virginia,84.2,21.9,41.89
2006-01-01,West Virginia,84.5,23.8,43.629999999999995
2007-01-01,West Virginia,86.7,14.6,42.85
2008-01-01,West Virginia,82.3,21.2,46.040000000000006
2009-01-01,West Virginia,81.2,18.4,46.8
2010-01-01,West Virginia,85.4,19.5,42.43000000000001
2011-01-01,West Virginia,86.2,19.2,55.1
2012-01-01,West Virginia,86.5,25.1,44.62
2013-01-01,West Virginia,82.4,23.2,47.589999999999996
2014-01-01,West Virginia,81.2,12.2,42.79
2015-01-01,West Virginia,82.0,12.2,48.62
2016-01-01,West Virginia,85.3,17.4,45.36
2017-01-01,West Virginia,83.1,23.8,47.009999999999984
2018-01-01,West Virginia,83.9,16.8,65.10000000000001
2019-01-01,West Virginia,85.3,24.2,48.239999999999995
2020-01-01,West Virginia,87.4,26.0,53.769999999999996
2021-01-01,West Virginia,84.4,23.7,42.589999999999996
2022-01-01,West Virginia,83.0,-99.9,-2.7500000000000036
1895-01-01,Wisconsin,80.6,-2.8,23.240000000000002
1896-01-01,Wisconsin,80.8,6.5,32.32
1897-01-01,Wisconsin,83.5,3.9,28.32
1898-01-01,Wisconsin,83.6,2.7,27.020000000000003
1899-01-01,Wisconsin,81.5,-5.6,31.659999999999997
1900-01-01,Wisconsin,84.0,-3.9,36.93
1901-01-01,Wisconsin,86.0,-1.6,26.46
1902-01-01,Wisconsin,80.6,3.1,32.77
1903-01-01,Wisconsin,79.1,0.5,36.370000000000005
1904-01-01,Wisconsin,77.7,-6.8,31.42
1905-01-01,Wisconsin,78.1,-4.5,33.94
1906-01-01,Wisconsin,79.8,3.3,33.36000000000001
1907-01-01,Wisconsin,78.9,1.3,28.639999999999997
1908-01-01,Wisconsin,80.6,7.0,29.0
1909-01-01,Wisconsin,80.9,5.8,31.41
1910-01-01,Wisconsin,85.3,-0.2,20.53
1911-01-01,Wisconsin,81.7,1.7,36.57
1912-01-01,Wisconsin,79.6,-15.2,31.669999999999998
1913-01-01,Wisconsin,79.9,-0.4,32.86
1914-01-01,Wisconsin,82.9,-5.3,32.480000000000004
1915-01-01,Wisconsin,75.7,1.2,32.98
1916-01-01,Wisconsin,88.0,1.5,33.88
1917-01-01,Wisconsin,81.0,-7.1,27.52
1918-01-01,Wisconsin,80.6,-7.3,29.9
1919-01-01,Wisconsin,83.2,-0.8,33.86
1920-01-01,Wisconsin,78.2,-5.2,30.06
1921-01-01,Wisconsin,87.5,10.8,30.96
1922-01-01,Wisconsin,80.1,-0.8,31.700000000000003
1923-01-01,Wisconsin,83.1,-3.4,26.490000000000002
1924-01-01,Wisconsin,77.7,-7.2,32.81
1925-01-01,Wisconsin,80.3,2.9,27.75
1926-01-01,Wisconsin,80.0,3.2,35.46
1927-01-01,Wisconsin,78.6,0.3,31.28
1928-01-01,Wisconsin,79.7,6.2,33.48
1929-01-01,Wisconsin,81.6,-10.3,27.689999999999998
1930-01-01,Wisconsin,83.3,-3.8,25.889999999999997
1931-01-01,Wisconsin,85.6,13.6,29.550000000000004
1932-01-01,Wisconsin,82.8,7.0,25.809999999999995
1933-01-01,Wisconsin,85.2,0.9,26.5
1934-01-01,Wisconsin,83.7,2.6,30.36
1935-01-01,Wisconsin,84.8,-0.7,30.92
1936-01-01,Wisconsin,89.4,-10.8,25.36
1937-01-01,Wisconsin,85.0,-3.0,27.339999999999996
1938-01-01,Wisconsin,80.8,3.9,41.28000000000001
1939-01-01,Wisconsin,83.1,-0.2,26.32
1940-01-01,Wisconsin,82.1,-1.8,32.339999999999996
1941-01-01,Wisconsin,82.2,5.2,34.34
1942-01-01,Wisconsin,79.2,6.7,35.379999999999995
1943-01-01,Wisconsin,82.8,-0.5,29.900000000000002
1944-01-01,Wisconsin,80.6,7.8,29.23
1945-01-01,Wisconsin,78.2,1.5,35.23
1946-01-01,Wisconsin,81.0,5.6,29.84
1947-01-01,Wisconsin,85.6,3.6,29.470000000000002
1948-01-01,Wisconsin,82.1,-3.8,24.16
1949-01-01,Wisconsin,82.3,4.9,28.23
1950-01-01,Wisconsin,77.2,-0.1,30.630000000000006
1951-01-01,Wisconsin,78.7,-0.5,38.32
1952-01-01,Wisconsin,81.3,3.9,28.759999999999998
1953-01-01,Wisconsin,80.0,7.0,29.58
1954-01-01,Wisconsin,80.0,2.6,36.199999999999996
1955-01-01,Wisconsin,85.5,3.8,27.830000000000002
1956-01-01,Wisconsin,79.4,3.5,27.15
1957-01-01,Wisconsin,81.9,-2.5,28.23
1958-01-01,Wisconsin,79.4,2.5,24.450000000000003
1959-01-01,Wisconsin,80.6,-3.6,37.010000000000005
1960-01-01,Wisconsin,79.7,6.4,33.91
1961-01-01,Wisconsin,80.1,3.4,31.7
1962-01-01,Wisconsin,78.6,-0.1,28.76
1963-01-01,Wisconsin,82.6,-5.2,23.979999999999997
1964-01-01,Wisconsin,83.6,5.8,28.330000000000002
1965-01-01,Wisconsin,78.5,0.5,38.169999999999995
1966-01-01,Wisconsin,83.7,-5.5,26.970000000000002
1967-01-01,Wisconsin,77.9,-2.0,31.27
1968-01-01,Wisconsin,78.8,3.4,38.26
1969-01-01,Wisconsin,82.2,2.6,28.47
1970-01-01,Wisconsin,82.7,-3.4,32.400000000000006
1971-01-01,Wisconsin,79.7,-3.7,32.550000000000004
1972-01-01,Wisconsin,77.4,-3.7,35.970000000000006
1973-01-01,Wisconsin,80.8,8.4,35.48
1974-01-01,Wisconsin,82.9,4.0,28.980000000000004
1975-01-01,Wisconsin,81.8,6.5,32.48
1976-01-01,Wisconsin,83.9,-2.5,21.06
1977-01-01,Wisconsin,82.6,-9.7,36.24
1978-01-01,Wisconsin,78.5,-2.1,35.300000000000004
1979-01-01,Wisconsin,80.0,-7.0,32.34
1980-01-01,Wisconsin,82.4,3.7,33.43
1981-01-01,Wisconsin,79.3,4.8,31.02
1982-01-01,Wisconsin,80.9,-7.7,36.59
1983-01-01,Wisconsin,84.3,-1.8,34.790000000000006
1984-01-01,Wisconsin,80.4,1.9,34.98
1985-01-01,Wisconsin,80.5,-2.4,36.86
1986-01-01,Wisconsin,80.5,5.0,35.21
1987-01-01,Wisconsin,82.8,11.4,28.579999999999995
1988-01-01,Wisconsin,86.0,-0.4,25.590000000000003
1989-01-01,Wisconsin,82.3,-1.1,24.479999999999997
1990-01-01,Wisconsin,78.7,8.6,36.01
1991-01-01,Wisconsin,79.7,0.8,38.470000000000006
1992-01-01,Wisconsin,74.4,13.1,31.009999999999998
1993-01-01,Wisconsin,78.3,5.6,35.65
1994-01-01,Wisconsin,78.6,-6.2,30.890000000000004
1995-01-01,Wisconsin,81.2,8.1,32.879999999999995
1996-01-01,Wisconsin,78.9,-1.2,33.0
1997-01-01,Wisconsin,78.3,2.9,28.43
1998-01-01,Wisconsin,81.1,13.8,32.43
1999-01-01,Wisconsin,83.4,3.2,33.25000000000001
2000-01-01,Wisconsin,78.2,-0.3,34.19
2001-01-01,Wisconsin,82.1,4.9,35.05
2002-01-01,Wisconsin,84.0,14.9,35.08
2003-01-01,Wisconsin,82.4,2.6,28.02
2004-01-01,Wisconsin,77.7,2.3,34.91
2005-01-01,Wisconsin,82.7,5.8,28.55
2006-01-01,Wisconsin,85.4,8.6,30.080000000000005
2007-01-01,Wisconsin,81.6,2.8,33.49
2008-01-01,Wisconsin,80.6,2.2,32.72
2009-01-01,Wisconsin,75.7,-4.6,29.759999999999998
2010-01-01,Wisconsin,81.5,7.4,39.02
2011-01-01,Wisconsin,84.1,4.4,31.039999999999996
2012-01-01,Wisconsin,87.2,11.8,28.8
2013-01-01,Wisconsin,79.8,3.2,36.529999999999994
2014-01-01,Wisconsin,77.6,-4.2,37.08
2015-01-01,Wisconsin,79.7,-2.7,35.88
2016-01-01,Wisconsin,80.6,8.6,39.39
2017-01-01,Wisconsin,80.1,9.8,37.56999999999999
2018-01-01,Wisconsin,81.4,5.5,39.739999999999995
2019-01-01,Wisconsin,82.1,3.6,44.55
2020-01-01,Wisconsin,82.8,8.4,34.190000000000005
2021-01-01,Wisconsin,81.4,0.4,29.929999999999996
2022-01-01,Wisconsin,80.5,-99.9,-16.87
1895-01-01,Wyoming,77.7,2.2,16.48
1896-01-01,Wyoming,78.4,8.7,17.36
1897-01-01,Wyoming,79.7,4.0,14.18
1898-01-01,Wyoming,82.2,1.4,14.26
1899-01-01,Wyoming,81.1,-2.2,18.41
1900-01-01,Wyoming,79.7,8.0,13.19
1901-01-01,Wyoming,84.8,6.4,15.349999999999998
1902-01-01,Wyoming,77.9,7.4,11.740000000000002
1903-01-01,Wyoming,78.6,-2.4,15.670000000000002
1904-01-01,Wyoming,77.8,8.3,15.8
1905-01-01,Wyoming,78.8,3.0,17.1
1906-01-01,Wyoming,77.5,9.6,19.049999999999997
1907-01-01,Wyoming,77.9,6.0,16.3
1908-01-01,Wyoming,79.4,8.2,18.14
1909-01-01,Wyoming,80.9,-0.1,17.55
1910-01-01,Wyoming,82.3,4.2,11.659999999999998
1911-01-01,Wyoming,77.9,5.8,13.689999999999998
1912-01-01,Wyoming,75.5,7.2,18.360000000000003
1913-01-01,Wyoming,80.2,1.7,14.63
1914-01-01,Wyoming,80.0,1.5,13.24
1915-01-01,Wyoming,76.2,5.8,19.37
1916-01-01,Wyoming,81.4,-1.5,13.55
1917-01-01,Wyoming,82.6,1.8,14.79
1918-01-01,Wyoming,77.8,4.6,17.0
1919-01-01,Wyoming,84.3,3.9,12.19
1920-01-01,Wyoming,80.1,11.0,15.589999999999998
1921-01-01,Wyoming,81.2,11.7,15.06
1922-01-01,Wyoming,80.4,-0.3,15.710000000000003
1923-01-01,Wyoming,80.9,2.7,19.98
1924-01-01,Wyoming,79.5,1.9,13.770000000000001
1925-01-01,Wyoming,80.3,8.4,17.209999999999997
1926-01-01,Wyoming,78.8,7.9,16.75
1927-01-01,Wyoming,78.3,1.8,20.5
1928-01-01,Wyoming,78.4,5.9,16.119999999999997
1929-01-01,Wyoming,81.9,0.6,17.029999999999998
1930-01-01,Wyoming,82.5,-7.6,16.7
1931-01-01,Wyoming,84.9,7.9,12.67
1932-01-01,Wyoming,81.5,0.8,15.22
1933-01-01,Wyoming,84.7,1.0,13.500000000000004
1934-01-01,Wyoming,84.2,12.8,12.0
1935-01-01,Wyoming,84.8,10.5,13.780000000000001
1936-01-01,Wyoming,85.3,-0.3,15.89
1937-01-01,Wyoming,82.6,-7.0,18.080000000000002
1938-01-01,Wyoming,79.5,11.7,17.11
1939-01-01,Wyoming,84.1,0.7,11.26
1940-01-01,Wyoming,84.0,4.7,16.17
1941-01-01,Wyoming,80.2,9.5,20.240000000000002
1942-01-01,Wyoming,82.2,4.0,17.599999999999998
1943-01-01,Wyoming,82.3,7.5,14.989999999999998
1944-01-01,Wyoming,79.4,5.7,18.02
1945-01-01,Wyoming,80.1,8.4,19.78
1946-01-01,Wyoming,82.4,9.5,18.069999999999997
1947-01-01,Wyoming,82.0,7.6,18.72
1948-01-01,Wyoming,80.2,7.0,15.8
1949-01-01,Wyoming,81.3,-6.5,16.599999999999998
1950-01-01,Wyoming,77.0,3.0,16.349999999999998
1951-01-01,Wyoming,79.5,5.4,16.419999999999998
1952-01-01,Wyoming,79.7,7.0,13.139999999999997
1953-01-01,Wyoming,83.1,12.3,13.95
1954-01-01,Wyoming,85.2,11.3,12.08
1955-01-01,Wyoming,82.2,6.1,16.16
1956-01-01,Wyoming,80.0,4.6,12.55
1957-01-01,Wyoming,81.2,-0.5,18.91
1958-01-01,Wyoming,81.2,9.9,14.379999999999999
1959-01-01,Wyoming,81.3,9.1,13.850000000000001
1960-01-01,Wyoming,83.5,5.9,12.02
1961-01-01,Wyoming,81.2,7.9,14.670000000000002
1962-01-01,Wyoming,78.1,0.6,16.14
1963-01-01,Wyoming,82.3,-1.0,16.47
1964-01-01,Wyoming,84.4,7.0,16.66
1965-01-01,Wyoming,78.7,6.4,16.73
1966-01-01,Wyoming,84.9,6.9,12.670000000000002
1967-01-01,Wyoming,80.0,5.4,19.14
1968-01-01,Wyoming,80.2,6.6,16.69
1969-01-01,Wyoming,83.4,10.0,14.1
1970-01-01,Wyoming,83.0,9.6,16.41
1971-01-01,Wyoming,83.1,8.4,18.560000000000002
1972-01-01,Wyoming,77.6,4.0,16.959999999999997
1973-01-01,Wyoming,80.0,4.0,18.279999999999998
1974-01-01,Wyoming,82.6,6.2,12.920000000000002
1975-01-01,Wyoming,81.5,7.7,17.05
1976-01-01,Wyoming,82.8,9.1,14.530000000000003
1977-01-01,Wyoming,80.8,4.4,15.35
1978-01-01,Wyoming,80.0,0.5,18.399999999999995
1979-01-01,Wyoming,81.3,-6.5,12.639999999999999
1980-01-01,Wyoming,82.6,5.6,15.929999999999998
1981-01-01,Wyoming,81.1,13.9,15.92
1982-01-01,Wyoming,81.4,5.5,19.5
1983-01-01,Wyoming,82.4,-0.7,18.77
1984-01-01,Wyoming,81.1,6.1,15.63
1985-01-01,Wyoming,82.1,2.9,14.219999999999999
1986-01-01,Wyoming,79.9,10.8,17.91
1987-01-01,Wyoming,78.8,9.0,14.860000000000001
1988-01-01,Wyoming,85.0,5.8,11.419999999999998
1989-01-01,Wyoming,84.5,1.9,15.020000000000001
1990-01-01,Wyoming,79.9,0.9,15.380000000000003
1991-01-01,Wyoming,81.1,6.0,17.09
1992-01-01,Wyoming,77.6,6.1,14.979999999999999
1993-01-01,Wyoming,75.2,4.5,18.500000000000004
1994-01-01,Wyoming,82.5,8.6,14.02
1995-01-01,Wyoming,82.8,12.0,20.279999999999998
1996-01-01,Wyoming,82.2,6.4,17.299999999999997
1997-01-01,Wyoming,78.9,8.8,17.980000000000004
1998-01-01,Wyoming,82.9,10.4,19.57
1999-01-01,Wyoming,81.9,14.4,15.939999999999998
2000-01-01,Wyoming,84.8,8.0,14.31
2001-01-01,Wyoming,84.1,9.0,11.91
2002-01-01,Wyoming,86.2,9.4,11.97
2003-01-01,Wyoming,87.2,9.0,15.129999999999999
2004-01-01,Wyoming,79.5,10.0,14.56
2005-01-01,Wyoming,84.6,10.3,16.27
2006-01-01,Wyoming,86.0,9.8,12.74
2007-01-01,Wyoming,86.4,4.9,15.049999999999999
2008-01-01,Wyoming,83.3,5.3,16.05
2009-01-01,Wyoming,78.7,4.0,17.0
2010-01-01,Wyoming,80.4,10.3,17.25
2011-01-01,Wyoming,82.8,6.5,18.55
2012-01-01,Wyoming,85.7,11.7,10.959999999999999
2013-01-01,Wyoming,83.1,7.4,16.32
2014-01-01,Wyoming,81.9,9.3,18.099999999999998
2015-01-01,Wyoming,80.0,11.1,16.71
2016-01-01,Wyoming,82.9,5.6,17.28
2017-01-01,Wyoming,84.8,6.1,18.66
2018-01-01,Wyoming,82.8,7.7,16.12
2019-01-01,Wyoming,81.0,6.3,18.34
2020-01-01,Wyoming,84.8,8.6,11.719999999999999
2021-01-01,Wyoming,85.9,6.8,14.39
2022-01-01,Wyoming,85.1,-99.9,-29.940000000000005
1925-01-01,Alaska,61.7,-18.3,40.98
1926-01-01,Alaska,63.3,-5.5,37.59
1927-01-01,Alaska,63.8,-5.2,34.29
1928-01-01,Alaska,60.0,-5.2,43.54
1929-01-01,Alaska,60.6,-4.9,43.47
1930-01-01,Alaska,60.8,-14.2,41.6
1931-01-01,Alaska,60.0,-2.5,38.91
1932-01-01,Alaska,60.6,-14.7,37.910000000000004
1933-01-01,Alaska,60.9,-17.0,30.820000000000004
1934-01-01,Alaska,59.4,-19.4,34.31
1935-01-01,Alaska,61.2,-7.1,40.760000000000005
1936-01-01,Alaska,64.1,-8.5,38.580000000000005
1937-01-01,Alaska,62.2,-9.0,35.35
1938-01-01,Alaska,60.8,-11.3,42.04
1939-01-01,Alaska,61.5,-8.5,40.53
1940-01-01,Alaska,63.5,0.1,35.31
1941-01-01,Alaska,61.0,-8.2,34.220000000000006
1942-01-01,Alaska,61.3,-16.1,34.94
1943-01-01,Alaska,61.0,-15.2,42.7
1944-01-01,Alaska,61.8,-3.9,39.620000000000005
1945-01-01,Alaska,60.2,-4.5,38.5
1946-01-01,Alaska,62.9,-13.8,36.49
1947-01-01,Alaska,62.3,-17.8,37.76
1948-01-01,Alaska,57.8,-11.3,37.3
1949-01-01,Alaska,59.4,-10.6,38.35
1950-01-01,Alaska,62.4,-16.0,28.620000000000005
1951-01-01,Alaska,61.6,-13.8,35.25
1952-01-01,Alaska,59.6,-12.1,37.379999999999995
1953-01-01,Alaska,63.6,-11.7,34.09
1954-01-01,Alaska,59.0,-15.2,33.84
1955-01-01,Alaska,61.2,-10.3,38.33
1956-01-01,Alaska,61.2,-13.8,35.589999999999996
1957-01-01,Alaska,62.7,-9.5,31.650000000000002
1958-01-01,Alaska,61.3,-2.6,36.120000000000005
1959-01-01,Alaska,60.3,-11.8,35.29
1960-01-01,Alaska,61.0,-1.8,37.81
1961-01-01,Alaska,58.7,-14.0,41.09
1962-01-01,Alaska,63.1,-4.4,35.39
1963-01-01,Alaska,59.5,-4.2,39.96
1964-01-01,Alaska,60.6,-16.0,35.71
1965-01-01,Alaska,58.9,-12.4,38.040000000000006
1966-01-01,Alaska,60.1,-8.8,33.79
1967-01-01,Alaska,59.4,-6.8,39.07000000000001
1968-01-01,Alaska,64.1,-9.9,29.43
1969-01-01,Alaska,61.1,-10.9,29.44
1970-01-01,Alaska,58.8,-13.0,36.260000000000005
1971-01-01,Alaska,60.4,-19.6,36.28
1972-01-01,Alaska,64.4,-11.4,31.319999999999997
1973-01-01,Alaska,59.1,-13.6,31.700000000000003
1974-01-01,Alaska,61.0,-15.4,33.22
1975-01-01,Alaska,61.7,-11.4,33.220000000000006
1976-01-01,Alaska,61.6,-12.9,36.629999999999995
1977-01-01,Alaska,64.2,-6.4,35.13999999999999
1978-01-01,Alaska,61.9,3.2,34.849999999999994
1979-01-01,Alaska,61.7,-17.0,37.26
1980-01-01,Alaska,60.7,-13.6,38.48
1981-01-01,Alaska,57.8,-1.8,40.29
1982-01-01,Alaska,60.7,-8.3,35.07
1983-01-01,Alaska,61.9,-7.7,31.95
1984-01-01,Alaska,59.8,-14.0,33.029999999999994
1985-01-01,Alaska,62.4,-7.9,39.7
1986-01-01,Alaska,61.8,-1.6,37.699999999999996
1987-01-01,Alaska,61.9,-2.6,39.37
1988-01-01,Alaska,63.3,-0.6,38.17
1989-01-01,Alaska,62.8,-18.8,37.519999999999996
1990-01-01,Alaska,64.5,-20.6,39.07
1991-01-01,Alaska,60.6,-3.4,38.7
1992-01-01,Alaska,63.3,-7.0,38.54
1993-01-01,Alaska,65.9,-4.0,39.25000000000001
1994-01-01,Alaska,62.9,-4.2,39.17
1995-01-01,Alaska,61.7,-3.0,31.289999999999996
1996-01-01,Alaska,61.8,-8.9,31.64
1997-01-01,Alaska,64.0,-7.2,35.81
1998-01-01,Alaska,62.9,-5.8,36.540000000000006
1999-01-01,Alaska,61.3,-11.6,40.29
2000-01-01,Alaska,60.8,-6.1,40.08
2001-01-01,Alaska,60.5,-6.3,37.5
2002-01-01,Alaska,62.0,1.5,40.519999999999996
2003-01-01,Alaska,61.9,-2.0,39.0
2004-01-01,Alaska,66.2,-7.5,38.739999999999995
2005-01-01,Alaska,63.1,-0.8,40.36000000000001
2006-01-01,Alaska,60.9,-10.9,38.709999999999994
2007-01-01,Alaska,63.9,-9.8,34.089999999999996
2008-01-01,Alaska,58.8,-6.8,37.09
2009-01-01,Alaska,65.6,-7.2,35.209999999999994
2010-01-01,Alaska,59.1,-8.4,33.85
2011-01-01,Alaska,59.6,-3.1,38.739999999999995
2012-01-01,Alaska,59.3,-20.2,37.28
2013-01-01,Alaska,64.4,-0.8,40.81
2014-01-01,Alaska,60.6,-1.1,36.75
2015-01-01,Alaska,62.3,0.8,40.1
2016-01-01,Alaska,63.3,0.1,37.07
2017-01-01,Alaska,64.4,-5.5,38.06
2018-01-01,Alaska,64.2,0.5,37.900000000000006
2019-01-01,Alaska,66.7,0.8,38.0
2020-01-01,Alaska,61.0,-12.6,37.940000000000005
2021-01-01,Alaska,61.2,-6.7,39.620000000000005
2022-01-01,Alaska,62.9,-99.9,-15.520000000000003
