year,state,days_with_aqi,good_days,moderate_days,unhealthy_for_sensitive_groups_days,unhealthy_days,very_unhealthy_days,hazardous_days,max_aqi,90th_percentile_aqi,median_aqi,days_co,days_no2,days_ozone,days_pm2.5,days_pm10,stateabbrv
1987-01-01,ALABAMA,230.57142857142858,130.71428571428572,66.42857142857143,24.428571428571427,7.857142857142857,1.1428571428571428,0.0,170.28571428571428,107.57142857142857,46.285714285714285,13.428571428571429,0.0,181.14285714285714,0.0,36.0,AL
1987-01-01,ALASKA,281.75,222.0,53.0,6.0,0.75,0.0,0.0,111.25,59.25,30.0,85.75,0.0,37.0,0.0,159.0,AK
1987-01-01,ARIZONA,162.1,88.7,60.5,11.9,1.0,0.0,0.0,127.1,76.4,42.6,40.8,6.1,79.2,0.0,36.0,AZ
1987-01-01,ARKANSAS,184.0,136.33333333333334,35.333333333333336,8.666666666666666,3.6666666666666665,0.0,0.0,101.33333333333333,64.0,31.666666666666668,0.0,16.666666666666668,101.66666666666667,0.0,65.66666666666667,AR
1987-01-01,CALIFORNIA,302.16326530612247,168.6122448979592,74.91836734693878,29.591836734693878,17.551020408163264,11.46938775510204,0.02040816326530612,186.14285714285714,110.9795918367347,53.10204081632653,30.571428571428573,63.46938775510204,190.73469387755102,0.0,17.387755102040817,CA
1987-01-01,COLORADO,222.0,134.38888888888889,74.88888888888889,10.5,1.7777777777777777,0.4444444444444444,0.0,119.88888888888889,70.33333333333333,38.333333333333336,46.388888888888886,25.055555555555557,107.66666666666667,0.0,42.888888888888886,CO
1987-01-01,CONNECTICUT,285.6666666666667,166.33333333333334,86.0,16.666666666666668,9.833333333333334,6.833333333333333,0.0,224.5,119.33333333333333,46.5,66.0,52.833333333333336,155.16666666666666,0.0,11.666666666666666,CT
1987-01-01,DELAWARE,290.0,158.66666666666666,76.33333333333333,29.333333333333332,20.666666666666668,5.0,0.0,211.0,141.0,48.333333333333336,4.666666666666667,70.33333333333333,213.66666666666666,0.0,1.3333333333333333,DE
1987-01-01,DISTRICT OF COLUMBIA,365.0,142.0,167.0,31.0,23.0,2.0,0.0,207.0,122.0,57.0,67.0,191.0,104.0,0.0,3.0,DC
1987-01-01,FLORIDA,338.6363636363636,248.8181818181818,66.45454545454545,18.454545454545453,4.2727272727272725,0.6363636363636364,0.0,175.72727272727272,82.0,39.81818181818182,49.45454545454545,23.09090909090909,263.8181818181818,0.0,2.272727272727273,FL
1987-01-01,GEORGIA,258.6666666666667,149.33333333333334,68.88888888888889,27.0,10.777777777777779,2.6666666666666665,0.0,193.44444444444446,119.0,46.44444444444444,6.666666666666667,36.77777777777778,202.66666666666666,0.0,12.555555555555555,GA
1987-01-01,HAWAII,186.5,186.0,0.5,0.0,0.0,0.0,0.0,42.5,32.5,24.5,65.5,0.0,98.0,0.0,23.0,HI
1987-01-01,IDAHO,86.55555555555556,62.44444444444444,23.22222222222222,0.7777777777777778,0.1111111111111111,0.0,0.0,99.11111111111111,66.44444444444444,32.666666666666664,34.888888888888886,0.0,0.0,0.0,51.666666666666664,ID
1987-01-01,ILLINOIS,335.4736842105263,244.52631578947367,69.05263157894737,17.894736842105264,3.1578947368421053,0.8421052631578947,0.0,179.3684210526316,81.89473684210526,36.94736842105263,34.31578947368421,23.736842105263158,253.68421052631578,0.0,23.736842105263158,IL
1987-01-01,INDIANA,229.04545454545453,154.13636363636363,45.45454545454545,23.318181818181817,5.7727272727272725,0.36363636363636365,0.0,150.77272727272728,92.04545454545455,39.22727272727273,25.40909090909091,51.81818181818182,124.86363636363636,0.0,26.954545454545453,IN
1987-01-01,IOWA,218.7,182.9,32.9,2.5,0.4,0.0,0.0,95.0,53.2,28.1,46.1,0.0,100.8,0.0,71.8,IA
1987-01-01,KANSAS,190.66666666666666,138.83333333333334,47.5,4.0,0.3333333333333333,0.0,0.0,112.0,58.5,33.166666666666664,27.666666666666668,10.0,117.0,0.0,36.0,KS
1987-01-01,KENTUCKY,278.42105263157896,169.52631578947367,71.21052631578948,27.842105263157894,8.894736842105264,0.9473684210526315,0.0,179.6315789473684,108.84210526315789,45.26315789473684,24.63157894736842,59.94736842105263,166.05263157894737,0.0,27.789473684210527,KY
1987-01-01,LOUISIANA,357.3333333333333,233.08333333333334,84.75,31.0,7.916666666666667,0.5833333333333334,0.0,186.08333333333334,105.25,42.333333333333336,4.166666666666667,45.666666666666664,303.5,0.0,4.0,LA
1987-01-01,MAINE,214.7,182.0,24.9,4.8,1.5,1.5,0.0,155.1,63.4,30.4,9.5,0.0,124.0,0.0,81.2,ME
1987-01-01,MARYLAND,340.5,216.0,78.3,24.5,15.4,6.3,0.0,198.3,117.7,42.5,48.3,57.1,232.9,0.0,2.2,MD
1987-01-01,MASSACHUSETTS,272.55555555555554,176.44444444444446,73.44444444444444,17.0,5.0,0.6666666666666666,0.0,190.44444444444446,93.77777777777777,42.333333333333336,15.88888888888889,84.55555555555556,167.88888888888889,0.0,4.222222222222222,MA
1987-01-01,MICHIGAN,244.125,191.6875,36.4375,10.8125,4.125,1.0625,0.0,164.6875,76.9375,30.8125,64.0625,5.4375,142.4375,0.0,32.1875,MI
1987-01-01,MINNESOTA,263.5,208.58333333333334,51.0,3.3333333333333335,0.5,0.08333333333333333,0.0,128.16666666666666,58.0,33.416666666666664,106.58333333333333,28.333333333333332,102.16666666666667,0.0,26.416666666666668,MN
1987-01-01,MISSISSIPPI,276.77777777777777,188.55555555555554,68.66666666666667,17.444444444444443,2.111111111111111,0.0,0.0,156.22222222222223,94.0,43.333333333333336,10.333333333333334,0.0,263.3333333333333,0.0,3.111111111111111,MS
1987-01-01,MISSOURI,239.2,178.26666666666668,46.13333333333333,10.933333333333334,3.066666666666667,0.8,0.0,132.66666666666666,70.46666666666667,33.266666666666666,33.06666666666667,51.0,128.06666666666666,0.0,27.066666666666666,MO
1987-01-01,MONTANA,134.28571428571428,101.64285714285714,30.5,2.0714285714285716,0.07142857142857142,0.0,0.0,86.21428571428571,54.142857142857146,31.285714285714285,36.642857142857146,26.071428571428573,0.0,0.0,71.57142857142857,MT
1987-01-01,NEBRASKA,232.2,187.0,43.0,2.2,0.0,0.0,0.0,93.4,60.4,32.6,72.0,0.0,63.8,0.0,96.4,NE
1987-01-01,NEVADA,316.2,205.2,95.2,15.0,0.8,0.0,0.0,112.2,71.6,38.6,123.2,34.6,112.6,0.0,45.8,NV
1987-01-01,NEW HAMPSHIRE,286.25,216.25,54.0,12.0,3.5,0.5,0.0,175.0,77.5,36.75,55.5,12.0,163.25,0.0,55.5,NH
1987-01-01,NEW JERSEY,334.125,212.625,78.5,22.0,13.125,7.875,0.0,203.25,113.25,41.875,90.6875,73.0,162.4375,0.0,8.0,NJ
1987-01-01,NEW MEXICO,291.375,222.125,59.0,9.0,0.875,0.375,0.0,116.625,58.5,33.0,79.625,36.375,104.0,0.0,71.375,NM
1987-01-01,NEW YORK,315.7826086956522,224.56521739130434,65.82608695652173,16.73913043478261,6.478260869565218,2.1739130434782608,0.0,182.08695652173913,84.17391304347827,38.21739130434783,44.43478260869565,37.869565217391305,224.47826086956522,0.0,9.0,NY
1987-01-01,NORTH CAROLINA,246.6153846153846,123.46153846153847,82.53846153846153,29.53846153846154,9.923076923076923,1.1538461538461537,0.0,175.84615384615384,114.07692307692308,53.69230769230769,57.84615384615385,10.076923076923077,168.92307692307693,0.0,9.76923076923077,NC
1987-01-01,NORTH DAKOTA,124.3076923076923,115.0,9.0,0.3076923076923077,0.0,0.0,0.0,69.23076923076923,37.61538461538461,19.846153846153847,0.0,16.615384615384617,73.3076923076923,0.0,34.38461538461539,ND
1987-01-01,OHIO,245.19230769230768,162.73076923076923,54.80769230769231,19.153846153846153,7.5,0.9615384615384616,0.038461538461538464,183.6153846153846,96.23076923076923,38.84615384615385,45.5,20.307692307692307,142.6153846153846,0.0,36.76923076923077,OH
1987-01-01,OKLAHOMA,341.4,247.6,68.0,22.2,3.0,0.6,0.0,144.4,80.2,36.4,25.8,118.0,196.0,0.0,1.6,OK
1987-01-01,OREGON,193.84615384615384,123.0,64.84615384615384,4.923076923076923,0.9230769230769231,0.15384615384615385,0.0,137.46153846153845,75.92307692307692,42.07692307692308,96.84615384615384,3.6153846153846154,52.07692307692308,0.0,41.30769230769231,OR
1987-01-01,PENNSYLVANIA,361.1363636363636,244.54545454545453,78.9090909090909,22.40909090909091,12.181818181818182,3.090909090909091,0.0,206.04545454545453,102.9090909090909,41.27272727272727,25.181818181818183,119.0909090909091,208.4090909090909,0.0,8.454545454545455,PA
1987-01-01,RHODE ISLAND,274.5,187.0,63.5,11.0,9.5,3.5,0.0,223.5,106.0,44.0,61.5,89.0,120.5,0.0,3.5,RI
1987-01-01,SOUTH CAROLINA,277.7142857142857,188.07142857142858,56.92857142857143,27.214285714285715,5.142857142857143,0.35714285714285715,0.0,165.42857142857142,96.64285714285714,38.785714285714285,15.142857142857142,8.857142857142858,245.0,0.0,8.714285714285714,SC
1987-01-01,SOUTH DAKOTA,89.75,86.0,3.75,0.0,0.0,0.0,0.0,57.0,38.25,23.75,0.0,0.0,7.5,0.0,82.25,SD
1987-01-01,TENNESSEE,239.46153846153845,150.76923076923077,65.3076923076923,18.0,5.0,0.38461538461538464,0.0,144.53846153846155,85.23076923076923,41.69230769230769,30.923076923076923,72.92307692307692,111.53846153846153,0.0,24.076923076923077,TN
1987-01-01,TEXAS,259.44444444444446,166.94444444444446,63.888888888888886,18.555555555555557,7.666666666666667,2.388888888888889,0.0,174.0,91.05555555555556,40.5,15.61111111111111,24.555555555555557,183.66666666666666,0.0,35.611111111111114,TX
1987-01-01,UTAH,253.66666666666666,116.33333333333333,120.16666666666667,14.833333333333334,2.1666666666666665,0.0,0.16666666666666666,167.16666666666666,77.16666666666667,45.333333333333336,75.16666666666667,50.166666666666664,114.16666666666667,0.0,14.166666666666666,UT
1987-01-01,VERMONT,153.4,132.2,18.0,2.8,0.4,0.0,0.0,95.4,54.4,29.8,6.2,36.8,67.8,0.0,42.6,VT
1987-01-01,VIRGINIA,279.7826086956522,176.04347826086956,71.21739130434783,22.695652173913043,8.956521739130435,0.8695652173913043,0.0,159.6086956521739,97.73913043478261,41.17391304347826,33.130434782608695,77.91304347826087,162.7391304347826,0.0,6.0,VA
1987-01-01,WASHINGTON,220.73333333333332,130.93333333333334,81.0,5.866666666666666,2.1333333333333333,0.8,0.0,127.93333333333334,71.33333333333333,39.333333333333336,141.66666666666666,0.2,25.266666666666666,0.0,53.6,WA
1987-01-01,WEST VIRGINIA,308.57142857142856,222.28571428571428,60.285714285714285,18.571428571428573,6.571428571428571,0.8571428571428571,0.0,181.0,90.71428571428571,38.142857142857146,8.285714285714286,106.42857142857143,169.85714285714286,0.0,24.0,WV
1987-01-01,WISCONSIN,237.66666666666666,177.66666666666666,40.291666666666664,12.833333333333334,4.541666666666667,2.3333333333333335,0.0,194.29166666666666,94.16666666666667,37.583333333333336,19.75,26.041666666666668,179.45833333333334,0.0,12.416666666666666,WI
1987-01-01,WYOMING,77.0,63.333333333333336,13.555555555555555,0.1111111111111111,0.0,0.0,0.0,67.11111111111111,48.77777777777778,31.666666666666668,0.0,0.0,20.22222222222222,0.0,56.77777777777778,WY
1988-01-01,ALABAMA,266.6666666666667,160.66666666666666,65.16666666666667,26.666666666666668,12.0,2.1666666666666665,0.0,174.33333333333334,111.0,43.333333333333336,34.666666666666664,0.0,195.66666666666666,0.0,36.333333333333336,AL
1988-01-01,ALASKA,233.66666666666666,191.33333333333334,37.5,4.0,0.8333333333333334,0.0,0.0,89.16666666666667,45.5,23.166666666666668,55.5,0.0,55.666666666666664,0.5,122.0,AK
1988-01-01,ARIZONA,192.5,121.8,58.6,10.8,1.3,0.0,0.0,118.0,69.7,39.3,29.7,5.8,92.6,26.2,38.2,AZ
1988-01-01,ARKANSAS,157.66666666666666,118.33333333333333,26.333333333333332,10.666666666666666,2.3333333333333335,0.0,0.0,99.33333333333333,61.333333333333336,30.666666666666668,0.0,18.333333333333332,100.0,0.0,39.333333333333336,AR
1988-01-01,CALIFORNIA,292.80392156862746,164.09803921568627,71.2156862745098,29.529411764705884,15.980392156862745,11.980392156862745,0.0,168.76470588235293,108.29411764705883,53.372549019607845,18.901960784313726,55.15686274509804,198.88235294117646,0.9607843137254902,18.901960784313726,CA
1988-01-01,COLORADO,224.43478260869566,156.0,57.65217391304348,9.08695652173913,1.608695652173913,0.08695652173913043,0.0,109.6086956521739,62.391304347826086,34.08695652173913,25.956521739130434,30.391304347826086,88.95652173913044,7.043478260869565,72.08695652173913,CO
1988-01-01,CONNECTICUT,225.75,139.0,54.125,12.25,10.875,9.5,0.0,201.125,116.625,38.5,41.25,45.375,121.0,0.0,18.125,CT
1988-01-01,DELAWARE,244.66666666666666,139.66666666666666,52.666666666666664,22.0,15.0,15.333333333333334,0.0,242.66666666666666,164.66666666666666,46.333333333333336,7.333333333333333,71.0,164.0,0.0,2.3333333333333335,DE
1988-01-01,DISTRICT OF COLUMBIA,339.0,217.0,78.0,22.0,14.0,8.0,0.0,249.0,112.0,44.0,0.0,217.0,107.0,15.0,0.0,DC
1988-01-01,FLORIDA,316.6923076923077,239.0,60.0,15.23076923076923,2.3846153846153846,0.07692307692307693,0.0,146.30769230769232,76.15384615384616,38.53846153846154,37.0,28.46153846153846,249.15384615384616,0.0,2.076923076923077,FL
1988-01-01,GEORGIA,260.77777777777777,151.66666666666666,64.0,29.22222222222222,11.11111111111111,4.777777777777778,0.0,200.66666666666666,121.33333333333333,46.111111111111114,3.7777777777777777,41.333333333333336,207.44444444444446,0.0,8.222222222222221,GA
1988-01-01,HAWAII,181.0,179.5,1.5,0.0,0.0,0.0,0.0,45.0,31.25,19.5,80.75,0.0,61.0,9.25,30.0,HI
1988-01-01,IDAHO,98.9,72.9,24.8,1.1,0.1,0.0,0.0,100.5,61.2,30.6,32.9,0.0,0.0,0.0,66.0,ID
1988-01-01,ILLINOIS,304.1363636363636,203.0,62.90909090909091,26.181818181818183,9.863636363636363,2.1818181818181817,0.0,190.22727272727272,106.36363636363636,39.81818181818182,25.318181818181817,32.68181818181818,224.13636363636363,0.0,22.0,IL
1988-01-01,INDIANA,219.6086956521739,141.65217391304347,44.391304347826086,17.17391304347826,13.478260869565217,2.9130434782608696,0.0,163.6086956521739,110.6086956521739,37.869565217391305,29.130434782608695,32.78260869565217,122.08695652173913,0.0,35.608695652173914,IN
1988-01-01,IOWA,218.9,177.5,29.7,9.3,2.3,0.1,0.0,110.0,64.6,28.6,42.7,0.0,109.7,0.0,66.5,IA
1988-01-01,KANSAS,148.71428571428572,112.0,30.0,5.571428571428571,1.1428571428571428,0.0,0.0,99.42857142857143,50.57142857142857,27.571428571428573,29.0,0.0,84.28571428571429,0.0,35.42857142857143,KS
1988-01-01,KENTUCKY,219.9090909090909,138.04545454545453,45.5,19.545454545454547,12.454545454545455,4.363636363636363,0.0,178.0,113.72727272727273,40.95454545454545,20.954545454545453,51.18181818181818,134.9090909090909,0.0,12.863636363636363,KY
1988-01-01,LOUISIANA,300.0,213.8,55.06666666666667,23.733333333333334,6.733333333333333,0.6666666666666666,0.0,165.53333333333333,91.93333333333334,38.13333333333333,3.933333333333333,34.93333333333333,259.26666666666665,0.0,1.8666666666666667,LA
1988-01-01,MAINE,206.58333333333334,171.5,19.416666666666668,6.75,5.333333333333333,3.5833333333333335,0.0,149.16666666666666,82.91666666666667,29.416666666666668,12.333333333333334,0.0,100.08333333333333,1.5,92.66666666666667,ME
1988-01-01,MARYLAND,334.6,214.0,63.6,23.3,18.7,15.0,0.0,228.2,148.2,41.1,55.5,48.1,229.8,0.0,1.2,MD
1988-01-01,MASSACHUSETTS,301.3,200.4,62.7,19.1,10.3,8.8,0.0,223.0,125.2,42.7,32.1,110.0,156.7,0.0,2.5,MA
1988-01-01,MICHIGAN,222.1578947368421,167.94736842105263,32.10526315789474,9.894736842105264,9.263157894736842,2.9473684210526314,0.0,159.0,95.10526315789474,31.31578947368421,37.26315789473684,14.894736842105264,125.63157894736842,2.0,42.36842105263158,MI
1988-01-01,MINNESOTA,247.07692307692307,190.46153846153845,48.0,6.769230769230769,1.6923076923076923,0.15384615384615385,0.0,129.69230769230768,62.53846153846154,32.76923076923077,99.92307692307692,24.384615384615383,94.61538461538461,0.9230769230769231,27.23076923076923,MN
1988-01-01,MISSISSIPPI,272.0,184.1,59.4,23.6,4.8,0.1,0.0,176.9,102.8,42.8,12.6,0.0,258.1,0.0,1.3,MS
1988-01-01,MISSOURI,258.06666666666666,180.53333333333333,49.86666666666667,18.666666666666668,7.266666666666667,1.7333333333333334,0.0,155.46666666666667,86.6,34.86666666666667,27.4,49.2,154.66666666666666,0.0,26.8,MO
1988-01-01,MONTANA,207.625,162.5625,41.875,2.625,0.4375,0.0625,0.0625,127.8125,58.25,27.1875,42.0,24.9375,15.125,0.875,124.6875,MT
1988-01-01,NEBRASKA,154.0,110.14285714285714,37.714285714285715,5.428571428571429,0.7142857142857143,0.0,0.0,97.57142857142857,65.28571428571429,34.285714285714285,37.142857142857146,0.0,56.714285714285715,0.0,60.142857142857146,NE
1988-01-01,NEVADA,273.3333333333333,159.16666666666666,86.66666666666667,25.333333333333332,1.6666666666666667,0.5,0.0,144.5,78.33333333333333,40.666666666666664,68.66666666666667,25.0,133.83333333333334,13.0,32.833333333333336,NV
1988-01-01,NEW HAMPSHIRE,290.25,205.25,58.0,14.25,9.0,3.75,0.0,190.25,106.75,39.25,22.5,41.75,132.0,0.0,94.0,NH
1988-01-01,NEW JERSEY,341.6875,226.125,69.4375,20.1875,13.625,12.3125,0.0,214.25,121.25,40.0,93.5625,72.625,168.0,0.0,7.5,NJ
1988-01-01,NEW MEXICO,257.5,203.0,50.1,4.0,0.4,0.0,0.0,89.5,51.5,31.7,77.2,44.7,84.9,8.3,42.4,NM
1988-01-01,NEW YORK,302.5217391304348,219.65217391304347,52.04347826086956,13.73913043478261,11.043478260869565,6.043478260869565,0.0,198.52173913043478,96.43478260869566,35.52173913043478,41.82608695652174,31.17391304347826,220.52173913043478,0.0,9.0,NY
1988-01-01,NORTH CAROLINA,217.8235294117647,109.47058823529412,68.17647058823529,24.470588235294116,11.0,4.705882352941177,0.0,192.11764705882354,123.17647058823529,53.8235294117647,47.0,7.294117647058823,154.0,0.0,9.529411764705882,NC
1988-01-01,NORTH DAKOTA,177.55555555555554,154.77777777777777,20.88888888888889,1.7777777777777777,0.1111111111111111,0.0,0.0,78.77777777777777,42.22222222222222,23.22222222222222,0.0,32.888888888888886,111.77777777777777,0.0,32.888888888888886,ND
1988-01-01,OHIO,227.3548387096774,152.51612903225808,40.12903225806452,15.612903225806452,13.419354838709678,5.67741935483871,0.0,184.2258064516129,118.2258064516129,37.54838709677419,32.61290322580645,24.322580645161292,130.58064516129033,0.0,39.83870967741935,OH
1988-01-01,OKLAHOMA,241.85714285714286,163.42857142857142,57.142857142857146,17.142857142857142,3.857142857142857,0.2857142857142857,0.0,142.42857142857142,77.57142857142857,35.857142857142854,6.0,91.57142857142857,131.57142857142858,0.0,12.714285714285714,OK
1988-01-01,OREGON,266.6666666666667,176.25,83.25,5.333333333333333,1.25,0.25,0.3333333333333333,174.75,69.08333333333333,37.833333333333336,131.66666666666666,1.9166666666666667,47.083333333333336,2.5,83.5,OR
1988-01-01,PENNSYLVANIA,361.3181818181818,249.3181818181818,61.31818181818182,20.545454545454547,19.772727272727273,10.272727272727273,0.09090909090909091,250.04545454545453,134.36363636363637,40.0,18.90909090909091,123.13636363636364,208.72727272727272,0.0,10.545454545454545,PA
1988-01-01,RHODE ISLAND,271.0,189.0,52.0,16.0,10.0,4.0,0.0,249.0,116.0,44.0,45.0,78.0,144.5,0.0,3.5,RI
1988-01-01,SOUTH CAROLINA,297.4,202.2,58.8,26.066666666666666,9.066666666666666,1.2666666666666666,0.0,187.53333333333333,105.66666666666667,40.666666666666664,7.2,3.2,279.53333333333336,0.0,7.466666666666667,SC
1988-01-01,SOUTH DAKOTA,175.0,160.33333333333334,14.666666666666666,0.0,0.0,0.0,0.0,75.33333333333333,46.666666666666664,26.666666666666668,0.0,0.0,110.66666666666667,1.6666666666666667,62.666666666666664,SD
1988-01-01,TENNESSEE,201.8421052631579,125.3157894736842,45.21052631578947,19.36842105263158,9.789473684210526,2.1578947368421053,0.0,162.26315789473685,106.78947368421052,46.78947368421053,21.526315789473685,48.78947368421053,115.52631578947368,2.9473684210526314,13.052631578947368,TN
1988-01-01,TEXAS,254.69565217391303,168.7826086956522,56.21739130434783,18.91304347826087,8.565217391304348,2.217391304347826,0.0,170.17391304347825,92.3913043478261,39.91304347826087,11.217391304347826,19.652173913043477,193.17391304347825,4.304347826086956,26.347826086956523,TX
1988-01-01,UTAH,211.0,119.0,77.88888888888889,12.222222222222221,1.8888888888888888,0.0,0.0,103.22222222222223,65.88888888888889,36.22222222222222,34.44444444444444,40.333333333333336,93.88888888888889,18.88888888888889,23.444444444444443,UT
1988-01-01,VERMONT,187.6,161.8,16.0,7.2,2.2,0.4,0.0,115.0,60.6,28.8,5.0,89.8,69.6,0.0,23.2,VT
1988-01-01,VIRGINIA,243.39285714285714,165.07142857142858,49.67857142857143,14.964285714285714,9.678571428571429,4.0,0.0,164.53571428571428,98.78571428571429,38.92857142857143,28.607142857142858,58.42857142857143,139.57142857142858,0.7142857142857143,16.071428571428573,VA
1988-01-01,WASHINGTON,230.5,152.5625,71.4375,5.4375,0.9375,0.0625,0.0625,153.0625,62.6875,34.5625,153.4375,0.0,17.9375,0.25,58.875,WA
1988-01-01,WEST VIRGINIA,307.57142857142856,215.57142857142858,52.57142857142857,18.142857142857142,15.714285714285714,5.571428571428571,0.0,201.42857142857142,112.0,37.857142857142854,5.142857142857143,88.42857142857143,183.85714285714286,0.0,30.142857142857142,WV
1988-01-01,WISCONSIN,254.91304347826087,177.56521739130434,38.69565217391305,21.91304347826087,11.391304347826088,5.3478260869565215,0.0,205.2173913043478,123.91304347826087,39.47826086956522,27.130434782608695,21.782608695652176,182.7826086956522,0.0,23.217391304347824,WI
1988-01-01,WYOMING,155.33333333333334,127.33333333333333,27.166666666666668,0.8333333333333334,0.0,0.0,0.0,87.83333333333333,48.833333333333336,27.333333333333332,0.0,0.0,45.0,13.0,97.33333333333333,WY
1989-01-01,ALABAMA,154.83333333333334,121.0,29.416666666666668,4.083333333333333,0.3333333333333333,0.0,0.0,91.16666666666667,56.0,30.833333333333332,11.833333333333334,0.0,101.08333333333333,0.0,41.916666666666664,AL
1989-01-01,ALASKA,287.0,243.33333333333334,40.833333333333336,2.5,0.3333333333333333,0.0,0.0,106.5,50.166666666666664,23.833333333333332,55.833333333333336,45.0,41.333333333333336,5.0,139.83333333333334,AK
1989-01-01,ARIZONA,206.9,116.5,77.2,12.3,0.9,0.0,0.0,128.1,73.1,44.0,24.2,8.1,116.9,23.9,33.8,AZ
1989-01-01,ARKANSAS,50.26315789473684,43.89473684210526,5.578947368421052,0.7368421052631579,0.05263157894736842,0.0,0.0,64.10526315789474,43.68421052631579,23.157894736842106,0.0,2.473684210526316,16.36842105263158,0.0,31.42105263157895,AR
1989-01-01,CALIFORNIA,307.62,177.64,76.1,29.9,13.8,10.08,0.1,213.06,101.56,52.62,26.8,56.3,201.34,1.7,21.48,CA
1989-01-01,COLORADO,235.33333333333334,175.5,52.5,6.916666666666667,0.4166666666666667,0.0,0.0,98.91666666666667,60.125,33.416666666666664,25.333333333333332,21.375,93.58333333333333,8.0,87.04166666666667,CO
1989-01-01,CONNECTICUT,232.0,148.5,61.75,12.125,6.25,3.375,0.0,181.25,85.25,38.625,38.375,41.75,115.5,0.0,36.375,CT
1989-01-01,DELAWARE,241.66666666666666,146.66666666666666,63.333333333333336,19.666666666666668,11.0,1.0,0.0,199.33333333333334,112.66666666666667,47.0,11.0,68.33333333333333,159.0,0.0,3.3333333333333335,DE
1989-01-01,DISTRICT OF COLUMBIA,355.0,191.0,133.0,25.0,5.0,1.0,0.0,222.0,93.0,48.0,27.0,165.0,92.0,64.0,7.0,DC
1989-01-01,FLORIDA,323.5,249.92857142857142,60.42857142857143,11.0,2.142857142857143,0.0,0.0,160.64285714285714,72.5,38.357142857142854,43.5,26.0,249.85714285714286,1.2142857142857142,2.9285714285714284,FL
1989-01-01,GEORGIA,249.8,169.5,63.4,14.3,2.5,0.1,0.0,160.8,87.2,42.1,7.7,36.7,197.5,0.0,7.9,GA
1989-01-01,HAWAII,194.25,193.5,0.75,0.0,0.0,0.0,0.0,44.25,31.75,20.0,78.75,0.0,76.75,6.5,32.25,HI
1989-01-01,IDAHO,134.7,106.5,27.5,0.4,0.1,0.0,0.2,144.9,56.5,30.4,28.8,0.0,2.1,0.0,103.8,ID
1989-01-01,ILLINOIS,297.5833333333333,216.91666666666666,64.875,13.375,2.25,0.16666666666666666,0.0,157.75,77.79166666666667,37.666666666666664,19.458333333333332,29.375,210.375,0.0,38.375,IL
1989-01-01,INDIANA,207.42307692307693,145.0,45.07692307692308,13.923076923076923,3.230769230769231,0.19230769230769232,0.0,145.15384615384616,82.73076923076923,36.38461538461539,20.96153846153846,24.923076923076923,119.53846153846153,0.0,42.0,IN
1989-01-01,IOWA,224.125,186.375,32.625,4.375,0.75,0.0,0.0,112.875,56.25,29.75,18.875,0.0,128.125,0.0,77.125,IA
1989-01-01,KANSAS,159.375,127.25,29.625,2.125,0.25,0.125,0.0,103.375,53.5,31.0,22.875,1.125,89.25,0.0,46.125,KS
1989-01-01,KENTUCKY,239.0,174.9,48.9,11.85,3.15,0.2,0.0,144.25,78.0,38.4,24.5,59.25,134.65,0.0,20.6,KY
1989-01-01,LOUISIANA,312.7368421052632,250.26315789473685,48.26315789473684,11.631578947368421,2.210526315789474,0.3684210526315789,0.0,163.21052631578948,70.63157894736842,33.05263157894737,1.894736842105263,30.105263157894736,273.8421052631579,0.0,6.894736842105263,LA
1989-01-01,MAINE,225.72727272727272,195.0909090909091,23.90909090909091,4.0,2.0,0.7272727272727273,0.0,140.8181818181818,57.18181818181818,29.181818181818183,4.0,0.0,111.36363636363636,3.909090909090909,106.45454545454545,ME
1989-01-01,MARYLAND,292.90909090909093,204.72727272727272,62.09090909090909,19.545454545454547,6.0,0.5454545454545454,0.0,179.1818181818182,93.0909090909091,38.27272727272727,42.18181818181818,52.18181818181818,192.0,0.0,6.545454545454546,MD
1989-01-01,MASSACHUSETTS,290.72727272727275,204.72727272727272,68.81818181818181,12.0,4.0,1.1818181818181819,0.0,190.0909090909091,86.0,41.81818181818182,26.181818181818183,101.72727272727273,159.0,0.0,3.8181818181818183,MA
1989-01-01,MICHIGAN,204.4090909090909,158.13636363636363,32.68181818181818,9.727272727272727,3.3181818181818183,0.5454545454545454,0.0,145.27272727272728,75.68181818181819,32.36363636363637,25.59090909090909,21.954545454545453,116.86363636363636,2.590909090909091,37.40909090909091,MI
1989-01-01,MINNESOTA,264.93333333333334,217.33333333333334,44.0,3.3333333333333335,0.26666666666666666,0.0,0.0,102.33333333333333,54.2,31.2,104.33333333333333,37.6,98.13333333333334,1.0,23.866666666666667,MN
1989-01-01,MISSISSIPPI,259.5,206.3,45.7,6.6,0.8,0.1,0.0,151.0,70.5,38.0,14.0,0.0,244.5,0.0,1.0,MS
1989-01-01,MISSOURI,275.46153846153845,209.92307692307693,52.84615384615385,10.0,2.4615384615384617,0.23076923076923078,0.0,131.69230769230768,66.92307692307692,34.61538461538461,12.692307692307692,62.84615384615385,165.15384615384616,0.0,34.76923076923077,MO
1989-01-01,MONTANA,203.73684210526315,174.47368421052633,27.526315789473685,1.4736842105263157,0.05263157894736842,0.0,0.21052631578947367,156.10526315789474,45.526315789473685,21.0,36.26315789473684,15.473684210526315,19.157894736842106,1.2105263157894737,131.6315789473684,MT
1989-01-01,NEBRASKA,159.71428571428572,126.57142857142857,31.714285714285715,1.4285714285714286,0.0,0.0,0.0,85.28571428571429,57.142857142857146,33.142857142857146,34.285714285714285,0.0,56.42857142857143,0.0,69.0,NE
1989-01-01,NEVADA,243.83333333333334,153.5,74.5,15.0,0.6666666666666666,0.16666666666666666,0.0,116.83333333333333,65.0,38.666666666666664,64.16666666666667,15.333333333333334,132.0,13.0,19.333333333333332,NV
1989-01-01,NEW HAMPSHIRE,295.0,221.75,62.75,7.5,2.25,0.75,0.0,186.0,75.0,39.25,12.0,41.75,141.25,0.0,100.0,NH
1989-01-01,NEW JERSEY,340.25,232.125,74.25,20.75,10.6875,2.4375,0.0,192.5,98.3125,38.125,81.0,73.5,176.5,0.0,9.25,NJ
1989-01-01,NEW MEXICO,190.4,146.4,40.666666666666664,3.066666666666667,0.26666666666666666,0.0,0.0,78.4,49.666666666666664,33.4,41.4,38.13333333333333,72.2,4.6,34.06666666666667,NM
1989-01-01,NEW YORK,275.28,211.36,49.36,10.72,3.16,0.68,0.0,149.36,66.72,34.24,38.44,23.4,200.72,0.0,12.72,NY
1989-01-01,NORTH CAROLINA,243.6875,156.9375,67.9375,16.5625,2.1875,0.0625,0.0,144.3125,86.1875,41.625,62.8125,4.3125,160.3125,0.0,16.25,NC
1989-01-01,NORTH DAKOTA,140.9090909090909,128.27272727272728,11.545454545454545,0.9090909090909091,0.18181818181818182,0.0,0.0,66.54545454545455,34.09090909090909,18.09090909090909,0.0,51.90909090909091,63.81818181818182,0.0,25.181818181818183,ND
1989-01-01,OHIO,237.9090909090909,170.1818181818182,48.878787878787875,13.848484848484848,4.666666666666667,0.3333333333333333,0.0,148.72727272727272,82.60606060606061,36.81818181818182,30.181818181818183,23.818181818181817,121.15151515151516,0.0,62.75757575757576,OH
1989-01-01,OKLAHOMA,239.6,190.0,42.4,6.3,0.9,0.0,0.0,92.6,56.6,32.1,6.5,97.0,108.6,0.0,27.5,OK
1989-01-01,OREGON,229.91666666666666,154.5,68.75,5.833333333333333,0.5833333333333334,0.25,0.0,120.16666666666667,67.41666666666667,38.0,94.83333333333333,1.3333333333333333,48.166666666666664,2.5833333333333335,83.0,OR
1989-01-01,PENNSYLVANIA,350.5217391304348,261.95652173913044,65.91304347826087,16.304347826086957,5.826086956521739,0.5217391304347826,0.0,174.2173913043478,81.21739130434783,37.869565217391305,14.826086956521738,122.95652173913044,195.65217391304347,0.0,17.08695652173913,PA
1989-01-01,RHODE ISLAND,263.5,190.5,57.0,11.5,4.0,0.5,0.0,189.0,86.0,44.5,46.5,91.0,117.5,0.0,8.5,RI
1989-01-01,SOUTH CAROLINA,257.75,203.0,44.125,9.8125,0.8125,0.0,0.0,138.125,72.9375,35.0625,12.6875,5.1875,228.875,0.0,11.0,SC
1989-01-01,SOUTH DAKOTA,148.75,139.0,9.75,0.0,0.0,0.0,0.0,77.0,45.25,23.25,0.0,0.0,82.0,2.0,64.75,SD
1989-01-01,TENNESSEE,242.88888888888889,175.11111111111111,54.333333333333336,12.055555555555555,1.2777777777777777,0.1111111111111111,0.0,130.33333333333334,75.5,38.0,33.5,50.833333333333336,130.55555555555554,2.2222222222222223,25.77777777777778,TN
1989-01-01,TEXAS,248.0909090909091,176.72727272727272,51.81818181818182,13.0,5.0,1.5,0.045454545454545456,174.1818181818182,78.5909090909091,35.90909090909091,16.136363636363637,24.136363636363637,177.27272727272728,5.863636363636363,24.681818181818183,TX
1989-01-01,UTAH,246.375,138.25,90.125,14.75,2.625,0.625,0.0,131.75,68.75,38.375,33.875,61.375,92.25,26.125,32.75,UT
1989-01-01,VERMONT,195.8,167.4,26.0,2.2,0.2,0.0,0.0,98.6,52.0,29.2,6.2,88.8,74.4,0.0,26.4,VT
1989-01-01,VIRGINIA,186.13513513513513,138.24324324324326,39.32432432432432,7.027027027027027,1.4594594594594594,0.08108108108108109,0.0,108.89189189189189,64.51351351351352,34.108108108108105,12.432432432432432,48.189189189189186,102.72972972972973,1.135135135135135,21.64864864864865,VA
1989-01-01,WASHINGTON,251.06666666666666,182.66666666666666,65.4,2.7333333333333334,0.2,0.0,0.06666666666666667,119.6,58.266666666666666,31.933333333333334,148.06666666666666,0.0,35.2,0.9333333333333333,66.86666666666666,WA
1989-01-01,WEST VIRGINIA,307.7142857142857,244.71428571428572,50.42857142857143,9.571428571428571,2.7142857142857144,0.2857142857142857,0.0,166.14285714285714,68.71428571428571,36.142857142857146,10.857142857142858,86.28571428571429,178.85714285714286,0.0,31.714285714285715,WV
1989-01-01,WISCONSIN,240.16,174.68,45.08,15.2,4.04,1.16,0.0,184.6,89.64,39.32,19.92,15.88,182.12,0.0,22.24,WI
1989-01-01,WYOMING,138.57142857142858,123.71428571428571,14.714285714285714,0.14285714285714285,0.0,0.0,0.0,78.0,43.857142857142854,24.428571428571427,0.0,0.0,32.42857142857143,17.142857142857142,89.0,WY
1990-01-01,ALABAMA,146.3181818181818,106.18181818181819,29.363636363636363,8.409090909090908,2.1818181818181817,0.18181818181818182,0.0,100.77272727272727,65.04545454545455,30.863636363636363,6.318181818181818,0.0,92.9090909090909,0.0,47.09090909090909,AL
1990-01-01,ALASKA,281.0,237.85714285714286,38.285714285714285,4.142857142857143,0.5714285714285714,0.14285714285714285,0.0,124.42857142857143,45.42857142857143,22.571428571428573,45.857142857142854,27.0,42.714285714285715,2.7142857142857144,162.71428571428572,AK
1990-01-01,ARIZONA,208.0,128.72727272727272,68.36363636363636,9.363636363636363,1.5454545454545454,0.0,0.0,121.36363636363636,69.18181818181819,37.81818181818182,17.0,10.454545454545455,133.45454545454547,16.0,31.09090909090909,AZ
1990-01-01,ARKANSAS,88.63157894736842,78.36842105263158,7.7894736842105265,2.4210526315789473,0.0,0.05263157894736842,0.0,64.94736842105263,44.21052631578947,22.63157894736842,0.0,2.3157894736842106,35.578947368421055,0.0,50.73684210526316,AR
1990-01-01,CALIFORNIA,305.62745098039215,184.35294117647058,73.70588235294117,27.686274509803923,12.294117647058824,7.450980392156863,0.13725490196078433,185.58823529411765,99.49019607843137,49.09803921568628,20.901960784313726,59.15686274509804,201.94117647058823,1.6274509803921569,22.0,CA
1990-01-01,COLORADO,236.8148148148148,197.7037037037037,36.629629629629626,2.2962962962962963,0.18518518518518517,0.0,0.0,89.92592592592592,51.55555555555556,29.296296296296298,26.185185185185187,11.666666666666666,112.18518518518519,7.407407407407407,79.37037037037037,CO
1990-01-01,CONNECTICUT,234.75,163.625,49.875,12.875,5.25,3.125,0.0,179.0,81.875,35.5,26.5,46.125,127.125,0.0,35.0,CT
1990-01-01,DELAWARE,249.66666666666666,149.66666666666666,67.33333333333333,23.333333333333332,8.0,1.3333333333333333,0.0,205.0,107.0,45.0,8.0,67.0,166.0,0.0,8.666666666666666,DE
1990-01-01,DISTRICT OF COLUMBIA,365.0,161.0,169.0,31.0,4.0,0.0,0.0,197.0,97.0,53.0,26.0,217.0,64.0,47.0,11.0,DC
1990-01-01,FLORIDA,351.0,274.5,62.785714285714285,11.785714285714286,1.9285714285714286,0.0,0.0,157.85714285714286,71.28571428571429,40.357142857142854,33.714285714285715,24.428571428571427,287.35714285714283,1.2142857142857142,4.285714285714286,FL
1990-01-01,GEORGIA,234.0,137.5,62.583333333333336,22.5,9.666666666666666,1.75,0.0,165.41666666666666,102.41666666666667,42.583333333333336,5.5,26.166666666666668,191.83333333333334,0.0,10.5,GA
1990-01-01,HAWAII,174.5,173.5,1.0,0.0,0.0,0.0,0.0,48.25,28.25,17.75,45.0,0.0,91.25,8.0,30.25,HI
1990-01-01,IDAHO,97.41666666666667,78.25,18.75,0.3333333333333333,0.08333333333333333,0.0,0.0,89.83333333333333,53.75,29.333333333333332,11.5,0.0,5.416666666666667,0.0,80.5,ID
1990-01-01,ILLINOIS,289.72,237.12,43.44,7.84,1.2,0.12,0.0,136.48,65.84,34.4,22.2,20.88,215.64,0.0,31.0,IL
1990-01-01,INDIANA,213.6,156.5,38.7,14.633333333333333,3.566666666666667,0.2,0.0,146.33333333333334,82.8,35.8,17.2,26.2,136.1,0.0,34.1,IN
1990-01-01,IOWA,229.875,204.5,23.75,1.25,0.375,0.0,0.0,115.125,48.875,27.0,25.75,0.0,125.5,0.0,78.625,IA
1990-01-01,KANSAS,149.55555555555554,131.11111111111111,16.22222222222222,1.7777777777777777,0.4444444444444444,0.0,0.0,86.44444444444444,46.888888888888886,25.0,43.22222222222222,0.0,60.55555555555556,0.0,45.77777777777778,KS
1990-01-01,KENTUCKY,233.1904761904762,171.76190476190476,42.904761904761905,14.619047619047619,3.619047619047619,0.2857142857142857,0.0,153.47619047619048,83.71428571428571,36.666666666666664,24.333333333333332,53.42857142857143,137.28571428571428,0.0,18.142857142857142,KY
1990-01-01,LOUISIANA,327.2631578947368,250.73684210526315,55.05263157894737,16.789473684210527,3.6842105263157894,1.0,0.0,168.47368421052633,81.47368421052632,35.94736842105263,2.263157894736842,26.894736842105264,290.2105263157895,0.0,7.894736842105263,LA
1990-01-01,MAINE,220.53846153846155,192.07692307692307,21.307692307692307,4.538461538461538,2.1538461538461537,0.46153846153846156,0.0,134.46153846153845,54.30769230769231,27.846153846153847,1.6153846153846154,10.692307692307692,125.15384615384616,2.1538461538461537,80.92307692307692,ME
1990-01-01,MARYLAND,269.0769230769231,186.30769230769232,52.84615384615385,21.76923076923077,7.153846153846154,1.0,0.0,168.15384615384616,90.07692307692308,36.0,30.692307692307693,35.30769230769231,189.6153846153846,0.0,13.461538461538462,MD
1990-01-01,MASSACHUSETTS,291.27272727272725,220.0,54.81818181818182,11.363636363636363,4.2727272727272725,0.8181818181818182,0.0,183.36363636363637,80.81818181818181,39.18181818181818,23.272727272727273,103.72727272727273,159.36363636363637,0.0,4.909090909090909,MA
1990-01-01,MICHIGAN,209.65384615384616,172.07692307692307,26.807692307692307,8.115384615384615,2.3461538461538463,0.3076923076923077,0.0,134.15384615384616,67.73076923076923,30.115384615384617,27.807692307692307,18.692307692307693,131.42307692307693,1.6538461538461537,30.076923076923077,MI
1990-01-01,MINNESOTA,301.61538461538464,272.38461538461536,28.23076923076923,0.8461538461538461,0.15384615384615385,0.0,0.0,92.76923076923077,41.46153846153846,26.76923076923077,103.61538461538461,65.53846153846153,97.3076923076923,2.923076923076923,32.23076923076923,MN
1990-01-01,MISSISSIPPI,287.09090909090907,198.9090909090909,66.81818181818181,19.09090909090909,2.272727272727273,0.0,0.0,157.63636363636363,94.0,43.0,8.818181818181818,0.0,277.3636363636364,0.0,0.9090909090909091,MS
1990-01-01,MISSOURI,282.0769230769231,233.84615384615384,38.92307692307692,6.846153846153846,2.3076923076923075,0.15384615384615385,0.0,131.92307692307693,57.61538461538461,31.76923076923077,20.846153846153847,62.0,157.0,0.0,42.23076923076923,MO
1990-01-01,MONTANA,199.95238095238096,173.76190476190476,24.857142857142858,1.1904761904761905,0.14285714285714285,0.0,0.0,87.28571428571429,43.0,21.333333333333332,36.76190476190476,7.761904761904762,11.666666666666666,0.8571428571428571,142.9047619047619,MT
1990-01-01,NEBRASKA,162.42857142857142,135.71428571428572,25.285714285714285,1.2857142857142858,0.14285714285714285,0.0,0.0,90.57142857142857,52.42857142857143,27.857142857142858,34.285714285714285,0.0,58.285714285714285,0.0,69.85714285714286,NE
1990-01-01,NEVADA,223.0,110.8,90.2,18.8,2.4,0.8,0.0,150.2,73.2,42.8,30.8,43.0,91.2,14.6,43.4,NV
1990-01-01,NEW HAMPSHIRE,265.0,221.25,34.25,8.5,1.0,0.0,0.0,137.0,62.125,33.5,12.25,18.875,170.625,0.0,63.25,NH
1990-01-01,NEW JERSEY,339.5,234.9375,72.125,18.875,10.0,3.5625,0.0,200.25,96.1875,38.6875,71.5,77.1875,181.625,0.0,9.1875,NJ
1990-01-01,NEW MEXICO,225.86666666666667,187.66666666666666,35.733333333333334,2.3333333333333335,0.13333333333333333,0.0,0.0,75.6,45.53333333333333,27.8,34.6,40.2,98.06666666666666,0.4666666666666667,52.53333333333333,NM
1990-01-01,NEW YORK,238.15151515151516,185.1818181818182,41.24242424242424,8.030303030303031,2.9696969696969697,0.7272727272727273,0.0,133.4848484848485,62.06060606060606,30.393939393939394,26.424242424242426,34.0,162.0909090909091,0.0,15.636363636363637,NY
1990-01-01,NORTH CAROLINA,202.7826086956522,127.73913043478261,54.47826086956522,17.0,3.391304347826087,0.17391304347826086,0.0,125.91304347826087,78.0,38.130434782608695,45.91304347826087,4.913043478260869,139.52173913043478,0.0,12.434782608695652,NC
1990-01-01,NORTH DAKOTA,147.6,142.8,4.6,0.2,0.0,0.0,0.0,82.6,36.7,18.7,1.6,58.9,55.1,0.0,32.0,ND
1990-01-01,OHIO,236.0487804878049,178.4878048780488,39.51219512195122,13.609756097560975,3.951219512195122,0.4634146341463415,0.024390243902439025,151.9512195121951,81.2439024390244,34.4390243902439,20.463414634146343,20.975609756097562,139.17073170731706,0.0,55.4390243902439,OH
1990-01-01,OKLAHOMA,206.0,166.9,31.3,5.9,1.8,0.1,0.0,103.3,54.5,29.3,6.0,50.1,117.1,0.0,32.8,OK
1990-01-01,OREGON,220.3846153846154,155.3846153846154,61.0,3.230769230769231,0.5384615384615384,0.23076923076923078,0.0,115.46153846153847,68.0,39.0,93.53846153846153,1.0769230769230769,51.15384615384615,2.230769230769231,72.38461538461539,OR
1990-01-01,PENNSYLVANIA,337.6551724137931,258.7586206896552,55.793103448275865,17.310344827586206,5.206896551724138,0.5862068965517241,0.0,176.51724137931035,79.75862068965517,35.93103448275862,18.586206896551722,92.82758620689656,215.82758620689654,0.0,10.413793103448276,PA
1990-01-01,RHODE ISLAND,289.5,220.0,52.5,9.0,6.0,2.0,0.0,210.5,84.0,41.5,32.0,104.5,145.0,0.0,8.0,RI
1990-01-01,SOUTH CAROLINA,282.2105263157895,192.1578947368421,65.63157894736842,20.42105263157895,3.9473684210526314,0.05263157894736842,0.0,153.42105263157896,89.47368421052632,41.526315789473685,11.473684210526315,8.578947368421053,251.68421052631578,0.0,10.473684210526315,SC
1990-01-01,SOUTH DAKOTA,157.25,144.5,12.5,0.25,0.0,0.0,0.0,89.5,48.0,25.5,0.0,0.0,77.75,7.25,72.25,SD
1990-01-01,TENNESSEE,248.66666666666666,164.1904761904762,57.476190476190474,21.38095238095238,5.285714285714286,0.3333333333333333,0.0,151.9047619047619,92.52380952380952,41.61904761904762,16.571428571428573,43.333333333333336,167.38095238095238,2.0,19.38095238095238,TN
1990-01-01,TEXAS,232.24137931034483,173.82758620689654,39.689655172413794,12.068965517241379,4.9655172413793105,1.6896551724137931,0.0,144.06896551724137,72.48275862068965,33.0,8.379310344827585,20.517241379310345,176.17241379310346,4.413793103448276,22.75862068965517,TX
1990-01-01,UTAH,251.25,176.75,67.5,5.75,1.0,0.25,0.0,115.75,54.5,32.875,50.5,24.0,117.875,26.625,32.25,UT
1990-01-01,VERMONT,197.0,174.8,17.8,3.6,0.8,0.0,0.0,90.4,49.8,28.4,12.8,90.0,73.8,0.0,20.4,VT
1990-01-01,VIRGINIA,193.54761904761904,140.92857142857142,40.69047619047619,10.333333333333334,1.4523809523809523,0.14285714285714285,0.0,114.02380952380952,66.0,33.476190476190474,10.214285714285714,40.73809523809524,110.47619047619048,0.7857142857142857,31.333333333333332,VA
1990-01-01,WASHINGTON,229.86666666666667,165.13333333333333,60.333333333333336,3.0,1.1333333333333333,0.2,0.06666666666666667,126.33333333333333,55.2,31.8,106.86666666666666,0.0,54.266666666666666,1.2,67.53333333333333,WA
1990-01-01,WEST VIRGINIA,314.44444444444446,247.44444444444446,51.111111111111114,13.555555555555555,2.3333333333333335,0.0,0.0,167.88888888888889,76.11111111111111,37.111111111111114,12.666666666666666,55.44444444444444,209.44444444444446,0.0,36.888888888888886,WV
1990-01-01,WISCONSIN,249.07692307692307,205.3846153846154,34.34615384615385,7.153846153846154,1.8461538461538463,0.34615384615384615,0.0,150.84615384615384,71.46153846153847,36.46153846153846,16.076923076923077,14.23076923076923,201.46153846153845,0.0,17.307692307692307,WI
1990-01-01,WYOMING,226.28571428571428,194.71428571428572,31.571428571428573,0.0,0.0,0.0,0.0,86.57142857142857,50.714285714285715,31.285714285714285,0.0,0.0,146.42857142857142,2.0,77.85714285714286,WY
1991-01-01,ALABAMA,139.3913043478261,114.6086956521739,21.26086956521739,3.0434782608695654,0.4782608695652174,0.0,0.0,89.17391304347827,52.26086956521739,28.17391304347826,2.869565217391304,5.260869565217392,87.26086956521739,0.0,44.0,AL
1991-01-01,ALASKA,306.6666666666667,256.8333333333333,45.0,4.166666666666667,0.3333333333333333,0.0,0.3333333333333333,215.16666666666666,50.166666666666664,23.5,51.333333333333336,21.0,49.166666666666664,3.6666666666666665,181.5,AK
1991-01-01,ARIZONA,201.75,130.58333333333334,62.916666666666664,7.416666666666667,0.75,0.08333333333333333,0.0,111.41666666666667,57.833333333333336,35.666666666666664,17.166666666666668,4.75,133.08333333333334,19.333333333333332,27.416666666666668,AZ
1991-01-01,ARKANSAS,119.33333333333333,102.19047619047619,12.238095238095237,4.238095238095238,0.6190476190476191,0.047619047619047616,0.0,75.47619047619048,47.61904761904762,24.571428571428573,0.14285714285714285,6.190476190476191,71.42857142857143,0.19047619047619047,41.38095238095238,AR
1991-01-01,CALIFORNIA,314.7647058823529,185.05882352941177,80.58823529411765,28.58823529411765,12.72549019607843,7.764705882352941,0.0392156862745098,176.2941176470588,103.47058823529412,49.450980392156865,17.58823529411765,60.666666666666664,216.86274509803923,1.5490196078431373,18.098039215686274,CA
1991-01-01,COLORADO,244.33333333333334,186.03703703703704,54.44444444444444,3.6296296296296298,0.18518518518518517,0.037037037037037035,0.0,109.70370370370371,57.0,30.814814814814813,24.296296296296298,23.074074074074073,100.85185185185185,7.148148148148148,88.96296296296296,CO
1991-01-01,CONNECTICUT,258.5,174.0,55.375,14.25,10.125,4.75,0.0,204.875,102.375,39.75,34.75,36.875,154.625,0.0,32.25,CT
1991-01-01,DELAWARE,251.0,162.33333333333334,52.0,26.666666666666668,6.0,4.0,0.0,204.66666666666666,115.0,42.666666666666664,14.333333333333334,49.0,175.66666666666666,0.0,12.0,DE
1991-01-01,DISTRICT OF COLUMBIA,365.0,155.0,163.0,39.0,7.0,1.0,0.0,216.0,106.0,55.0,19.0,197.0,87.0,60.0,2.0,DC
1991-01-01,FLORIDA,338.93333333333334,294.4,39.2,4.933333333333334,0.3333333333333333,0.06666666666666667,0.0,137.26666666666668,54.733333333333334,36.13333333333333,27.333333333333332,28.6,278.0,1.1333333333333333,3.8666666666666667,FL
1991-01-01,GEORGIA,213.8,160.4,42.2,8.6,2.466666666666667,0.13333333333333333,0.0,135.33333333333334,70.93333333333334,36.6,4.8,24.2,168.66666666666666,1.6,14.533333333333333,GA
1991-01-01,HAWAII,243.25,240.0,3.25,0.0,0.0,0.0,0.0,53.75,27.5,18.0,43.0,0.0,155.25,21.75,23.25,HI
1991-01-01,IDAHO,88.07692307692308,66.6923076923077,20.846153846153847,0.3076923076923077,0.07692307692307693,0.0,0.15384615384615385,123.38461538461539,55.53846153846154,30.692307692307693,23.846153846153847,0.0,0.0,0.0,64.23076923076923,ID
1991-01-01,ILLINOIS,291.76,231.28,45.04,11.92,3.12,0.4,0.0,163.44,71.2,34.28,18.32,17.6,227.6,0.0,28.24,IL
1991-01-01,INDIANA,242.37037037037038,177.22222222222223,42.148148148148145,17.296296296296298,5.2592592592592595,0.4444444444444444,0.0,156.37037037037038,91.92592592592592,37.22222222222222,19.25925925925926,52.074074074074076,133.8148148148148,0.0,37.22222222222222,IN
1991-01-01,IOWA,191.0,166.9,21.3,2.5,0.3,0.0,0.0,92.6,53.3,28.9,21.7,0.0,100.6,0.0,68.7,IA
1991-01-01,KANSAS,159.33333333333334,129.55555555555554,26.77777777777778,2.6666666666666665,0.3333333333333333,0.0,0.0,87.77777777777777,51.55555555555556,27.11111111111111,16.11111111111111,0.0,95.11111111111111,0.0,48.111111111111114,KS
1991-01-01,KENTUCKY,197.83870967741936,153.58064516129033,34.225806451612904,8.290322580645162,1.6774193548387097,0.06451612903225806,0.0,130.29032258064515,70.74193548387096,35.354838709677416,20.516129032258064,34.064516129032256,120.70967741935483,0.7741935483870968,21.774193548387096,KY
1991-01-01,LOUISIANA,317.5,270.1,37.45,7.8,2.0,0.15,0.0,144.85,61.85,31.55,2.3,31.55,274.95,0.0,8.7,LA
1991-01-01,MAINE,248.6153846153846,218.0,20.0,6.230769230769231,2.923076923076923,1.4615384615384615,0.0,154.3846153846154,59.69230769230769,29.0,0.6153846153846154,12.307692307692308,148.23076923076923,2.0,85.46153846153847,ME
1991-01-01,MARYLAND,247.15384615384616,152.3846153846154,51.46153846153846,26.46153846153846,13.538461538461538,3.3076923076923075,0.0,173.84615384615384,109.53846153846153,40.61538461538461,35.46153846153846,26.384615384615383,170.6153846153846,0.0,14.692307692307692,MD
1991-01-01,MASSACHUSETTS,295.27272727272725,217.0,55.45454545454545,13.272727272727273,7.0,2.5454545454545454,0.0,196.63636363636363,95.0909090909091,40.81818181818182,20.545454545454547,107.9090909090909,161.0909090909091,0.0,5.7272727272727275,MA
1991-01-01,MICHIGAN,204.27272727272728,155.84848484848484,26.060606060606062,14.606060606060606,6.484848484848484,1.2727272727272727,0.0,162.3030303030303,97.87878787878788,36.63636363636363,25.90909090909091,16.303030303030305,137.9090909090909,0.9393939393939394,23.21212121212121,MI
1991-01-01,MINNESOTA,264.5833333333333,241.16666666666666,22.166666666666668,1.0,0.25,0.0,0.0,89.16666666666667,42.833333333333336,26.833333333333332,78.33333333333333,54.583333333333336,97.66666666666667,6.75,27.25,MN
1991-01-01,MISSISSIPPI,231.5,192.07142857142858,34.07142857142857,4.857142857142857,0.5,0.0,0.0,119.5,60.142857142857146,33.285714285714285,6.214285714285714,0.0,214.92857142857142,0.0,10.357142857142858,MS
1991-01-01,MISSOURI,290.7692307692308,226.0,48.61538461538461,11.846153846153847,4.076923076923077,0.23076923076923078,0.0,135.15384615384616,69.6923076923077,34.0,12.538461538461538,58.15384615384615,172.07692307692307,0.0,48.0,MO
1991-01-01,MONTANA,211.1904761904762,183.85714285714286,26.047619047619047,1.2380952380952381,0.0,0.0,0.047619047619047616,99.95238095238095,43.333333333333336,20.80952380952381,40.0,10.047619047619047,10.238095238095237,0.47619047619047616,150.42857142857142,MT
1991-01-01,NEBRASKA,142.0,120.0,21.5,0.5,0.0,0.0,0.0,75.375,51.875,28.75,31.75,0.0,48.75,0.0,61.5,NE
1991-01-01,NEVADA,211.33333333333334,107.83333333333333,91.66666666666667,11.5,0.3333333333333333,0.0,0.0,101.0,61.833333333333336,37.333333333333336,19.5,34.666666666666664,108.33333333333333,14.333333333333334,34.5,NV
1991-01-01,NEW HAMPSHIRE,250.125,212.0,28.75,6.25,2.375,0.75,0.0,150.75,56.625,30.5,12.75,27.75,154.0,0.0,55.625,NH
1991-01-01,NEW JERSEY,342.1875,225.0,71.5625,24.0625,15.5625,6.0,0.0,199.3125,115.125,39.625,69.125,71.25,192.8125,1.3125,7.6875,NJ
1991-01-01,NEW MEXICO,225.46666666666667,180.26666666666668,43.266666666666666,1.9333333333333333,0.0,0.0,0.0,74.06666666666666,44.666666666666664,25.866666666666667,35.4,30.2,103.26666666666667,0.13333333333333333,56.46666666666667,NM
1991-01-01,NEW YORK,270.47058823529414,206.88235294117646,43.64705882352941,12.382352941176471,6.294117647058823,1.2647058823529411,0.0,153.1764705882353,75.38235294117646,32.26470588235294,23.11764705882353,30.205882352941178,198.2941176470588,0.0,18.852941176470587,NY
1991-01-01,NORTH CAROLINA,214.20833333333334,151.20833333333334,51.833333333333336,9.875,1.25,0.041666666666666664,0.0,119.5,69.25,36.416666666666664,43.0,6.458333333333333,143.45833333333334,0.0,21.291666666666668,NC
1991-01-01,NORTH DAKOTA,158.55555555555554,151.55555555555554,7.0,0.0,0.0,0.0,0.0,62.0,37.22222222222222,22.22222222222222,15.555555555555555,28.444444444444443,75.88888888888889,0.0,38.666666666666664,ND
1991-01-01,OHIO,223.80434782608697,151.65217391304347,44.41304347826087,18.630434782608695,8.347826086956522,0.7608695652173914,0.0,154.58695652173913,94.45652173913044,38.17391304347826,14.282608695652174,19.869565217391305,136.7391304347826,0.0,52.91304347826087,OH
1991-01-01,OKLAHOMA,198.5,155.1,34.0,7.9,1.4,0.1,0.0,99.2,57.0,29.6,6.9,49.0,110.2,0.0,32.4,OK
1991-01-01,OREGON,221.71428571428572,159.64285714285714,59.214285714285715,2.7142857142857144,0.14285714285714285,0.0,0.0,114.64285714285714,65.92857142857143,36.42857142857143,95.21428571428571,2.5714285714285716,37.142857142857146,2.857142857142857,83.92857142857143,OR
1991-01-01,PENNSYLVANIA,348.13793103448273,244.68965517241378,64.82758620689656,26.275862068965516,10.827586206896552,1.5172413793103448,0.0,188.6551724137931,101.17241379310344,39.0,21.17241379310345,109.55172413793103,209.20689655172413,0.0,8.206896551724139,PA
1991-01-01,RHODE ISLAND,284.0,211.0,52.5,9.5,7.5,3.5,0.0,210.0,104.0,42.0,24.0,118.5,135.5,0.0,6.0,RI
1991-01-01,SOUTH CAROLINA,276.0,223.23809523809524,45.857142857142854,6.428571428571429,0.47619047619047616,0.0,0.0,131.38095238095238,66.04761904761905,35.523809523809526,1.9047619047619047,11.428571428571429,242.33333333333334,0.0,20.333333333333332,SC
1991-01-01,SOUTH DAKOTA,180.75,171.0,9.25,0.5,0.0,0.0,0.0,71.5,45.25,24.75,0.0,0.0,83.0,2.75,95.0,SD
1991-01-01,TENNESSEE,250.63636363636363,179.0,55.90909090909091,14.181818181818182,1.4545454545454546,0.09090909090909091,0.0,125.68181818181819,75.95454545454545,37.36363636363637,14.545454545454545,48.0,165.4090909090909,1.5454545454545454,21.136363636363637,TN
1991-01-01,TEXAS,231.0344827586207,179.93103448275863,37.172413793103445,9.758620689655173,3.0344827586206895,1.1379310344827587,0.0,137.17241379310346,66.03448275862068,32.51724137931034,5.931034482758621,25.379310344827587,169.82758620689654,4.068965517241379,25.82758620689655,TX
1991-01-01,UTAH,241.625,167.0,64.25,10.0,0.375,0.0,0.0,107.75,59.75,32.5,54.0,0.0,104.25,31.625,51.75,UT
1991-01-01,VERMONT,210.0,185.8,17.6,5.0,1.6,0.0,0.0,104.4,52.0,27.2,20.2,84.8,72.4,4.2,28.4,VT
1991-01-01,VIRGINIA,194.34146341463415,135.6829268292683,43.292682926829265,12.317073170731707,2.8048780487804876,0.24390243902439024,0.0,119.73170731707317,72.09756097560975,34.78048780487805,9.902439024390244,42.46341463414634,108.60975609756098,0.8048780487804879,32.5609756097561,VA
1991-01-01,WASHINGTON,218.375,158.1875,56.5625,2.75,0.6875,0.0,0.1875,236.375,55.75,32.1875,91.25,0.0,59.0625,0.875,67.1875,WA
1991-01-01,WEST VIRGINIA,311.9,232.8,59.6,15.4,3.8,0.3,0.0,166.3,79.6,35.1,22.8,39.5,204.9,1.7,43.0,WV
1991-01-01,WISCONSIN,226.8148148148148,175.88888888888889,32.2962962962963,12.555555555555555,4.814814814814815,1.2592592592592593,0.0,168.66666666666666,87.0,36.111111111111114,21.925925925925927,13.25925925925926,183.37037037037038,0.0,8.25925925925926,WI
1991-01-01,WYOMING,180.3,149.1,30.7,0.5,0.0,0.0,0.0,81.8,50.1,28.7,0.0,0.0,92.6,1.9,85.8,WY
1992-01-01,ALABAMA,141.375,114.75,21.833333333333332,3.9166666666666665,0.875,0.0,0.0,90.16666666666667,51.625,27.833333333333332,4.625,6.0,85.83333333333333,2.9166666666666665,42.0,AL
1992-01-01,ALASKA,339.4,280.6,53.6,4.0,0.4,0.0,0.8,234.8,53.2,27.4,62.2,0.0,70.0,0.8,206.4,AK
1992-01-01,ARIZONA,167.41666666666666,108.41666666666667,50.083333333333336,7.583333333333333,1.25,0.08333333333333333,0.0,94.08333333333333,57.916666666666664,35.666666666666664,15.666666666666666,10.166666666666666,96.41666666666667,14.083333333333334,31.083333333333332,AZ
1992-01-01,ARKANSAS,134.71428571428572,123.61904761904762,10.0,0.9523809523809523,0.14285714285714285,0.0,0.0,73.33333333333333,39.80952380952381,22.333333333333332,5.857142857142857,14.619047619047619,67.80952380952381,3.9523809523809526,42.476190476190474,AR
1992-01-01,CALIFORNIA,339.0980392156863,213.01960784313727,73.27450980392157,31.333333333333332,14.313725490196079,7.098039215686274,0.058823529411764705,181.80392156862746,103.86274509803921,48.8235294117647,15.72549019607843,63.92156862745098,245.23529411764707,1.5686274509803921,12.647058823529411,CA
1992-01-01,COLORADO,256.39285714285717,199.64285714285714,54.107142857142854,2.392857142857143,0.21428571428571427,0.03571428571428571,0.0,86.71428571428571,51.42857142857143,30.607142857142858,19.821428571428573,32.035714285714285,83.32142857142857,7.5,113.71428571428571,CO
1992-01-01,CONNECTICUT,260.875,200.375,43.5,10.875,5.25,0.875,0.0,177.25,77.875,35.125,35.75,42.875,152.0,0.0,30.25,CT
1992-01-01,DELAWARE,259.6666666666667,206.33333333333334,39.333333333333336,9.666666666666666,4.0,0.3333333333333333,0.0,169.66666666666666,77.0,37.333333333333336,16.666666666666668,22.0,212.0,0.0,9.0,DE
1992-01-01,DISTRICT OF COLUMBIA,366.0,186.0,158.0,21.0,1.0,0.0,0.0,159.0,90.0,49.0,16.0,204.0,68.0,77.0,1.0,DC
1992-01-01,FLORIDA,290.1363636363636,236.54545454545453,43.81818181818182,8.818181818181818,0.9545454545454546,0.0,0.0,130.8181818181818,64.5909090909091,33.63636363636363,18.636363636363637,23.545454545454547,241.04545454545453,1.0,5.909090909090909,FL
1992-01-01,GEORGIA,223.75,165.625,45.125,10.3125,2.5,0.1875,0.0,143.8125,72.1875,35.9375,3.125,22.0,179.75,6.0,12.875,GA
1992-01-01,HAWAII,277.75,274.25,3.25,0.25,0.0,0.0,0.0,67.5,31.0,21.75,32.75,1.25,208.25,14.5,21.0,HI
1992-01-01,IDAHO,100.23076923076923,79.92307692307692,19.923076923076923,0.15384615384615385,0.07692307692307693,0.0,0.15384615384615385,128.3846153846154,50.15384615384615,29.923076923076923,25.076923076923077,0.0,6.461538461538462,3.3846153846153846,65.3076923076923,ID
1992-01-01,ILLINOIS,284.2,236.72,38.88,7.4,1.0,0.2,0.0,148.48,59.64,33.52,17.4,15.04,217.84,0.0,33.92,IL
1992-01-01,INDIANA,231.08,189.08,33.12,7.04,1.68,0.16,0.0,135.8,62.6,31.6,14.88,53.2,122.76,0.0,40.24,IN
1992-01-01,IOWA,193.88888888888889,167.66666666666666,21.444444444444443,4.222222222222222,0.5555555555555556,0.0,0.0,107.77777777777777,53.77777777777778,27.88888888888889,19.0,0.0,109.44444444444444,0.0,65.44444444444444,IA
1992-01-01,KANSAS,158.66666666666666,139.33333333333334,18.444444444444443,0.7777777777777778,0.1111111111111111,0.0,0.0,84.22222222222223,46.77777777777778,30.11111111111111,14.777777777777779,1.4444444444444444,97.77777777777777,0.0,44.666666666666664,KS
1992-01-01,KENTUCKY,237.1818181818182,192.21212121212122,40.0,4.7272727272727275,0.24242424242424243,0.0,0.0,119.81818181818181,59.878787878787875,35.03030303030303,15.333333333333334,45.03030303030303,152.8181818181818,2.393939393939394,21.606060606060606,KY
1992-01-01,LOUISIANA,341.85714285714283,283.6190476190476,46.857142857142854,9.714285714285714,1.4761904761904763,0.19047619047619047,0.0,159.38095238095238,64.23809523809524,33.95238095238095,2.380952380952381,47.095238095238095,287.0,0.0,5.380952380952381,LA
1992-01-01,MAINE,252.33333333333334,222.66666666666666,19.666666666666668,6.583333333333333,2.9166666666666665,0.5,0.0,160.33333333333334,57.583333333333336,29.833333333333332,0.0,8.416666666666666,174.75,1.9166666666666667,67.25,ME
1992-01-01,MARYLAND,220.8,161.33333333333334,41.266666666666666,13.333333333333334,4.733333333333333,0.13333333333333333,0.0,138.46666666666667,76.66666666666667,34.4,30.133333333333333,28.333333333333332,138.0,0.0,24.333333333333332,MD
1992-01-01,MASSACHUSETTS,294.27272727272725,228.8181818181818,47.72727272727273,11.818181818181818,5.181818181818182,0.7272727272727273,0.0,189.36363636363637,80.72727272727273,39.09090909090909,22.545454545454547,103.18181818181819,162.1818181818182,0.0,6.363636363636363,MA
1992-01-01,MICHIGAN,213.83870967741936,185.38709677419354,20.93548387096774,5.838709677419355,1.5483870967741935,0.0967741935483871,0.03225806451612903,145.1290322580645,59.25806451612903,28.419354838709676,29.516129032258064,28.193548387096776,124.45161290322581,0.0,31.677419354838708,MI
1992-01-01,MINNESOTA,264.38461538461536,247.92307692307693,14.461538461538462,1.7692307692307692,0.23076923076923078,0.0,0.0,93.84615384615384,41.53846153846154,25.153846153846153,78.07692307692308,57.61538461538461,93.07692307692308,10.076923076923077,25.53846153846154,MN
1992-01-01,MISSISSIPPI,229.57142857142858,189.57142857142858,33.92857142857143,5.642857142857143,0.42857142857142855,0.0,0.0,114.35714285714286,60.07142857142857,34.42857142857143,4.571428571428571,0.0,210.07142857142858,0.0,14.928571428571429,MS
1992-01-01,MISSOURI,276.46153846153845,220.46153846153845,46.0,7.923076923076923,2.0,0.07692307692307693,0.0,138.69230769230768,61.69230769230769,32.07692307692308,14.461538461538462,71.61538461538461,145.3846153846154,0.0,45.0,MO
1992-01-01,MONTANA,197.54545454545453,174.45454545454547,22.5,0.45454545454545453,0.13636363636363635,0.0,0.0,92.04545454545455,42.68181818181818,21.272727272727273,35.72727272727273,5.909090909090909,8.363636363636363,0.5,147.04545454545453,MT
1992-01-01,NEBRASKA,150.375,133.25,16.75,0.375,0.0,0.0,0.0,77.0,47.125,25.375,37.625,0.0,42.125,0.0,70.625,NE
1992-01-01,NEVADA,195.28571428571428,124.28571428571429,63.285714285714285,7.428571428571429,0.2857142857142857,0.0,0.0,86.42857142857143,53.714285714285715,32.42857142857143,15.142857142857142,28.571428571428573,101.57142857142857,22.0,28.0,NV
1992-01-01,NEW HAMPSHIRE,260.75,232.75,20.125,6.125,1.625,0.125,0.0,147.125,52.25,30.25,13.25,30.75,171.125,0.0,45.625,NH
1992-01-01,NEW JERSEY,324.29411764705884,238.8235294117647,64.29411764705883,14.882352941176471,5.294117647058823,1.0,0.0,177.41176470588235,77.94117647058823,35.470588235294116,61.705882352941174,76.58823529411765,175.05882352941177,2.9411764705882355,8.0,NJ
1992-01-01,NEW MEXICO,226.26666666666668,189.4,35.13333333333333,1.7333333333333334,0.0,0.0,0.0,74.13333333333334,42.46666666666667,25.733333333333334,31.733333333333334,41.4,101.4,0.0,51.733333333333334,NM
1992-01-01,NEW YORK,279.8529411764706,239.8235294117647,32.11764705882353,5.588235294117647,2.176470588235294,0.14705882352941177,0.0,145.02941176470588,52.705882352941174,30.11764705882353,29.294117647058822,23.11764705882353,208.73529411764707,0.0,18.705882352941178,NY
1992-01-01,NORTH CAROLINA,183.3421052631579,140.0,35.6578947368421,6.7631578947368425,0.868421052631579,0.05263157894736842,0.0,106.89473684210526,60.526315789473685,32.76315789473684,34.94736842105263,6.026315789473684,125.42105263157895,0.0,16.94736842105263,NC
1992-01-01,NORTH DAKOTA,163.33333333333334,157.22222222222223,5.777777777777778,0.3333333333333333,0.0,0.0,0.0,68.11111111111111,34.55555555555556,19.77777777777778,15.88888888888889,30.666666666666668,75.55555555555556,0.0,41.22222222222222,ND
1992-01-01,OHIO,228.38297872340425,180.7659574468085,37.276595744680854,8.23404255319149,2.0425531914893615,0.06382978723404255,0.0,132.38297872340425,65.95744680851064,33.38297872340426,15.53191489361702,20.80851063829787,135.85106382978722,0.0,56.191489361702125,OH
1992-01-01,OKLAHOMA,226.1,195.1,27.2,3.6,0.2,0.0,0.0,89.2,49.1,27.9,20.3,64.8,111.2,0.0,29.8,OK
1992-01-01,OREGON,216.57142857142858,162.71428571428572,50.714285714285715,2.7142857142857144,0.42857142857142855,0.0,0.0,105.14285714285714,61.214285714285715,36.57142857142857,82.92857142857143,2.0714285714285716,40.0,2.7142857142857144,88.85714285714286,OR
1992-01-01,PENNSYLVANIA,348.0,284.3103448275862,49.44827586206897,11.482758620689655,2.6551724137931036,0.10344827586206896,0.0,162.31034482758622,66.24137931034483,35.03448275862069,19.551724137931036,118.6896551724138,198.93103448275863,0.0,10.827586206896552,PA
1992-01-01,RHODE ISLAND,290.0,240.0,36.0,11.0,3.0,0.0,0.0,187.0,74.0,37.5,33.0,103.0,150.0,0.0,4.0,RI
1992-01-01,SOUTH CAROLINA,311.4761904761905,254.8095238095238,47.76190476190476,8.142857142857142,0.7142857142857143,0.047619047619047616,0.0,138.57142857142858,64.9047619047619,34.57142857142857,1.7142857142857142,15.619047619047619,246.76190476190476,0.0,47.38095238095238,SC
1992-01-01,SOUTH DAKOTA,171.75,155.5,15.75,0.5,0.0,0.0,0.0,72.5,45.25,24.75,0.0,0.0,38.5,15.0,118.25,SD
1992-01-01,TENNESSEE,243.36363636363637,188.3181818181818,45.31818181818182,8.045454545454545,1.6363636363636365,0.045454545454545456,0.0,129.13636363636363,67.95454545454545,36.27272727272727,16.818181818181817,44.45454545454545,161.5909090909091,2.090909090909091,18.40909090909091,TN
1992-01-01,TEXAS,229.86206896551724,179.41379310344828,37.724137931034484,9.379310344827585,2.586206896551724,0.7586206896551724,0.0,135.06896551724137,63.93103448275862,32.51724137931034,7.413793103448276,24.724137931034484,171.93103448275863,1.6896551724137931,24.103448275862068,TX
1992-01-01,UTAH,244.625,159.5,78.375,6.625,0.125,0.0,0.0,95.625,60.875,37.875,30.625,57.75,100.0,17.75,38.5,UT
1992-01-01,VERMONT,216.8,198.4,14.4,3.0,1.0,0.0,0.0,98.4,46.0,26.0,26.2,75.8,74.6,11.0,29.2,VT
1992-01-01,VIRGINIA,182.32558139534885,138.1860465116279,36.41860465116279,6.604651162790698,1.0465116279069768,0.06976744186046512,0.0,109.4186046511628,60.55813953488372,31.58139534883721,9.209302325581396,40.627906976744185,103.86046511627907,0.8604651162790697,27.767441860465116,VA
1992-01-01,WASHINGTON,195.10526315789474,148.0,44.68421052631579,1.9473684210526316,0.3684210526315789,0.0,0.10526315789473684,137.68421052631578,51.21052631578947,32.10526315789474,95.73684210526316,0.0,38.26315789473684,0.47368421052631576,60.63157894736842,WA
1992-01-01,WEST VIRGINIA,348.3,297.0,45.8,4.4,1.1,0.0,0.0,120.5,57.3,31.0,42.1,49.3,187.3,6.1,63.5,WV
1992-01-01,WISCONSIN,238.64285714285714,205.5,23.285714285714285,8.678571428571429,1.0714285714285714,0.10714285714285714,0.0,148.0,66.35714285714286,31.5,29.0,12.285714285714286,185.67857142857142,0.0,11.678571428571429,WI
1992-01-01,WYOMING,202.4,170.3,31.8,0.1,0.2,0.0,0.0,82.4,48.7,27.8,0.0,0.0,98.7,2.2,101.5,WY
1993-01-01,ALABAMA,174.0,132.04166666666666,33.416666666666664,7.041666666666667,1.3333333333333333,0.16666666666666666,0.0,109.91666666666667,60.583333333333336,31.041666666666668,4.333333333333333,6.166666666666667,121.25,2.7083333333333335,39.541666666666664,AL
1993-01-01,ALASKA,280.0,233.33333333333334,43.5,3.0,0.16666666666666666,0.0,0.0,94.16666666666667,47.166666666666664,23.666666666666668,53.0,0.0,57.5,1.1666666666666667,168.33333333333334,AK
1993-01-01,ARIZONA,194.3,125.7,58.3,8.2,2.1,0.0,0.0,92.8,60.3,31.9,17.0,11.4,115.0,17.2,33.7,AZ
1993-01-01,ARKANSAS,133.6,118.35,14.15,1.0,0.1,0.0,0.0,72.25,43.35,23.75,3.45,1.95,81.15,2.4,44.65,AR
1993-01-01,CALIFORNIA,355.96,233.96,76.7,27.36,11.12,6.7,0.12,195.76,97.56,48.3,14.46,69.96,257.72,1.64,12.18,CA
1993-01-01,COLORADO,286.4230769230769,229.84615384615384,52.73076923076923,3.5384615384615383,0.3076923076923077,0.0,0.0,103.96153846153847,55.34615384615385,32.88461538461539,23.76923076923077,31.576923076923077,100.46153846153847,6.230769230769231,124.38461538461539,CO
1993-01-01,CONNECTICUT,259.0,180.875,56.75,12.25,7.125,2.0,0.0,187.875,85.75,38.75,22.75,51.25,149.0,0.0,36.0,CT
1993-01-01,DELAWARE,261.3333333333333,163.0,56.333333333333336,27.0,14.0,1.0,0.0,196.33333333333334,124.33333333333333,44.666666666666664,4.0,54.666666666666664,193.0,0.0,9.666666666666666,DE
1993-01-01,DISTRICT OF COLUMBIA,365.0,164.0,153.0,29.0,17.0,2.0,0.0,202.0,112.0,53.0,25.0,167.0,99.0,73.0,1.0,DC
1993-01-01,FLORIDA,261.3703703703704,210.2962962962963,43.18518518518518,6.962962962962963,0.9259259259259259,0.0,0.0,124.03703703703704,60.25925925925926,33.925925925925924,13.407407407407407,17.62962962962963,210.22222222222223,3.6666666666666665,16.444444444444443,FL
1993-01-01,GEORGIA,216.86666666666667,135.93333333333334,55.06666666666667,18.6,5.866666666666666,1.4,0.0,154.26666666666668,89.93333333333334,39.86666666666667,2.933333333333333,13.8,180.13333333333333,6.4,13.6,GA
1993-01-01,HAWAII,280.75,278.75,2.0,0.0,0.0,0.0,0.0,52.5,32.75,24.25,13.0,4.75,239.75,5.0,18.25,HI
1993-01-01,IDAHO,124.41666666666667,104.83333333333333,19.5,0.08333333333333333,0.0,0.0,0.0,85.41666666666667,56.833333333333336,32.0,24.416666666666668,0.0,27.25,1.75,71.0,ID
1993-01-01,ILLINOIS,291.7391304347826,253.82608695652175,32.95652173913044,4.391304347826087,0.4782608695652174,0.08695652173913043,0.0,128.43478260869566,51.78260869565217,31.08695652173913,14.043478260869565,18.91304347826087,231.69565217391303,0.0,27.08695652173913,IL
1993-01-01,INDIANA,226.57692307692307,180.8846153846154,34.42307692307692,9.307692307692308,1.9230769230769231,0.038461538461538464,0.0,117.3076923076923,67.5,32.57692307692308,20.23076923076923,55.73076923076923,123.3076923076923,0.0,27.307692307692307,IN
1993-01-01,IOWA,210.0,189.33333333333334,19.22222222222222,1.4444444444444444,0.0,0.0,0.0,89.22222222222223,46.0,28.11111111111111,17.88888888888889,0.0,101.22222222222223,0.0,90.88888888888889,IA
1993-01-01,KANSAS,168.375,150.0,18.0,0.25,0.125,0.0,0.0,81.5,43.75,26.75,14.25,0.0,101.375,0.0,52.75,KS
1993-01-01,KENTUCKY,236.32432432432432,177.1891891891892,48.45945945945946,9.08108108108108,1.4864864864864864,0.10810810810810811,0.0,140.72972972972974,72.83783783783784,36.351351351351354,10.486486486486486,43.21621621621622,156.67567567567568,2.081081081081081,23.864864864864863,KY
1993-01-01,LOUISIANA,319.4347826086956,258.2173913043478,47.69565217391305,10.956521739130435,2.3043478260869565,0.2608695652173913,0.0,154.8695652173913,69.47826086956522,34.30434782608695,4.173913043478261,44.52173913043478,264.0869565217391,0.0,6.6521739130434785,LA
1993-01-01,MAINE,228.0,200.53333333333333,20.066666666666666,4.933333333333334,2.3333333333333335,0.13333333333333333,0.0,142.0,60.666666666666664,30.333333333333332,0.0,4.133333333333334,175.26666666666668,1.8666666666666667,46.733333333333334,ME
1993-01-01,MARYLAND,213.6,133.26666666666668,43.4,24.4,10.066666666666666,2.466666666666667,0.0,157.2,101.6,38.333333333333336,19.2,28.933333333333334,139.73333333333332,0.0,25.733333333333334,MD
1993-01-01,MASSACHUSETTS,297.90909090909093,218.0,62.63636363636363,12.363636363636363,4.0,0.9090909090909091,0.0,187.9090909090909,81.0,39.81818181818182,18.90909090909091,109.81818181818181,163.36363636363637,0.0,5.818181818181818,MA
1993-01-01,MICHIGAN,217.625,185.75,24.625,5.59375,1.5,0.15625,0.0,141.0625,60.03125,30.84375,25.09375,27.0625,142.84375,0.0,22.625,MI
1993-01-01,MINNESOTA,304.8181818181818,286.0,18.272727272727273,0.5454545454545454,0.0,0.0,0.0,83.0,41.81818181818182,27.90909090909091,116.36363636363636,31.181818181818183,123.0,10.636363636363637,23.636363636363637,MN
1993-01-01,MISSISSIPPI,233.0,188.4375,39.25,5.0625,0.25,0.0,0.0,119.8125,62.5,35.5625,6.0625,0.0,213.75,0.0,13.1875,MS
1993-01-01,MISSOURI,270.53846153846155,223.69230769230768,40.30769230769231,5.6923076923076925,0.6923076923076923,0.15384615384615385,0.0,125.6923076923077,56.38461538461539,31.076923076923077,36.38461538461539,53.61538461538461,150.3846153846154,0.0,30.153846153846153,MO
1993-01-01,MONTANA,191.38095238095238,171.14285714285714,20.19047619047619,0.0,0.047619047619047616,0.0,0.0,73.28571428571429,39.857142857142854,21.19047619047619,42.523809523809526,8.476190476190476,9.0,0.9047619047619048,130.47619047619048,MT
1993-01-01,NEBRASKA,146.75,137.0,9.625,0.125,0.0,0.0,0.0,72.25,45.625,25.25,39.125,0.0,36.5,0.0,71.125,NE
1993-01-01,NEVADA,193.875,135.125,52.875,5.125,0.625,0.125,0.0,94.125,56.625,34.625,15.25,27.375,98.5,16.25,36.5,NV
1993-01-01,NEW HAMPSHIRE,254.25,225.625,20.875,5.75,2.0,0.0,0.0,146.875,54.25,30.5,11.375,35.0,184.75,0.0,23.125,NH
1993-01-01,NEW JERSEY,325.11764705882354,224.58823529411765,64.82352941176471,22.352941176470587,11.647058823529411,1.7058823529411764,0.0,173.58823529411765,99.41176470588235,37.11764705882353,57.64705882352941,69.94117647058823,184.64705882352942,3.1176470588235294,9.764705882352942,NJ
1993-01-01,NEW MEXICO,231.13333333333333,197.26666666666668,32.266666666666666,1.4,0.2,0.0,0.0,71.86666666666666,39.13333333333333,24.4,34.53333333333333,42.6,97.73333333333333,0.6,55.666666666666664,NM
1993-01-01,NEW YORK,283.52941176470586,232.1764705882353,40.088235294117645,8.617647058823529,2.5,0.14705882352941177,0.0,142.61764705882354,61.0,31.08823529411765,19.941176470588236,31.029411764705884,215.14705882352942,0.0,17.41176470588235,NY
1993-01-01,NORTH CAROLINA,174.33333333333334,111.78571428571429,41.404761904761905,17.166666666666668,3.857142857142857,0.11904761904761904,0.0,124.54761904761905,82.64285714285714,39.80952380952381,22.214285714285715,5.261904761904762,120.92857142857143,0.0,25.928571428571427,NC
1993-01-01,NORTH DAKOTA,184.0,181.66666666666666,2.2222222222222223,0.1111111111111111,0.0,0.0,0.0,54.333333333333336,31.11111111111111,19.666666666666668,16.555555555555557,34.44444444444444,95.77777777777777,0.0,37.22222222222222,ND
1993-01-01,OHIO,232.89583333333334,171.54166666666666,44.375,13.375,3.4583333333333335,0.14583333333333334,0.0,143.125,80.0625,35.145833333333336,14.854166666666666,22.041666666666668,139.125,0.0,56.875,OH
1993-01-01,OKLAHOMA,236.8,211.3,22.2,2.7,0.6,0.0,0.0,94.4,47.6,27.1,14.5,87.9,103.8,0.0,30.6,OK
1993-01-01,OREGON,234.6153846153846,183.6153846153846,50.15384615384615,0.6923076923076923,0.15384615384615385,0.0,0.0,106.53846153846153,58.15384615384615,33.15384615384615,84.15384615384616,4.769230769230769,39.23076923076923,3.5384615384615383,102.92307692307692,OR
1993-01-01,PENNSYLVANIA,346.48275862068965,256.2068965517241,59.275862068965516,23.24137931034483,7.172413793103448,0.5172413793103449,0.06896551724137931,189.0344827586207,92.93103448275862,37.62068965517241,17.137931034482758,113.62068965517241,204.0344827586207,0.0,11.689655172413794,PA
1993-01-01,RHODE ISLAND,272.5,223.5,38.0,7.5,3.0,0.5,0.0,187.0,71.0,39.0,38.5,91.0,134.5,0.0,8.5,RI
1993-01-01,SOUTH CAROLINA,312.0,223.3913043478261,69.21739130434783,16.91304347826087,2.217391304347826,0.2608695652173913,0.0,153.82608695652175,82.82608695652173,39.43478260869565,2.869565217391304,18.82608695652174,249.56521739130434,0.0,40.73913043478261,SC
1993-01-01,SOUTH DAKOTA,145.5,132.5,13.0,0.0,0.0,0.0,0.0,58.5,34.75,16.75,0.0,0.0,0.0,25.75,119.75,SD
1993-01-01,TENNESSEE,242.8846153846154,163.3846153846154,58.03846153846154,17.26923076923077,4.076923076923077,0.11538461538461539,0.0,144.03846153846155,81.46153846153847,38.92307692307692,15.538461538461538,37.69230769230769,169.26923076923077,1.6153846153846154,18.76923076923077,TN
1993-01-01,TEXAS,246.66666666666666,199.85185185185185,33.48148148148148,9.0,3.4444444444444446,0.8888888888888888,0.0,141.07407407407408,62.148148148148145,29.85185185185185,11.37037037037037,25.925925925925927,176.44444444444446,4.703703703703703,28.22222222222222,TX
1993-01-01,UTAH,240.44444444444446,162.0,72.44444444444444,5.666666666666667,0.3333333333333333,0.0,0.0,111.22222222222223,59.77777777777778,38.666666666666664,17.77777777777778,63.55555555555556,90.55555555555556,11.0,57.55555555555556,UT
1993-01-01,VERMONT,219.4,196.8,18.8,2.8,1.0,0.0,0.0,99.4,49.2,26.4,15.0,89.2,76.0,9.2,30.0,VT
1993-01-01,VIRGINIA,189.61363636363637,127.43181818181819,42.56818181818182,15.795454545454545,3.590909090909091,0.22727272727272727,0.0,119.75,75.79545454545455,34.72727272727273,16.40909090909091,39.0,104.97727272727273,1.1363636363636365,28.09090909090909,VA
1993-01-01,WASHINGTON,211.47368421052633,171.94736842105263,38.26315789473684,0.9473684210526315,0.21052631578947367,0.0,0.10526315789473684,152.94736842105263,50.73684210526316,29.63157894736842,92.57894736842105,0.0,51.78947368421053,5.473684210526316,61.63157894736842,WA
1993-01-01,WEST VIRGINIA,301.6666666666667,242.91666666666666,46.333333333333336,10.25,2.1666666666666665,0.0,0.0,136.25,65.83333333333333,31.166666666666668,40.666666666666664,28.583333333333332,176.08333333333334,4.583333333333333,51.75,WV
1993-01-01,WISCONSIN,240.10714285714286,217.60714285714286,17.964285714285715,4.035714285714286,0.4642857142857143,0.03571428571428571,0.0,131.21428571428572,53.214285714285715,32.892857142857146,33.142857142857146,5.678571428571429,192.17857142857142,0.0,9.107142857142858,WI
1993-01-01,WYOMING,203.0,174.5,28.4,0.1,0.0,0.0,0.0,73.2,44.6,25.8,0.0,0.0,98.8,1.5,102.7,WY
1994-01-01,ALABAMA,193.64,159.64,28.44,4.92,0.64,0.0,0.0,103.88,54.52,29.36,5.16,3.0,144.88,1.92,38.68,AL
1994-01-01,ALASKA,300.0,256.0,41.6,2.2,0.2,0.0,0.0,97.2,49.8,25.8,66.6,0.0,71.2,0.6,161.6,AK
1994-01-01,ARIZONA,196.3,117.2,67.8,10.7,0.6,0.0,0.0,92.1,60.8,35.5,16.6,10.6,115.4,17.9,35.8,AZ
1994-01-01,ARKANSAS,133.25,114.75,15.75,2.5,0.25,0.0,0.0,70.85,45.15,24.7,2.35,3.25,82.6,2.05,43.0,AR
1994-01-01,CALIFORNIA,347.77358490566036,211.9433962264151,82.88679245283019,33.283018867924525,13.056603773584905,6.509433962264151,0.09433962264150944,191.83018867924528,104.79245283018868,49.9811320754717,11.150943396226415,70.16981132075472,251.62264150943398,1.6037735849056605,13.226415094339623,CA
1994-01-01,COLORADO,268.7142857142857,206.25,59.07142857142857,3.25,0.14285714285714285,0.0,0.0,95.39285714285714,55.892857142857146,31.964285714285715,20.25,33.607142857142854,94.53571428571429,7.357142857142857,112.96428571428571,CO
1994-01-01,CONNECTICUT,299.0,201.25,67.875,18.5,10.0,1.375,0.0,212.5,100.0,42.5,17.625,74.375,191.75,0.0,15.25,CT
1994-01-01,DELAWARE,274.6666666666667,172.0,68.0,26.0,7.666666666666667,1.0,0.0,189.0,108.33333333333333,45.0,1.3333333333333333,50.333333333333336,211.33333333333334,0.0,11.666666666666666,DE
1994-01-01,DISTRICT OF COLUMBIA,365.0,149.0,164.0,43.0,7.0,2.0,0.0,212.0,113.0,54.0,23.0,184.0,92.0,62.0,4.0,DC
1994-01-01,FLORIDA,272.7037037037037,235.0,31.037037037037038,5.962962962962963,0.7037037037037037,0.0,0.0,124.92592592592592,53.074074074074076,30.88888888888889,15.185185185185185,12.444444444444445,222.37037037037038,5.148148148148148,17.555555555555557,FL
1994-01-01,GEORGIA,213.52941176470588,156.8235294117647,44.0,10.0,2.411764705882353,0.29411764705882354,0.0,137.8235294117647,71.11764705882354,35.8235294117647,3.5294117647058822,16.058823529411764,173.47058823529412,5.764705882352941,14.705882352941176,GA
1994-01-01,HAWAII,274.25,272.75,1.5,0.0,0.0,0.0,0.0,48.5,34.0,25.75,7.0,1.0,246.25,1.5,18.5,HI
1994-01-01,IDAHO,119.57142857142857,99.92857142857143,19.5,0.14285714285714285,0.0,0.0,0.0,77.5,51.5,27.214285714285715,11.857142857142858,1.7857142857142858,24.857142857142858,14.071428571428571,67.0,ID
1994-01-01,ILLINOIS,297.25,235.625,49.375,10.083333333333334,2.0,0.16666666666666666,0.0,149.95833333333334,66.54166666666667,33.791666666666664,11.75,20.125,236.33333333333334,0.0,29.041666666666668,IL
1994-01-01,INDIANA,246.27272727272728,171.5,44.95454545454545,21.272727272727273,7.7727272727272725,0.7727272727272727,0.0,159.8181818181818,94.63636363636364,38.36363636363637,31.59090909090909,38.09090909090909,148.72727272727272,0.0,27.863636363636363,IN
1994-01-01,IOWA,229.375,202.375,25.875,0.875,0.25,0.0,0.0,83.25,47.5,27.375,12.125,0.0,101.5,0.0,115.75,IA
1994-01-01,KANSAS,147.33333333333334,125.55555555555556,20.444444444444443,1.3333333333333333,0.0,0.0,0.0,72.44444444444444,48.44444444444444,28.555555555555557,16.11111111111111,0.0,92.33333333333333,0.0,38.888888888888886,KS
1994-01-01,KENTUCKY,241.43243243243242,171.0,52.2972972972973,13.513513513513514,4.4324324324324325,0.1891891891891892,0.0,160.78378378378378,83.5945945945946,39.08108108108108,8.027027027027026,43.891891891891895,165.59459459459458,1.4594594594594594,22.45945945945946,KY
1994-01-01,LOUISIANA,332.8181818181818,272.72727272727275,45.90909090909091,11.727272727272727,2.227272727272727,0.22727272727272727,0.0,165.22727272727272,69.0909090909091,33.90909090909091,3.090909090909091,34.68181818181818,285.3181818181818,0.0,9.727272727272727,LA
1994-01-01,MAINE,242.73333333333332,209.46666666666667,24.666666666666668,6.733333333333333,1.7333333333333334,0.13333333333333333,0.0,145.6,62.666666666666664,32.733333333333334,0.0,0.2,197.06666666666666,2.6,42.86666666666667,ME
1994-01-01,MARYLAND,215.66666666666666,144.66666666666666,44.53333333333333,18.6,6.8,1.0666666666666667,0.0,148.66666666666666,90.66666666666667,35.666666666666664,19.8,28.333333333333332,143.4,0.0,24.133333333333333,MD
1994-01-01,MASSACHUSETTS,306.09090909090907,218.0,69.45454545454545,13.181818181818182,5.090909090909091,0.36363636363636365,0.0,173.0909090909091,83.0,41.63636363636363,18.0,115.0,169.45454545454547,0.0,3.6363636363636362,MA
1994-01-01,MICHIGAN,205.56666666666666,158.2,33.43333333333333,10.9,2.7666666666666666,0.26666666666666666,0.0,142.56666666666666,73.1,32.36666666666667,18.2,25.966666666666665,142.2,0.0,19.2,MI
1994-01-01,MINNESOTA,299.61538461538464,276.7692307692308,21.615384615384617,1.2307692307692308,0.0,0.0,0.0,86.6923076923077,41.92307692307692,27.46153846153846,96.15384615384616,53.69230769230769,122.3076923076923,1.6923076923076923,25.76923076923077,MN
1994-01-01,MISSISSIPPI,241.06666666666666,190.2,41.86666666666667,7.8,1.2,0.0,0.0,131.93333333333334,66.8,34.333333333333336,2.8666666666666667,0.0,219.66666666666666,0.0,18.533333333333335,MS
1994-01-01,MISSOURI,250.53333333333333,184.73333333333332,48.4,13.066666666666666,3.7333333333333334,0.6,0.0,129.53333333333333,70.73333333333333,31.933333333333334,36.4,55.666666666666664,131.33333333333334,0.0,27.133333333333333,MO
1994-01-01,MONTANA,210.63636363636363,189.4090909090909,20.90909090909091,0.2727272727272727,0.045454545454545456,0.0,0.0,83.4090909090909,44.72727272727273,21.40909090909091,42.27272727272727,8.272727272727273,8.590909090909092,1.1818181818181819,150.3181818181818,MT
1994-01-01,NEBRASKA,120.63636363636364,110.54545454545455,9.727272727272727,0.36363636363636365,0.0,0.0,0.0,75.0909090909091,45.18181818181818,24.90909090909091,25.0,0.0,30.454545454545453,0.0,65.18181818181819,NE
1994-01-01,NEVADA,198.55555555555554,128.88888888888889,61.888888888888886,7.444444444444445,0.3333333333333333,0.0,0.0,93.77777777777777,57.55555555555556,36.111111111111114,13.88888888888889,18.333333333333332,121.77777777777777,9.555555555555555,35.0,NV
1994-01-01,NEW HAMPSHIRE,248.875,212.125,28.5,6.5,1.625,0.125,0.0,140.0,58.875,32.25,11.875,30.375,182.75,0.0,23.875,NH
1994-01-01,NEW JERSEY,326.7647058823529,223.64705882352942,72.88235294117646,23.88235294117647,6.0588235294117645,0.29411764705882354,0.0,168.1764705882353,90.41176470588235,38.76470588235294,49.294117647058826,81.47058823529412,181.2941176470588,3.7058823529411766,11.0,NJ
1994-01-01,NEW MEXICO,215.41176470588235,179.2941176470588,33.0,2.823529411764706,0.17647058823529413,0.058823529411764705,0.058823529411764705,83.11764705882354,40.35294117647059,24.647058823529413,32.94117647058823,33.94117647058823,81.41176470588235,6.529411764705882,60.588235294117645,NM
1994-01-01,NEW YORK,289.02941176470586,229.23529411764707,46.794117647058826,10.705882352941176,2.0588235294117645,0.23529411764705882,0.0,140.38235294117646,66.20588235294117,32.8235294117647,10.823529411764707,39.76470588235294,224.2941176470588,0.0,14.147058823529411,NY
1994-01-01,NORTH CAROLINA,191.30434782608697,138.97826086956522,40.52173913043478,9.804347826086957,1.9130434782608696,0.08695652173913043,0.0,120.80434782608695,68.69565217391305,34.26086956521739,22.91304347826087,4.630434782608695,134.8695652173913,0.4782608695652174,28.41304347826087,NC
1994-01-01,NORTH DAKOTA,157.4,153.8,3.5,0.1,0.0,0.0,0.0,57.0,33.2,19.6,8.6,27.5,85.4,0.0,35.9,ND
1994-01-01,OHIO,232.60416666666666,165.08333333333334,45.333333333333336,17.458333333333332,4.541666666666667,0.1875,0.0,146.08333333333334,86.08333333333333,36.25,14.4375,18.354166666666668,147.66666666666666,0.0,52.145833333333336,OH
1994-01-01,OKLAHOMA,233.0,182.4,39.5,9.8,1.2,0.1,0.0,106.6,59.4,30.7,8.4,67.5,131.4,0.0,25.7,OK
1994-01-01,OREGON,235.92307692307693,196.23076923076923,38.53846153846154,1.0,0.15384615384615385,0.0,0.0,104.61538461538461,55.23076923076923,31.692307692307693,91.53846153846153,3.1538461538461537,41.92307692307692,3.5384615384615383,95.76923076923077,OR
1994-01-01,PENNSYLVANIA,342.44827586206895,243.55172413793105,71.37931034482759,21.79310344827586,5.172413793103448,0.5172413793103449,0.034482758620689655,182.24137931034483,88.03448275862068,39.689655172413794,19.17241379310345,131.86206896551724,179.86206896551724,0.0,11.551724137931034,PA
1994-01-01,RHODE ISLAND,286.0,215.5,46.0,19.0,4.0,1.5,0.0,214.0,93.0,40.0,27.0,84.0,156.5,0.0,18.5,RI
1994-01-01,SOUTH CAROLINA,313.8636363636364,251.13636363636363,53.77272727272727,7.454545454545454,1.5,0.0,0.0,145.45454545454547,67.31818181818181,36.09090909090909,2.1818181818181817,20.636363636363637,238.45454545454547,0.9545454545454546,51.63636363636363,SC
1994-01-01,SOUTH DAKOTA,146.5,123.25,23.25,0.0,0.0,0.0,0.0,63.25,44.75,23.5,0.0,0.0,0.0,26.25,120.25,SD
1994-01-01,TENNESSEE,255.7037037037037,173.96296296296296,62.2962962962963,15.851851851851851,3.4814814814814814,0.1111111111111111,0.0,153.25925925925927,83.33333333333333,39.592592592592595,10.333333333333334,39.148148148148145,186.25925925925927,0.7407407407407407,19.22222222222222,TN
1994-01-01,TEXAS,262.5769230769231,196.8846153846154,47.03846153846154,12.115384615384615,5.615384615384615,0.9230769230769231,0.0,151.96153846153845,74.38461538461539,33.30769230769231,7.6923076923076925,28.692307692307693,189.80769230769232,3.8461538461538463,32.53846153846154,TX
1994-01-01,UTAH,258.0,163.11111111111111,84.66666666666667,9.0,1.2222222222222223,0.0,0.0,105.33333333333333,64.55555555555556,36.22222222222222,18.555555555555557,69.55555555555556,92.33333333333333,11.88888888888889,65.66666666666667,UT
1994-01-01,VERMONT,199.6,170.6,25.4,3.4,0.2,0.0,0.0,92.0,52.0,27.2,9.8,69.2,73.6,11.0,36.0,VT
1994-01-01,VIRGINIA,190.42222222222222,137.88888888888889,40.46666666666667,10.644444444444444,1.3555555555555556,0.06666666666666667,0.0,110.2,65.73333333333333,32.28888888888889,16.266666666666666,43.84444444444444,100.86666666666666,1.488888888888889,27.955555555555556,VA
1994-01-01,WASHINGTON,225.6315789473684,194.8421052631579,29.63157894736842,0.8421052631578947,0.05263157894736842,0.2631578947368421,0.0,105.89473684210526,47.0,28.263157894736842,95.57894736842105,0.0,68.89473684210526,8.0,53.1578947368421,WA
1994-01-01,WEST VIRGINIA,272.5833333333333,204.66666666666666,51.916666666666664,12.5,3.0,0.5,0.0,151.33333333333334,75.0,32.833333333333336,33.083333333333336,15.916666666666666,160.66666666666666,4.416666666666667,58.5,WV
1994-01-01,WISCONSIN,218.56666666666666,188.36666666666667,23.133333333333333,5.133333333333334,1.6,0.3333333333333333,0.0,149.86666666666667,61.96666666666667,34.9,23.666666666666668,7.233333333333333,179.2,0.0,8.466666666666667,WI
1994-01-01,WYOMING,204.25,156.58333333333334,44.916666666666664,1.8333333333333333,0.4166666666666667,0.08333333333333333,0.4166666666666667,142.41666666666666,50.5,27.333333333333332,0.0,0.0,84.25,0.9166666666666666,119.08333333333333,WY
1995-01-01,ALABAMA,180.6,138.64,30.72,8.48,2.4,0.36,0.0,109.12,63.08,31.0,4.12,4.2,132.6,1.72,37.96,AL
1995-01-01,ALASKA,278.2,234.2,40.8,3.0,0.2,0.0,0.0,103.8,58.2,26.6,61.4,0.0,69.2,0.6,147.0,AK
1995-01-01,ARIZONA,202.7,123.4,66.8,10.5,2.0,0.0,0.0,108.0,64.0,37.0,12.0,20.7,115.4,19.2,35.4,AZ
1995-01-01,ARKANSAS,128.5,105.9,16.85,5.0,0.65,0.1,0.0,80.9,52.05,25.85,2.3,2.25,78.35,2.3,43.3,AR
1995-01-01,CALIFORNIA,340.6296296296296,220.14814814814815,72.4074074074074,28.74074074074074,13.277777777777779,5.833333333333333,0.2222222222222222,241.90740740740742,99.87037037037037,46.7962962962963,8.092592592592593,64.01851851851852,249.90740740740742,2.0,16.61111111111111,CA
1995-01-01,COLORADO,268.82758620689657,218.72413793103448,46.41379310344828,3.5172413793103448,0.1724137931034483,0.0,0.0,91.0,53.06896551724138,30.620689655172413,20.03448275862069,34.93103448275862,93.75862068965517,7.448275862068965,112.65517241379311,CO
1995-01-01,CONNECTICUT,295.25,226.0,45.125,14.25,6.625,3.25,0.0,216.5,92.25,39.875,20.625,69.25,189.625,0.0,15.75,CT
1995-01-01,DELAWARE,265.3333333333333,167.66666666666666,63.0,23.0,9.0,2.6666666666666665,0.0,214.0,115.0,44.0,4.333333333333333,38.666666666666664,206.0,0.0,16.333333333333332,DE
1995-01-01,DISTRICT OF COLUMBIA,365.0,198.0,113.0,35.0,16.0,3.0,0.0,219.0,115.0,48.0,26.0,164.0,127.0,45.0,3.0,DC
1995-01-01,FLORIDA,266.8965517241379,222.68965517241378,38.51724137931034,5.137931034482759,0.5517241379310345,0.0,0.0,115.3103448275862,56.13793103448276,33.172413793103445,12.03448275862069,14.068965517241379,220.48275862068965,4.241379310344827,16.06896551724138,FL
1995-01-01,GEORGIA,215.5,141.22222222222223,49.833333333333336,17.166666666666668,5.833333333333333,1.4444444444444444,0.0,151.94444444444446,88.55555555555556,38.55555555555556,4.388888888888889,20.444444444444443,169.33333333333334,5.555555555555555,15.777777777777779,GA
1995-01-01,HAWAII,199.25,198.5,0.75,0.0,0.0,0.0,0.0,50.25,33.75,23.75,37.0,0.5,119.0,14.0,28.75,HI
1995-01-01,IDAHO,146.8235294117647,136.47058823529412,10.352941176470589,0.0,0.0,0.0,0.0,66.3529411764706,41.94117647058823,23.058823529411764,35.411764705882355,10.705882352941176,21.58823529411765,11.058823529411764,68.05882352941177,ID
1995-01-01,ILLINOIS,309.2916666666667,243.20833333333334,48.541666666666664,12.791666666666666,4.333333333333333,0.4166666666666667,0.0,159.79166666666666,73.08333333333333,33.083333333333336,13.291666666666666,20.916666666666668,239.91666666666666,0.0,35.166666666666664,IL
1995-01-01,INDIANA,231.54166666666666,150.75,50.583333333333336,21.5,7.833333333333333,0.875,0.0,165.20833333333334,101.70833333333333,39.333333333333336,20.5,36.166666666666664,149.375,0.0,25.5,IN
1995-01-01,IOWA,243.33333333333334,208.88888888888889,31.444444444444443,2.6666666666666665,0.3333333333333333,0.0,0.0,96.11111111111111,52.55555555555556,30.0,11.222222222222221,0.0,123.66666666666667,0.0,108.44444444444444,IA
1995-01-01,KANSAS,139.8,111.6,20.2,6.9,1.0,0.1,0.0,90.1,53.5,26.6,11.1,14.3,76.2,0.0,38.2,KS
1995-01-01,KENTUCKY,237.59459459459458,159.56756756756758,57.054054054054056,16.91891891891892,3.918918918918919,0.13513513513513514,0.0,159.8918918918919,88.24324324324324,39.567567567567565,6.45945945945946,44.24324324324324,164.94594594594594,1.2162162162162162,20.72972972972973,KY
1995-01-01,LOUISIANA,327.1304347826087,247.43478260869566,52.69565217391305,21.782608695652176,4.913043478260869,0.30434782608695654,0.0,165.34782608695653,88.52173913043478,35.91304347826087,1.0869565217391304,30.347826086956523,289.5652173913044,0.0,6.130434782608695,LA
1995-01-01,MAINE,250.26666666666668,223.53333333333333,17.533333333333335,6.2,2.3333333333333335,0.6666666666666666,0.0,160.6,57.4,31.066666666666666,0.0,3.1333333333333333,202.93333333333334,4.0,40.2,ME
1995-01-01,MARYLAND,208.6875,141.375,36.0,19.0625,9.6875,2.5625,0.0,164.0,99.6875,40.1875,19.625,17.5,151.8125,0.0,19.75,MD
1995-01-01,MASSACHUSETTS,310.09090909090907,247.54545454545453,43.72727272727273,13.636363636363637,3.727272727272727,1.4545454545454546,0.0,185.0909090909091,78.0,37.36363636363637,13.909090909090908,106.0909090909091,187.45454545454547,0.0,2.6363636363636362,MA
1995-01-01,MICHIGAN,210.03703703703704,160.85185185185185,32.81481481481482,11.333333333333334,4.185185185185185,0.8518518518518519,0.0,162.88888888888889,82.81481481481481,34.148148148148145,16.555555555555557,29.14814814814815,147.55555555555554,0.0,16.77777777777778,MI
1995-01-01,MINNESOTA,290.7692307692308,268.3076923076923,18.53846153846154,3.3846153846153846,0.5384615384615384,0.0,0.0,97.76923076923077,45.15384615384615,27.0,87.46153846153847,66.6923076923077,110.07692307692308,1.0769230769230769,25.46153846153846,MN
1995-01-01,MISSISSIPPI,234.2,164.2,52.93333333333333,16.0,1.0666666666666667,0.0,0.0,132.2,81.8,37.53333333333333,3.1333333333333333,0.0,213.73333333333332,0.0,17.333333333333332,MS
1995-01-01,MISSOURI,270.53333333333336,203.33333333333334,46.86666666666667,13.266666666666667,6.266666666666667,0.8,0.0,141.13333333333333,75.2,31.866666666666667,30.333333333333332,75.66666666666667,115.0,0.0,49.53333333333333,MO
1995-01-01,MONTANA,217.0909090909091,204.1818181818182,12.863636363636363,0.045454545454545456,0.0,0.0,0.0,67.81818181818181,36.13636363636363,17.681818181818183,42.95454545454545,9.863636363636363,9.545454545454545,1.8636363636363635,152.86363636363637,MT
1995-01-01,NEBRASKA,118.58333333333333,107.5,10.416666666666666,0.6666666666666666,0.0,0.0,0.0,71.25,42.75,21.833333333333332,24.083333333333332,0.0,29.166666666666668,0.0,65.33333333333333,NE
1995-01-01,NEVADA,196.33333333333334,139.0,52.77777777777778,4.111111111111111,0.4444444444444444,0.0,0.0,94.0,55.333333333333336,35.22222222222222,12.88888888888889,13.666666666666666,120.33333333333333,9.0,40.44444444444444,NV
1995-01-01,NEW HAMPSHIRE,248.875,218.25,23.25,6.0,1.375,0.0,0.0,127.25,54.25,31.5,11.5,31.375,185.625,0.875,19.5,NH
1995-01-01,NEW JERSEY,328.47058823529414,236.1764705882353,63.94117647058823,17.352941176470587,8.294117647058824,2.7058823529411766,0.0,186.8235294117647,87.88235294117646,36.529411764705884,42.64705882352941,94.52941176470588,180.64705882352942,2.176470588235294,8.470588235294118,NJ
1995-01-01,NEW MEXICO,192.5,157.77777777777777,32.166666666666664,2.2777777777777777,0.2777777777777778,0.0,0.0,69.33333333333333,37.388888888888886,21.38888888888889,34.72222222222222,21.72222222222222,60.5,10.555555555555555,65.0,NM
1995-01-01,NEW YORK,280.77777777777777,228.16666666666666,39.27777777777778,9.333333333333334,3.4166666666666665,0.5833333333333334,0.0,152.55555555555554,63.666666666666664,31.833333333333332,8.694444444444445,41.111111111111114,218.66666666666666,0.0,12.305555555555555,NY
1995-01-01,NORTH CAROLINA,178.64705882352942,124.3529411764706,39.96078431372549,12.156862745098039,2.1176470588235294,0.058823529411764705,0.0,113.50980392156863,69.47058823529412,34.1764705882353,21.176470588235293,3.9607843137254903,123.90196078431373,0.7647058823529411,28.84313725490196,NC
1995-01-01,NORTH DAKOTA,185.0,180.22222222222223,4.666666666666667,0.1111111111111111,0.0,0.0,0.0,58.55555555555556,34.888888888888886,22.555555555555557,0.0,28.0,126.11111111111111,0.0,30.88888888888889,ND
1995-01-01,OHIO,236.84444444444443,165.3111111111111,48.31111111111111,16.533333333333335,6.2444444444444445,0.4444444444444444,0.0,158.88888888888889,89.04444444444445,37.08888888888889,12.777777777777779,25.444444444444443,149.93333333333334,0.0,48.68888888888889,OH
1995-01-01,OKLAHOMA,231.7,178.7,36.8,12.9,3.1,0.2,0.0,124.1,66.9,29.8,7.2,49.6,145.7,0.0,29.2,OK
1995-01-01,OREGON,238.46153846153845,212.15384615384616,25.153846153846153,1.0,0.15384615384615385,0.0,0.0,94.6923076923077,48.38461538461539,28.615384615384617,94.92307692307692,5.0,48.23076923076923,3.6923076923076925,86.61538461538461,OR
1995-01-01,PENNSYLVANIA,331.86206896551727,244.20689655172413,58.275862068965516,20.24137931034483,7.793103448275862,1.3448275862068966,0.0,184.0,91.13793103448276,37.793103448275865,16.896551724137932,125.48275862068965,175.51724137931035,0.0,13.96551724137931,PA
1995-01-01,RHODE ISLAND,297.5,245.5,33.0,11.0,5.0,3.0,0.0,225.5,80.0,39.0,24.5,83.0,173.0,0.0,17.0,RI
1995-01-01,SOUTH CAROLINA,302.45454545454544,227.4090909090909,63.40909090909091,10.227272727272727,1.2727272727272727,0.13636363636363635,0.0,144.04545454545453,74.63636363636364,36.90909090909091,1.6363636363636365,25.40909090909091,223.1818181818182,3.1363636363636362,49.09090909090909,SC
1995-01-01,SOUTH DAKOTA,147.25,126.5,20.75,0.0,0.0,0.0,0.0,65.25,40.25,21.75,0.0,0.0,0.0,25.75,121.5,SD
1995-01-01,TENNESSEE,212.1818181818182,141.1818181818182,48.75757575757576,17.12121212121212,4.7272727272727275,0.3939393939393939,0.0,136.75757575757575,80.15151515151516,39.93939393939394,10.030303030303031,41.39393939393939,141.21212121212122,0.6060606060606061,18.939393939393938,TN
1995-01-01,TEXAS,252.7037037037037,175.11111111111111,46.7037037037037,18.51851851851852,9.185185185185185,3.111111111111111,0.07407407407407407,165.8148148148148,89.81481481481481,33.77777777777778,6.666666666666667,28.22222222222222,188.07407407407408,4.777777777777778,24.962962962962962,TX
1995-01-01,UTAH,216.0,153.1818181818182,58.54545454545455,3.5454545454545454,0.7272727272727273,0.0,0.0,106.45454545454545,54.72727272727273,34.72727272727273,31.272727272727273,42.27272727272727,90.18181818181819,11.272727272727273,41.0,UT
1995-01-01,VERMONT,221.6,200.0,18.0,3.6,0.0,0.0,0.0,87.0,45.4,25.6,2.0,101.0,77.2,9.4,32.0,VT
1995-01-01,VIRGINIA,185.54545454545453,135.54545454545453,36.63636363636363,10.727272727272727,2.4318181818181817,0.20454545454545456,0.0,112.31818181818181,66.88636363636364,30.954545454545453,16.068181818181817,47.29545454545455,92.29545454545455,2.727272727272727,27.15909090909091,VA
1995-01-01,WASHINGTON,225.15,199.65,24.4,0.95,0.15,0.0,0.0,84.75,43.55,26.2,99.85,2.5,71.5,6.2,45.1,WA
1995-01-01,WEST VIRGINIA,238.76923076923077,174.23076923076923,48.76923076923077,12.538461538461538,3.076923076923077,0.15384615384615385,0.0,137.15384615384616,75.15384615384616,33.15384615384615,14.076923076923077,25.23076923076923,132.69230769230768,3.5384615384615383,63.23076923076923,WV
1995-01-01,WISCONSIN,217.25806451612902,174.0,29.580645161290324,9.451612903225806,3.2903225806451615,0.9354838709677419,0.0,166.25806451612902,81.29032258064517,35.87096774193548,21.838709677419356,7.0,180.29032258064515,0.0,8.129032258064516,WI
1995-01-01,WYOMING,169.35714285714286,144.78571428571428,24.0,0.35714285714285715,0.07142857142857142,0.07142857142857142,0.07142857142857142,110.0,44.642857142857146,22.928571428571427,0.0,0.0,59.92857142857143,3.857142857142857,105.57142857142857,WY
1996-01-01,ALABAMA,158.07692307692307,121.1923076923077,29.115384615384617,5.846153846153846,1.7692307692307692,0.15384615384615385,0.0,102.61538461538461,55.80769230769231,29.26923076923077,3.6153846153846154,1.4615384615384615,108.11538461538461,2.3076923076923075,42.57692307692308,AL
1996-01-01,ALASKA,325.25,273.25,50.25,1.75,0.0,0.0,0.0,90.25,57.0,28.5,77.5,0.0,75.75,4.5,167.5,AK
1996-01-01,ARIZONA,194.27272727272728,109.0,69.63636363636364,14.0,1.5454545454545454,0.09090909090909091,0.0,111.27272727272727,74.72727272727273,41.18181818181818,10.454545454545455,15.818181818181818,116.36363636363636,16.545454545454547,35.09090909090909,AZ
1996-01-01,ARKANSAS,127.15,110.15,14.15,2.5,0.35,0.0,0.0,75.5,43.7,24.5,2.2,2.5,76.25,2.0,44.2,AR
1996-01-01,CALIFORNIA,320.4642857142857,200.39285714285714,67.5,32.107142857142854,15.607142857142858,4.732142857142857,0.125,206.85714285714286,106.03571428571429,44.80357142857143,8.0,62.517857142857146,231.53571428571428,2.8035714285714284,15.607142857142858,CA
1996-01-01,COLORADO,271.0344827586207,215.0344827586207,50.724137931034484,5.206896551724138,0.06896551724137931,0.0,0.0,98.86206896551724,53.86206896551724,30.24137931034483,19.137931034482758,27.724137931034484,106.27586206896552,8.344827586206897,109.55172413793103,CO
1996-01-01,CONNECTICUT,266.0,201.0,48.25,12.125,4.125,0.5,0.0,185.375,82.625,39.0,23.375,60.0,158.375,0.0,24.25,CT
1996-01-01,DELAWARE,262.3333333333333,176.66666666666666,56.666666666666664,23.0,5.666666666666667,0.3333333333333333,0.0,189.66666666666666,106.0,42.0,1.3333333333333333,51.666666666666664,193.33333333333334,0.0,16.0,DE
1996-01-01,DISTRICT OF COLUMBIA,366.0,205.0,130.0,24.0,7.0,0.0,0.0,174.0,97.0,48.0,15.0,170.0,119.0,62.0,0.0,DC
1996-01-01,FLORIDA,271.34375,230.5,36.6875,3.8125,0.3125,0.03125,0.0,117.96875,53.03125,32.125,7.53125,11.875,227.875,4.4375,19.625,FL
1996-01-01,GEORGIA,185.35,129.65,41.35,9.75,4.1,0.5,0.0,129.15,70.9,35.2,0.55,28.85,133.15,5.05,17.75,GA
1996-01-01,HAWAII,222.0,221.33333333333334,0.6666666666666666,0.0,0.0,0.0,0.0,46.333333333333336,27.333333333333332,17.0,43.0,0.6666666666666666,58.333333333333336,22.0,98.0,HI
1996-01-01,IDAHO,141.33333333333334,125.88888888888889,14.0,1.1111111111111112,0.2222222222222222,0.05555555555555555,0.05555555555555555,92.5,49.666666666666664,25.11111111111111,27.5,16.166666666666668,17.38888888888889,10.666666666666666,69.61111111111111,ID
1996-01-01,ILLINOIS,308.7916666666667,256.625,41.208333333333336,8.791666666666666,1.9166666666666667,0.25,0.0,149.875,61.041666666666664,32.333333333333336,11.458333333333334,23.416666666666668,236.5,0.0,37.416666666666664,IL
1996-01-01,INDIANA,233.2173913043478,162.56521739130434,45.30434782608695,18.130434782608695,6.6521739130434785,0.5217391304347826,0.043478260869565216,176.52173913043478,91.91304347826087,37.43478260869565,23.82608695652174,32.130434782608695,150.6086956521739,0.0,26.652173913043477,IN
1996-01-01,IOWA,204.83333333333334,177.25,25.833333333333332,1.5833333333333333,0.16666666666666666,0.0,0.0,91.66666666666667,47.333333333333336,26.666666666666668,8.0,0.0,82.5,0.0,114.33333333333333,IA
1996-01-01,KANSAS,122.76923076923077,95.23076923076923,21.923076923076923,5.0,0.5384615384615384,0.07692307692307693,0.0,102.23076923076923,54.61538461538461,27.923076923076923,6.0,12.461538461538462,68.76923076923077,0.0,35.53846153846154,KS
1996-01-01,KENTUCKY,244.08333333333334,185.33333333333334,45.44444444444444,11.416666666666666,1.8055555555555556,0.08333333333333333,0.0,146.80555555555554,75.5,36.80555555555556,6.666666666666667,47.0,169.16666666666666,1.4444444444444444,19.805555555555557,KY
1996-01-01,LOUISIANA,343.09090909090907,280.90909090909093,49.63636363636363,10.409090909090908,2.0,0.13636363636363635,0.0,156.13636363636363,68.18181818181819,35.18181818181818,1.1363636363636365,35.27272727272727,302.04545454545456,0.0,4.636363636363637,LA
1996-01-01,MAINE,237.2,207.4,23.533333333333335,5.066666666666666,1.2,0.0,0.0,129.73333333333332,56.266666666666666,31.266666666666666,0.0,10.0,177.2,7.8,42.2,ME
1996-01-01,MARYLAND,239.0,165.53333333333333,46.86666666666667,20.866666666666667,5.4,0.3333333333333333,0.0,158.13333333333333,93.6,37.0,21.333333333333332,17.133333333333333,183.46666666666667,0.0,17.066666666666666,MD
1996-01-01,MASSACHUSETTS,289.1818181818182,224.72727272727272,52.54545454545455,9.454545454545455,2.1818181818181817,0.2727272727272727,0.0,153.8181818181818,70.9090909090909,36.90909090909091,13.363636363636363,75.81818181818181,193.27272727272728,0.0,6.7272727272727275,MA
1996-01-01,MICHIGAN,209.4814814814815,162.07407407407408,32.96296296296296,10.296296296296296,3.5555555555555554,0.5925925925925926,0.0,168.37037037037038,81.18518518518519,35.81481481481482,10.74074074074074,27.074074074074073,155.62962962962962,0.0,16.037037037037038,MI
1996-01-01,MINNESOTA,197.38888888888889,181.61111111111111,15.11111111111111,0.6666666666666666,0.0,0.0,0.0,73.05555555555556,35.44444444444444,21.833333333333332,43.333333333333336,49.0,80.44444444444444,0.5555555555555556,24.055555555555557,MN
1996-01-01,MISSISSIPPI,211.73333333333332,160.4,42.2,8.333333333333334,0.7333333333333333,0.06666666666666667,0.0,126.0,67.4,34.6,2.4,0.2,190.8,0.0,18.333333333333332,MS
1996-01-01,MISSOURI,256.75,190.25,46.8125,13.5625,3.6875,0.375,2.0625,232.25,99.0,34.3125,15.3125,67.5625,121.75,0.0,52.125,MO
1996-01-01,MONTANA,210.45454545454547,198.0909090909091,12.181818181818182,0.18181818181818182,0.0,0.0,0.0,71.4090909090909,36.63636363636363,18.636363636363637,45.54545454545455,10.090909090909092,6.7727272727272725,2.1363636363636362,145.9090909090909,MT
1996-01-01,NEBRASKA,160.75,148.375,12.25,0.0,0.125,0.0,0.0,78.375,45.0,25.625,30.875,0.0,44.625,0.0,85.25,NE
1996-01-01,NEVADA,199.11111111111111,126.66666666666667,61.22222222222222,10.777777777777779,0.3333333333333333,0.1111111111111111,0.0,122.11111111111111,62.0,35.333333333333336,9.444444444444445,15.222222222222221,121.55555555555556,7.666666666666667,45.22222222222222,NV
1996-01-01,NEW HAMPSHIRE,251.6,220.2,25.3,4.5,1.6,0.0,0.0,149.8,54.8,34.7,3.6,29.3,204.0,0.5,14.2,NH
1996-01-01,NEW JERSEY,326.88235294117646,234.05882352941177,69.41176470588235,17.11764705882353,6.0588235294117645,0.23529411764705882,0.0,163.41176470588235,80.3529411764706,37.294117647058826,41.23529411764706,98.0,175.76470588235293,2.1176470588235294,9.764705882352942,NJ
1996-01-01,NEW MEXICO,190.05555555555554,149.11111111111111,35.55555555555556,4.555555555555555,0.4444444444444444,0.1111111111111111,0.2777777777777778,138.72222222222223,41.333333333333336,23.055555555555557,32.611111111111114,26.77777777777778,58.388888888888886,10.833333333333334,61.44444444444444,NM
1996-01-01,NEW YORK,285.9428571428571,237.02857142857144,39.857142857142854,6.885714285714286,2.142857142857143,0.02857142857142857,0.0,140.22857142857143,59.94285714285714,32.51428571428571,12.257142857142858,38.25714285714286,221.4,0.0,14.028571428571428,NY
1996-01-01,NORTH CAROLINA,189.04347826086956,130.3913043478261,42.47826086956522,13.673913043478262,2.4130434782608696,0.08695652173913043,0.0,119.52173913043478,73.47826086956522,36.69565217391305,25.08695652173913,4.717391304347826,127.56521739130434,0.6956521739130435,30.97826086956522,NC
1996-01-01,NORTH DAKOTA,205.33333333333334,195.11111111111111,10.11111111111111,0.1111111111111111,0.0,0.0,0.0,65.88888888888889,35.44444444444444,23.555555555555557,0.0,28.22222222222222,149.88888888888889,0.0,27.22222222222222,ND
1996-01-01,OHIO,218.79545454545453,157.63636363636363,39.72727272727273,15.795454545454545,5.2727272727272725,0.36363636363636365,0.0,152.5681818181818,85.77272727272727,35.97727272727273,12.613636363636363,17.545454545454547,142.4090909090909,0.0,46.22727272727273,OH
1996-01-01,OKLAHOMA,221.72727272727272,182.0909090909091,33.0,5.7272727272727275,0.8181818181818182,0.09090909090909091,0.0,105.18181818181819,54.18181818181818,28.818181818181817,4.7272727272727275,73.0,115.27272727272727,0.0,28.727272727272727,OK
1996-01-01,OREGON,253.08333333333334,223.91666666666666,23.916666666666668,3.8333333333333335,1.1666666666666667,0.25,0.0,119.91666666666667,55.5,28.583333333333332,108.0,1.9166666666666667,56.5,3.5,83.16666666666667,OR
1996-01-01,PENNSYLVANIA,316.19354838709677,235.90322580645162,57.225806451612904,18.903225806451612,3.935483870967742,0.1935483870967742,0.03225806451612903,171.7741935483871,84.45161290322581,38.54838709677419,14.64516129032258,113.6774193548387,170.0,0.0,17.870967741935484,PA
1996-01-01,RHODE ISLAND,301.0,242.0,49.0,7.5,2.5,0.0,0.0,186.0,70.0,40.0,11.0,99.5,172.0,0.0,18.5,RI
1996-01-01,SOUTH CAROLINA,310.04545454545456,241.0909090909091,57.54545454545455,10.181818181818182,1.1818181818181819,0.045454545454545456,0.0,147.45454545454547,72.36363636363636,37.81818181818182,1.0909090909090908,21.818181818181817,231.8181818181818,3.0,52.31818181818182,SC
1996-01-01,SOUTH DAKOTA,147.0,123.75,22.5,0.75,0.0,0.0,0.0,77.5,37.25,21.25,0.0,0.0,0.0,25.5,121.5,SD
1996-01-01,TENNESSEE,209.8125,139.875,47.75,18.1875,3.875,0.125,0.0,131.125,80.6875,38.40625,8.6875,32.59375,142.3125,0.90625,25.3125,TN
1996-01-01,TEXAS,267.85185185185185,208.44444444444446,44.22222222222222,11.222222222222221,3.185185185185185,0.7407407407407407,0.037037037037037035,152.4814814814815,66.55555555555556,33.111111111111114,5.555555555555555,33.03703703703704,200.59259259259258,4.111111111111111,24.555555555555557,TX
1996-01-01,UTAH,244.72727272727272,155.1818181818182,74.9090909090909,13.454545454545455,1.0909090909090908,0.09090909090909091,0.0,115.0909090909091,68.63636363636364,34.09090909090909,31.272727272727273,61.81818181818182,101.45454545454545,10.454545454545455,39.72727272727273,UT
1996-01-01,VERMONT,220.4,200.0,18.2,1.4,0.8,0.0,0.0,95.8,42.8,25.6,6.8,97.6,74.8,9.2,32.0,VT
1996-01-01,VIRGINIA,191.14285714285714,145.04761904761904,37.285714285714285,8.047619047619047,0.7619047619047619,0.0,0.0,103.33333333333333,60.57142857142857,30.61904761904762,17.047619047619047,49.76190476190476,93.19047619047619,2.9761904761904763,28.166666666666668,VA
1996-01-01,WASHINGTON,241.65,217.25,22.3,1.55,0.55,0.0,0.0,99.45,51.55,28.15,89.4,3.4,95.75,7.95,45.15,WA
1996-01-01,WEST VIRGINIA,223.28571428571428,174.5,38.642857142857146,8.571428571428571,1.5714285714285714,0.0,0.0,125.0,64.85714285714286,30.928571428571427,13.5,30.071428571428573,116.21428571428571,3.0,60.5,WV
1996-01-01,WISCONSIN,227.06666666666666,192.16666666666666,25.766666666666666,7.066666666666666,1.6666666666666667,0.4,0.0,163.2,68.66666666666667,37.2,22.3,7.666666666666667,189.76666666666668,0.0,7.333333333333333,WI
1996-01-01,WYOMING,155.35714285714286,130.42857142857142,24.142857142857142,0.7857142857142857,0.0,0.0,0.0,74.21428571428571,43.785714285714285,22.571428571428573,0.0,0.0,62.785714285714285,3.4285714285714284,89.14285714285714,WY
1997-01-01,ALABAMA,147.69230769230768,114.0,26.884615384615383,6.115384615384615,0.6538461538461539,0.038461538461538464,0.0,89.46153846153847,56.88461538461539,28.384615384615383,5.076923076923077,0.23076923076923078,92.03846153846153,1.6538461538461537,48.69230769230769,AL
1997-01-01,ALASKA,299.75,260.0,38.5,1.0,0.25,0.0,0.0,106.75,48.75,27.75,76.5,0.0,77.5,3.25,142.5,AK
1997-01-01,ARIZONA,214.54545454545453,129.36363636363637,70.81818181818181,12.909090909090908,1.3636363636363635,0.0,0.09090909090909091,128.45454545454547,69.18181818181819,40.18181818181818,4.2727272727272725,10.363636363636363,145.54545454545453,14.727272727272727,39.63636363636363,AZ
1997-01-01,ARKANSAS,132.95,110.25,19.5,2.85,0.35,0.0,0.0,79.1,43.7,23.35,2.0,2.1,84.5,1.6,42.75,AR
1997-01-01,CALIFORNIA,325.07142857142856,219.85714285714286,68.53571428571429,25.053571428571427,9.285714285714286,2.232142857142857,0.10714285714285714,191.10714285714286,85.19642857142857,44.07142857142857,8.696428571428571,61.214285714285715,229.83928571428572,2.5357142857142856,22.785714285714285,CA
1997-01-01,COLORADO,259.48275862068965,211.72413793103448,45.206896551724135,2.5517241379310347,0.0,0.0,0.0,87.41379310344827,49.310344827586206,29.551724137931036,19.75862068965517,24.448275862068964,99.24137931034483,9.275862068965518,106.75862068965517,CO
1997-01-01,CONNECTICUT,281.375,209.875,47.875,11.0,9.5,3.125,0.0,232.375,92.25,41.25,19.25,60.5,184.0,0.0,17.625,CT
1997-01-01,DELAWARE,281.6666666666667,193.33333333333334,50.333333333333336,24.666666666666668,11.0,2.3333333333333335,0.0,215.0,121.0,43.333333333333336,4.0,44.333333333333336,223.33333333333334,0.0,10.0,DE
1997-01-01,DISTRICT OF COLUMBIA,365.0,209.0,114.0,23.0,16.0,3.0,0.0,224.0,108.0,47.0,7.0,177.0,120.0,61.0,0.0,DC
1997-01-01,FLORIDA,274.52941176470586,227.2941176470588,38.6764705882353,7.764705882352941,0.7941176470588235,0.0,0.0,114.38235294117646,58.205882352941174,32.26470588235294,6.764705882352941,11.117647058823529,216.94117647058823,4.588235294117647,35.11764705882353,FL
1997-01-01,GEORGIA,192.6818181818182,132.54545454545453,43.0,12.772727272727273,3.8181818181818183,0.5454545454545454,0.0,140.45454545454547,83.81818181818181,36.36363636363637,2.0,25.181818181818183,134.77272727272728,4.5,26.227272727272727,GA
1997-01-01,HAWAII,259.3333333333333,257.6666666666667,1.6666666666666667,0.0,0.0,0.0,0.0,50.333333333333336,29.666666666666668,19.333333333333332,19.0,5.333333333333333,89.66666666666667,3.3333333333333335,142.0,HI
1997-01-01,IDAHO,153.27777777777777,135.44444444444446,16.11111111111111,1.3888888888888888,0.2777777777777778,0.05555555555555555,0.0,78.83333333333333,43.333333333333336,24.88888888888889,22.22222222222222,20.5,15.88888888888889,10.61111111111111,84.05555555555556,ID
1997-01-01,ILLINOIS,310.68,257.52,44.68,7.24,1.08,0.16,0.0,134.8,61.28,33.36,9.32,23.28,243.48,0.0,34.6,IL
1997-01-01,INDIANA,224.11111111111111,160.7037037037037,44.333333333333336,14.185185185185185,4.592592592592593,0.2962962962962963,0.0,158.77777777777777,87.37037037037037,37.592592592592595,20.703703703703702,21.77777777777778,151.96296296296296,0.0,29.666666666666668,IN
1997-01-01,IOWA,194.3125,164.1875,28.9375,1.1875,0.0,0.0,0.0,84.0,51.25,29.8125,3.8125,0.0,104.75,0.0,85.75,IA
1997-01-01,KANSAS,126.92307692307692,99.38461538461539,22.846153846153847,4.384615384615385,0.3076923076923077,0.0,0.0,82.6923076923077,48.0,26.0,2.769230769230769,14.153846153846153,72.6923076923077,0.0,37.30769230769231,KS
1997-01-01,KENTUCKY,250.94444444444446,190.5,47.19444444444444,11.13888888888889,1.9722222222222223,0.1388888888888889,0.0,143.80555555555554,73.52777777777777,35.638888888888886,7.25,44.388888888888886,177.86111111111111,1.8611111111111112,19.583333333333332,KY
1997-01-01,LOUISIANA,348.5,265.22727272727275,63.27272727272727,16.818181818181817,3.0,0.18181818181818182,0.0,165.54545454545453,81.86363636363636,36.31818181818182,0.8181818181818182,33.72727272727273,309.09090909090907,0.0,4.863636363636363,LA
1997-01-01,MAINE,236.0,206.30769230769232,21.76923076923077,5.153846153846154,2.076923076923077,0.6923076923076923,0.0,147.07692307692307,57.15384615384615,31.23076923076923,0.0,13.461538461538462,175.30769230769232,11.76923076923077,35.46153846153846,ME
1997-01-01,MARYLAND,241.73333333333332,163.2,43.733333333333334,21.266666666666666,10.666666666666666,2.8666666666666667,0.0,182.46666666666667,105.93333333333334,38.13333333333333,12.066666666666666,17.066666666666666,195.93333333333334,0.0,16.666666666666668,MD
1997-01-01,MASSACHUSETTS,282.54545454545456,223.0,43.09090909090909,10.090909090909092,5.363636363636363,1.0,0.0,174.9090909090909,74.0909090909091,35.36363636363637,19.818181818181817,67.0909090909091,190.27272727272728,0.0,5.363636363636363,MA
1997-01-01,MICHIGAN,212.4,164.6,35.28,9.48,2.96,0.08,0.0,154.6,76.6,35.12,9.84,16.48,166.88,0.0,19.2,MI
1997-01-01,MINNESOTA,149.45454545454547,141.4090909090909,7.2727272727272725,0.7727272727272727,0.0,0.0,0.0,55.59090909090909,29.636363636363637,18.59090909090909,22.863636363636363,34.45454545454545,63.31818181818182,0.6363636363636364,28.181818181818183,MN
1997-01-01,MISSISSIPPI,218.13333333333333,144.66666666666666,60.333333333333336,11.933333333333334,1.1333333333333333,0.06666666666666667,0.0,133.4,80.66666666666667,39.333333333333336,3.4,3.8,187.93333333333334,0.0,23.0,MS
1997-01-01,MISSOURI,265.26666666666665,203.46666666666667,47.86666666666667,10.733333333333333,2.0,0.2,1.0,168.26666666666668,87.46666666666667,33.4,22.466666666666665,72.46666666666667,124.73333333333333,0.0,45.6,MO
1997-01-01,MONTANA,211.4090909090909,201.8181818181818,9.454545454545455,0.13636363636363635,0.0,0.0,0.0,65.95454545454545,35.77272727272727,17.90909090909091,49.40909090909091,8.5,4.090909090909091,1.7727272727272727,147.63636363636363,MT
1997-01-01,NEBRASKA,165.71428571428572,148.42857142857142,16.714285714285715,0.5714285714285714,0.0,0.0,0.0,80.28571428571429,45.714285714285715,26.428571428571427,36.0,0.0,52.0,0.0,77.71428571428571,NE
1997-01-01,NEVADA,232.88888888888889,167.44444444444446,59.666666666666664,5.666666666666667,0.1111111111111111,0.0,0.0,95.44444444444444,55.55555555555556,35.888888888888886,18.444444444444443,14.11111111111111,155.44444444444446,6.333333333333333,38.55555555555556,NV
1997-01-01,NEW HAMPSHIRE,245.6,217.8,21.1,4.7,1.5,0.5,0.0,178.3,53.9,35.0,6.4,31.3,190.6,0.6,16.7,NH
1997-01-01,NEW JERSEY,327.70588235294116,240.1764705882353,60.05882352941177,16.764705882352942,8.647058823529411,2.0588235294117645,0.0,185.11764705882354,85.6470588235294,37.23529411764706,34.94117647058823,92.70588235294117,189.7058823529412,2.411764705882353,7.9411764705882355,NJ
1997-01-01,NEW MEXICO,215.9375,176.3125,35.3125,3.8125,0.0625,0.0625,0.375,139.0,41.25,24.125,18.3125,31.5,89.6875,12.875,63.5625,NM
1997-01-01,NEW YORK,301.8484848484849,254.27272727272728,34.696969696969695,9.303030303030303,3.0606060606060606,0.5151515151515151,0.0,151.84848484848484,61.27272727272727,33.21212121212121,16.393939393939394,37.696969696969695,235.5151515151515,0.0,12.242424242424242,NY
1997-01-01,NORTH CAROLINA,200.6078431372549,128.52941176470588,49.64705882352941,18.294117647058822,3.980392156862745,0.1568627450980392,0.0,129.27450980392157,81.15686274509804,38.470588235294116,20.294117647058822,5.098039215686274,147.31372549019608,0.8431372549019608,27.058823529411764,NC
1997-01-01,NORTH DAKOTA,189.9,177.6,11.2,1.1,0.0,0.0,0.0,72.9,37.0,22.8,0.0,24.2,136.9,0.0,28.8,ND
1997-01-01,OHIO,236.0625,173.4375,44.583333333333336,14.208333333333334,3.7291666666666665,0.10416666666666667,0.0,153.85416666666666,82.16666666666667,36.4375,10.916666666666666,14.916666666666666,166.875,0.0,43.354166666666664,OH
1997-01-01,OKLAHOMA,206.71428571428572,166.28571428571428,32.92857142857143,6.357142857142857,1.1428571428571428,0.0,0.0,102.21428571428571,56.857142857142854,29.571428571428573,3.2142857142857144,67.28571428571429,116.57142857142857,0.0,19.642857142857142,OK
1997-01-01,OREGON,255.83333333333334,234.91666666666666,20.75,0.16666666666666666,0.0,0.0,0.0,80.25,46.333333333333336,28.083333333333332,110.33333333333333,4.083333333333333,57.166666666666664,3.9166666666666665,80.33333333333333,OR
1997-01-01,PENNSYLVANIA,309.29411764705884,232.97058823529412,50.55882352941177,17.323529411764707,7.470588235294118,0.9705882352941176,0.0,184.52941176470588,89.0,39.05882352941177,12.176470588235293,105.1470588235294,176.85294117647058,0.0,15.117647058823529,PA
1997-01-01,RHODE ISLAND,214.0,173.66666666666666,28.666666666666668,6.0,5.333333333333333,0.3333333333333333,0.0,186.33333333333334,82.66666666666667,40.333333333333336,3.6666666666666665,81.33333333333333,117.33333333333333,0.0,11.666666666666666,RI
1997-01-01,SOUTH CAROLINA,302.1818181818182,212.54545454545453,70.5909090909091,17.40909090909091,1.6363636363636365,0.0,0.0,143.5909090909091,84.27272727272727,40.86363636363637,1.3636363636363635,26.90909090909091,227.0909090909091,2.5454545454545454,44.27272727272727,SC
1997-01-01,SOUTH DAKOTA,147.25,121.0,25.75,0.5,0.0,0.0,0.0,75.75,40.75,22.0,0.0,0.0,0.0,25.75,121.5,SD
1997-01-01,TENNESSEE,221.6875,141.0625,55.625,20.03125,4.75,0.21875,0.0,136.15625,86.5625,39.0625,7.125,29.46875,156.5,0.96875,27.625,TN
1997-01-01,TEXAS,323.04347826086956,243.52173913043478,54.43478260869565,17.608695652173914,5.913043478260869,1.565217391304348,0.0,167.2173913043478,83.95652173913044,36.30434782608695,4.130434782608695,37.34782608695652,258.2173913043478,5.391304347826087,17.956521739130434,TX
1997-01-01,UTAH,239.9090909090909,172.72727272727272,62.63636363636363,4.363636363636363,0.18181818181818182,0.0,0.0,100.9090909090909,53.45454545454545,32.54545454545455,27.09090909090909,57.0,102.9090909090909,10.909090909090908,42.0,UT
1997-01-01,VERMONT,216.8,200.2,13.8,2.4,0.4,0.0,0.0,89.0,44.6,27.0,8.4,100.4,67.4,8.4,32.2,VT
1997-01-01,VIRGINIA,191.67441860465115,138.7674418604651,36.883720930232556,12.86046511627907,2.9302325581395348,0.23255813953488372,0.0,118.27906976744185,70.79069767441861,31.209302325581394,17.72093023255814,45.04651162790697,98.32558139534883,3.0697674418604652,27.511627906976745,VA
1997-01-01,WASHINGTON,237.45,214.95,21.8,0.6,0.1,0.0,0.0,91.95,47.75,28.25,58.0,4.05,110.2,10.6,54.6,WA
1997-01-01,WEST VIRGINIA,230.0,182.35714285714286,37.285714285714285,9.142857142857142,1.0714285714285714,0.14285714285714285,0.0,123.85714285714286,63.714285714285715,31.0,12.5,25.428571428571427,129.85714285714286,3.857142857142857,58.357142857142854,WV
1997-01-01,WISCONSIN,226.66666666666666,185.7,32.56666666666667,6.433333333333334,1.4333333333333333,0.5333333333333333,0.0,160.63333333333333,71.23333333333333,37.0,22.033333333333335,7.466666666666667,187.56666666666666,3.1,6.5,WI
1997-01-01,WYOMING,166.21428571428572,142.21428571428572,23.357142857142858,0.6428571428571429,0.0,0.0,0.0,77.5,40.357142857142854,23.5,0.0,0.0,73.92857142857143,0.7857142857142857,91.5,WY
1998-01-01,ALABAMA,151.08,105.76,31.12,10.16,3.48,0.56,0.0,110.48,67.56,32.96,4.08,0.36,96.4,2.8,47.44,AL
1998-01-01,ALASKA,217.8,187.6,29.2,0.8,0.2,0.0,0.0,99.0,46.4,24.2,65.0,0.0,70.4,0.8,81.6,AK
1998-01-01,ARIZONA,225.3,117.2,85.1,19.7,3.2,0.1,0.0,127.7,81.3,44.6,2.6,12.5,160.7,16.3,33.2,AZ
1998-01-01,ARKANSAS,360.0,264.0,74.8,19.0,2.2,0.0,0.0,162.0,83.6,39.2,15.0,7.6,326.0,9.0,2.4,AR
1998-01-01,CALIFORNIA,329.2142857142857,220.42857142857142,65.08928571428571,26.732142857142858,12.392857142857142,4.464285714285714,0.10714285714285714,193.98214285714286,99.82142857142857,42.464285714285715,7.571428571428571,60.089285714285715,243.60714285714286,5.160714285714286,12.785714285714286,CA
1998-01-01,COLORADO,263.0689655172414,202.10344827586206,55.206896551724135,5.0344827586206895,0.7241379310344828,0.0,0.0,100.0,54.724137931034484,31.06896551724138,16.413793103448278,24.344827586206897,106.79310344827586,7.896551724137931,107.62068965517241,CO
1998-01-01,CONNECTICUT,302.125,217.375,59.375,18.0,6.375,1.0,0.0,202.25,95.75,42.125,13.75,63.125,212.5,0.0,12.75,CT
1998-01-01,DELAWARE,293.0,173.33333333333334,72.66666666666667,29.0,16.666666666666668,1.3333333333333333,0.0,207.33333333333334,128.33333333333334,46.666666666666664,2.0,43.666666666666664,246.33333333333334,0.0,1.0,DE
1998-01-01,DISTRICT OF COLUMBIA,365.0,196.0,114.0,35.0,19.0,1.0,0.0,202.0,122.0,49.0,7.0,169.0,132.0,56.0,1.0,DC
1998-01-01,FLORIDA,269.1714285714286,210.6,43.542857142857144,11.285714285714286,3.342857142857143,0.4,0.0,150.42857142857142,68.45714285714286,33.457142857142856,4.142857142857143,8.628571428571428,221.4,4.228571428571429,30.771428571428572,FL
1998-01-01,GEORGIA,206.8695652173913,123.78260869565217,50.65217391304348,19.782608695652176,10.043478260869565,2.608695652173913,0.0,161.65217391304347,102.6086956521739,41.608695652173914,3.4782608695652173,25.347826086956523,145.8695652173913,4.130434782608695,28.043478260869566,GA
1998-01-01,HAWAII,252.33333333333334,241.66666666666666,10.666666666666666,0.0,0.0,0.0,0.0,64.0,36.666666666666664,22.333333333333332,8.666666666666666,1.3333333333333333,104.33333333333333,5.333333333333333,132.66666666666666,HI
1998-01-01,IDAHO,146.38888888888889,130.88888888888889,14.61111111111111,0.6666666666666666,0.1111111111111111,0.1111111111111111,0.0,100.38888888888889,46.111111111111114,24.0,19.555555555555557,23.27777777777778,19.61111111111111,12.277777777777779,71.66666666666667,ID
1998-01-01,ILLINOIS,319.9166666666667,249.125,57.625,11.375,1.75,0.041666666666666664,0.0,145.45833333333334,70.20833333333333,35.166666666666664,9.083333333333334,16.375,255.91666666666666,5.583333333333333,32.958333333333336,IL
1998-01-01,INDIANA,214.07407407407408,124.11111111111111,59.0,23.333333333333332,7.0,0.6296296296296297,0.0,172.22222222222223,104.62962962962963,46.148148148148145,13.037037037037036,30.48148148148148,146.0,0.0,24.555555555555557,IN
1998-01-01,IOWA,229.0,198.0,28.857142857142858,1.9285714285714286,0.14285714285714285,0.07142857142857142,0.0,107.85714285714286,52.42857142857143,31.5,12.857142857142858,0.0,128.92857142857142,0.0,87.21428571428571,IA
1998-01-01,KANSAS,192.75,146.75,36.875,7.75,1.25,0.125,0.0,108.375,60.875,29.25,7.5,21.625,87.5,0.0,76.125,KS
1998-01-01,KENTUCKY,247.16216216216216,160.32432432432432,57.891891891891895,23.18918918918919,5.324324324324325,0.43243243243243246,0.0,168.64864864864865,95.37837837837837,40.513513513513516,8.513513513513514,41.189189189189186,175.32432432432432,1.2972972972972974,20.83783783783784,KY
1998-01-01,LOUISIANA,360.04761904761904,280.0,56.476190476190474,18.095238095238095,4.9523809523809526,0.5238095238095238,0.0,183.42857142857142,83.0,37.333333333333336,0.38095238095238093,38.04761904761905,321.6190476190476,0.0,0.0,LA
1998-01-01,MAINE,229.35714285714286,194.57142857142858,26.571428571428573,5.571428571428571,2.0714285714285716,0.5714285714285714,0.0,147.64285714285714,59.5,32.642857142857146,0.0,10.714285714285714,179.85714285714286,8.0,30.785714285714285,ME
1998-01-01,MARYLAND,223.0625,133.25,47.4375,26.125,14.75,1.5,0.0,173.6875,118.9375,43.5625,5.4375,25.0625,179.5,0.0,13.0625,MD
1998-01-01,MASSACHUSETTS,310.5,235.8,57.2,13.1,3.7,0.7,0.0,178.7,75.2,36.4,11.8,69.9,221.1,0.0,7.7,MA
1998-01-01,MICHIGAN,203.96153846153845,136.30769230769232,45.30769230769231,17.346153846153847,4.769230769230769,0.23076923076923078,0.0,166.57692307692307,95.34615384615384,39.03846153846154,11.807692307692308,9.576923076923077,170.0,0.0,12.576923076923077,MI
1998-01-01,MINNESOTA,170.05263157894737,154.6315789473684,14.157894736842104,1.1578947368421053,0.10526315789473684,0.0,0.0,70.89473684210526,35.63157894736842,21.05263157894737,27.0,31.31578947368421,84.89473684210526,1.0526315789473684,25.789473684210527,MN
1998-01-01,MISSISSIPPI,214.0,137.35714285714286,52.714285714285715,19.928571428571427,3.9285714285714284,0.07142857142857142,0.0,146.21428571428572,91.28571428571429,39.357142857142854,2.5714285714285716,10.285714285714286,173.92857142857142,0.0,27.214285714285715,MS
1998-01-01,MISSOURI,286.53846153846155,200.6153846153846,64.76923076923077,16.692307692307693,4.153846153846154,0.3076923076923077,0.0,164.6153846153846,88.76923076923077,39.61538461538461,13.307692307692308,80.15384615384616,155.30769230769232,0.0,37.76923076923077,MO
1998-01-01,MONTANA,280.7857142857143,263.2857142857143,17.071428571428573,0.42857142857142855,0.0,0.0,0.0,88.71428571428571,43.5,21.785714285714285,89.0,6.071428571428571,13.285714285714286,3.9285714285714284,168.5,MT
1998-01-01,NEBRASKA,124.71428571428571,110.85714285714286,12.857142857142858,0.7142857142857143,0.2857142857142857,0.0,0.0,83.14285714285714,49.42857142857143,25.142857142857142,44.285714285714285,0.0,50.57142857142857,0.0,29.857142857142858,NE
1998-01-01,NEVADA,238.11111111111111,169.22222222222223,58.888888888888886,8.777777777777779,1.1111111111111112,0.1111111111111111,0.0,108.55555555555556,60.111111111111114,32.666666666666664,16.555555555555557,4.666666666666667,166.0,9.777777777777779,41.111111111111114,NV
1998-01-01,NEW HAMPSHIRE,260.4,223.6,31.1,5.0,0.7,0.0,0.0,139.6,58.4,34.9,4.6,29.3,210.3,1.1,15.1,NH
1998-01-01,NEW JERSEY,337.4117647058824,237.2941176470588,66.41176470588235,20.941176470588236,12.411764705882353,0.35294117647058826,0.0,170.64705882352942,99.47058823529412,37.35294117647059,45.411764705882355,85.58823529411765,197.76470588235293,2.0,6.647058823529412,NJ
1998-01-01,NEW MEXICO,217.625,162.625,49.125,4.875,0.5625,0.1875,0.25,151.875,47.125,27.0,18.5,14.4375,110.3125,14.5625,59.8125,NM
1998-01-01,NEW YORK,292.61764705882354,231.23529411764707,46.088235294117645,11.588235294117647,3.5,0.20588235294117646,0.0,150.44117647058823,73.76470588235294,33.76470588235294,13.941176470588236,39.294117647058826,225.76470588235293,0.0,13.617647058823529,NY
1998-01-01,NORTH CAROLINA,208.30434782608697,123.80434782608695,50.891304347826086,24.456521739130434,8.608695652173912,0.5434782608695652,0.0,153.32608695652175,98.6086956521739,42.869565217391305,20.76086956521739,5.695652173913044,160.97826086956522,0.782608695652174,20.08695652173913,NC
1998-01-01,NORTH DAKOTA,149.07692307692307,137.30769230769232,11.307692307692308,0.46153846153846156,0.0,0.0,0.0,63.61538461538461,37.69230769230769,23.153846153846153,0.0,10.0,115.61538461538461,0.0,23.46153846153846,ND
1998-01-01,OHIO,234.26530612244898,153.55102040816325,51.30612244897959,21.428571428571427,7.571428571428571,0.40816326530612246,0.0,161.85714285714286,98.36734693877551,39.3469387755102,13.46938775510204,12.142857142857142,163.46938775510205,0.0,45.183673469387756,OH
1998-01-01,OKLAHOMA,264.0769230769231,177.92307692307693,61.69230769230769,21.23076923076923,2.923076923076923,0.3076923076923077,0.0,146.46153846153845,82.92307692307692,38.46153846153846,3.4615384615384617,65.0,193.23076923076923,0.0,2.3846153846153846,OK
1998-01-01,OREGON,249.33333333333334,232.0,14.0,2.6666666666666665,0.5833333333333334,0.08333333333333333,0.0,112.5,45.5,26.833333333333332,110.08333333333333,4.583333333333333,58.083333333333336,4.0,72.58333333333333,OR
1998-01-01,PENNSYLVANIA,329.6363636363636,229.06060606060606,60.75757575757576,26.393939393939394,12.636363636363637,0.7878787878787878,0.0,187.27272727272728,108.84848484848484,41.78787878787879,13.212121212121213,113.33333333333333,197.0,0.0,6.090909090909091,PA
1998-01-01,RHODE ISLAND,265.3333333333333,211.66666666666666,42.0,9.666666666666666,2.0,0.0,0.0,168.66666666666666,72.0,40.0,3.6666666666666665,79.0,174.0,0.0,8.666666666666666,RI
1998-01-01,SOUTH CAROLINA,299.90909090909093,197.9090909090909,69.31818181818181,25.227272727272727,7.2272727272727275,0.22727272727272727,0.0,167.0,99.63636363636364,42.81818181818182,2.6363636363636362,21.0,230.0,2.4545454545454546,43.81818181818182,SC
1998-01-01,SOUTH DAKOTA,171.25,161.25,10.0,0.0,0.0,0.0,0.0,63.25,41.25,20.25,0.0,0.0,0.0,25.5,145.75,SD
1998-01-01,TENNESSEE,234.6,142.96666666666667,57.2,24.066666666666666,8.833333333333334,1.5333333333333334,0.0,146.1,95.73333333333333,42.43333333333333,8.366666666666667,37.4,158.0,0.9,29.933333333333334,TN
1998-01-01,TEXAS,332.4583333333333,238.54166666666666,64.95833333333333,20.25,7.166666666666667,1.5416666666666667,0.0,176.83333333333334,88.625,38.25,2.3333333333333335,33.416666666666664,278.4166666666667,5.25,13.041666666666666,TX
1998-01-01,UTAH,257.55555555555554,160.0,81.88888888888889,11.444444444444445,4.111111111111111,0.1111111111111111,0.0,136.55555555555554,70.55555555555556,37.22222222222222,26.0,73.0,115.22222222222223,25.77777777777778,17.555555555555557,UT
1998-01-01,VERMONT,260.25,230.25,26.5,3.5,0.0,0.0,0.0,96.0,52.5,28.75,5.0,125.25,97.75,12.5,19.75,VT
1998-01-01,VIRGINIA,197.09756097560975,133.21951219512195,39.75609756097561,18.365853658536587,5.195121951219512,0.5609756097560976,0.0,124.21951219512195,77.53658536585365,33.829268292682926,17.73170731707317,48.97560975609756,104.2439024390244,2.7804878048780486,23.365853658536587,VA
1998-01-01,WASHINGTON,240.0,220.7,17.65,1.3,0.2,0.15,0.0,103.9,44.3,26.9,60.55,7.05,115.65,9.4,47.35,WA
1998-01-01,WEST VIRGINIA,219.21428571428572,155.07142857142858,44.142857142857146,14.857142857142858,4.785714285714286,0.35714285714285715,0.0,130.42857142857142,80.14285714285714,34.0,16.714285714285715,12.928571428571429,127.5,3.7857142857142856,58.285714285714285,WV
1998-01-01,WISCONSIN,226.8,167.1,46.93333333333333,10.1,2.5,0.16666666666666666,0.0,163.06666666666666,83.16666666666667,40.8,19.633333333333333,7.333333333333333,189.33333333333334,3.566666666666667,6.933333333333334,WI
1998-01-01,WYOMING,175.35714285714286,146.0,28.642857142857142,0.6428571428571429,0.0,0.0,0.07142857142857142,94.28571428571429,43.214285714285715,24.142857142857142,0.0,0.0,75.85714285714286,3.5714285714285716,95.92857142857143,WY
1999-01-01,ALABAMA,184.23809523809524,79.23809523809524,78.9047619047619,20.0,5.666666666666667,0.42857142857142855,0.0,145.38095238095238,93.14285714285714,51.666666666666664,2.3333333333333335,0.0,95.28571428571429,68.80952380952381,17.80952380952381,AL
1999-01-01,ALASKA,194.16666666666666,171.66666666666666,20.666666666666668,1.5,0.3333333333333333,0.0,0.0,103.33333333333333,48.0,21.833333333333332,52.666666666666664,0.0,59.666666666666664,45.166666666666664,36.666666666666664,AK
1999-01-01,ARIZONA,221.16666666666666,109.75,85.91666666666667,23.333333333333332,2.1666666666666665,0.0,0.0,125.0,78.58333333333333,47.166666666666664,0.25,13.25,149.0,31.916666666666668,26.75,AZ
1999-01-01,ARKANSAS,118.94444444444444,74.44444444444444,36.833333333333336,6.388888888888889,1.2777777777777777,0.0,0.0,111.88888888888889,78.94444444444444,50.833333333333336,0.8333333333333334,2.3333333333333335,86.88888888888889,28.72222222222222,0.16666666666666666,AR
1999-01-01,CALIFORNIA,328.42857142857144,183.71428571428572,89.08928571428571,36.910714285714285,16.839285714285715,1.6785714285714286,0.19642857142857142,217.41071428571428,102.53571428571429,50.67857142857143,3.375,47.732142857142854,226.375,37.660714285714285,13.285714285714286,CA
1999-01-01,COLORADO,254.33333333333334,203.4,47.53333333333333,3.1333333333333333,0.16666666666666666,0.03333333333333333,0.06666666666666667,130.36666666666667,52.1,29.5,16.133333333333333,15.566666666666666,100.0,20.7,101.93333333333334,CO
1999-01-01,CONNECTICUT,306.125,204.125,73.5,15.625,10.5,2.375,0.0,211.875,99.0,43.5,7.125,47.375,202.125,39.75,9.75,CT
1999-01-01,DELAWARE,304.3333333333333,142.33333333333334,120.66666666666667,25.333333333333332,14.333333333333334,1.6666666666666667,0.0,205.66666666666666,123.66666666666667,51.666666666666664,0.0,12.333333333333334,184.66666666666666,107.33333333333333,0.0,DE
1999-01-01,DISTRICT OF COLUMBIA,365.0,118.0,188.0,35.0,22.0,2.0,0.0,210.0,129.0,59.0,1.0,75.0,116.0,173.0,0.0,DC
1999-01-01,FLORIDA,290.6969696969697,203.75757575757575,73.84848484848484,11.606060606060606,1.4545454545454546,0.030303030303030304,0.0,133.06060606060606,68.36363636363636,37.0,1.3333333333333333,7.121212121212121,200.84848484848484,57.57575757575758,23.818181818181817,FL
1999-01-01,GEORGIA,189.06451612903226,84.38709677419355,69.35483870967742,22.838709677419356,10.193548387096774,2.2903225806451615,0.0,167.3548387096774,114.38709677419355,54.096774193548384,0.41935483870967744,11.225806451612904,112.09677419354838,53.87096774193548,11.451612903225806,GA
1999-01-01,HAWAII,257.0,246.66666666666666,9.666666666666666,0.0,0.6666666666666666,0.0,0.0,99.33333333333333,34.666666666666664,20.333333333333332,5.666666666666667,2.6666666666666665,78.33333333333333,46.666666666666664,123.66666666666667,HI
1999-01-01,IDAHO,199.42105263157896,166.42105263157896,25.894736842105264,3.8421052631578947,3.0526315789473686,0.15789473684210525,0.05263157894736842,123.57894736842105,49.63157894736842,26.526315789473685,31.94736842105263,17.36842105263158,18.473684210526315,43.94736842105263,87.6842105263158,ID
1999-01-01,ILLINOIS,331.30434782608694,247.8695652173913,64.91304347826087,14.73913043478261,3.652173913043478,0.13043478260869565,0.0,161.52173913043478,78.3913043478261,37.56521739130435,7.391304347826087,17.73913043478261,259.39130434782606,23.0,23.782608695652176,IL
1999-01-01,INDIANA,217.36666666666667,122.23333333333333,64.1,23.733333333333334,7.233333333333333,0.06666666666666667,0.0,159.06666666666666,103.13333333333334,46.13333333333333,7.266666666666667,27.5,133.8,36.6,12.2,IN
1999-01-01,IOWA,215.1875,152.875,57.0,4.75,0.5625,0.0,0.0,120.125,69.625,39.3125,12.6875,0.0,101.125,51.3125,50.0625,IA
1999-01-01,KANSAS,203.1,137.2,59.6,5.7,0.6,0.0,0.0,109.8,70.9,36.9,5.6,15.0,84.8,37.8,59.9,KS
1999-01-01,KENTUCKY,246.39473684210526,131.31578947368422,76.57894736842105,30.473684210526315,7.657894736842105,0.3684210526315789,0.0,163.42105263157896,106.0,48.6578947368421,4.315789473684211,29.605263157894736,166.1315789473684,32.78947368421053,13.552631578947368,KY
1999-01-01,LOUISIANA,318.375,205.25,85.95833333333333,22.875,4.083333333333333,0.20833333333333334,0.0,166.875,94.04166666666667,43.875,0.16666666666666666,16.625,252.79166666666666,48.291666666666664,0.5,LA
1999-01-01,MAINE,220.57142857142858,191.78571428571428,21.142857142857142,5.928571428571429,1.3571428571428572,0.35714285714285715,0.0,150.21428571428572,56.857142857142854,31.928571428571427,0.0,8.142857142857142,177.85714285714286,6.928571428571429,27.642857142857142,ME
1999-01-01,MARYLAND,256.06666666666666,152.0,60.333333333333336,26.666666666666668,14.266666666666667,2.8,0.0,196.6,124.73333333333333,44.93333333333333,2.2666666666666666,24.466666666666665,207.86666666666667,14.6,6.866666666666666,MD
1999-01-01,MASSACHUSETTS,284.3636363636364,193.45454545454547,71.9090909090909,13.0,5.363636363636363,0.6363636363636364,0.0,180.45454545454547,83.18181818181819,42.54545454545455,14.363636363636363,40.54545454545455,151.45454545454547,77.54545454545455,0.45454545454545453,MA
1999-01-01,MICHIGAN,211.13793103448276,135.86206896551724,52.275862068965516,15.517241379310345,7.103448275862069,0.3793103448275862,0.0,165.89655172413794,96.93103448275862,39.44827586206897,7.344827586206897,2.6551724137931036,147.58620689655172,48.44827586206897,5.103448275862069,MI
1999-01-01,MINNESOTA,178.6,158.7,17.95,1.9,0.05,0.0,0.0,78.5,46.7,25.35,32.75,25.7,90.5,12.0,17.65,MN
1999-01-01,MISSISSIPPI,193.05,97.45,73.6,19.55,2.4,0.05,0.0,142.05,90.3,48.4,1.7,11.35,120.3,54.05,5.65,MS
1999-01-01,MISSOURI,269.53333333333336,145.6,100.73333333333333,17.933333333333334,4.8,0.4666666666666667,0.0,168.6,91.66666666666667,47.6,3.4,45.0,126.66666666666667,81.86666666666666,12.6,MO
1999-01-01,MONTANA,273.06666666666666,253.2,19.133333333333333,0.6,0.13333333333333333,0.0,0.0,90.0,39.733333333333334,18.533333333333335,77.0,3.933333333333333,12.2,33.666666666666664,146.26666666666668,MT
1999-01-01,NEBRASKA,113.16666666666667,88.83333333333333,23.25,0.8333333333333334,0.25,0.0,0.0,92.08333333333333,55.5,31.416666666666668,17.75,0.0,27.583333333333332,56.916666666666664,10.916666666666666,NE
1999-01-01,NEVADA,326.85714285714283,207.42857142857142,105.28571428571429,12.857142857142858,1.0,0.14285714285714285,0.14285714285714285,143.71428571428572,71.42857142857143,42.714285714285715,20.142857142857142,6.857142857142857,205.14285714285714,14.285714285714286,80.42857142857143,NV
1999-01-01,NEW HAMPSHIRE,259.7,208.7,40.5,8.6,1.8,0.1,0.0,154.7,67.2,37.1,3.6,21.9,191.2,38.0,5.0,NH
1999-01-01,NEW JERSEY,329.4117647058824,221.7058823529412,77.41176470588235,16.647058823529413,11.235294117647058,2.411764705882353,0.0,183.8235294117647,97.11764705882354,40.294117647058826,47.94117647058823,65.11764705882354,178.0,37.529411764705884,0.8235294117647058,NJ
1999-01-01,NEW MEXICO,215.6875,159.4375,51.5625,4.3125,0.375,0.0,0.0,96.0625,48.4375,28.5625,9.875,12.125,109.625,50.8125,33.25,NM
1999-01-01,NEW YORK,321.64516129032256,242.96774193548387,59.193548387096776,13.903225806451612,4.935483870967742,0.6451612903225806,0.0,172.0,80.58064516129032,38.03225806451613,18.225806451612904,42.41935483870968,238.09677419354838,21.29032258064516,1.6129032258064515,NY
1999-01-01,NORTH CAROLINA,221.76,113.9,78.68,21.82,6.84,0.52,0.0,160.32,103.74,51.16,8.64,0.9,147.46,59.92,4.84,NC
1999-01-01,NORTH DAKOTA,254.54545454545453,240.0909090909091,14.363636363636363,0.09090909090909091,0.0,0.0,0.0,73.27272727272727,39.36363636363637,25.545454545454547,0.0,31.727272727272727,181.9090909090909,27.363636363636363,13.545454545454545,ND
1999-01-01,OHIO,235.26530612244898,123.34693877551021,80.91836734693878,23.551020408163264,6.959183673469388,0.4897959183673469,0.0,167.46938775510205,100.83673469387755,44.91836734693877,4.346938775510204,1.7142857142857142,143.79591836734693,57.06122448979592,28.346938775510203,OH
1999-01-01,OKLAHOMA,212.8095238095238,161.04761904761904,38.095238095238095,11.476190476190476,2.1904761904761907,0.0,0.0,125.33333333333333,76.52380952380952,38.142857142857146,0.6666666666666666,61.333333333333336,121.0,23.666666666666668,6.142857142857143,OK
1999-01-01,OREGON,226.6875,179.875,42.625,3.3125,0.875,0.0,0.0,118.5,60.875,31.5,35.9375,1.4375,40.0625,123.5,25.75,OR
1999-01-01,PENNSYLVANIA,328.70588235294116,208.55882352941177,84.76470588235294,23.764705882352942,10.323529411764707,1.2941176470588236,0.0,191.02941176470588,102.8529411764706,44.14705882352941,12.852941176470589,87.0,185.35294117647058,42.588235294117645,0.9117647058823529,PA
1999-01-01,RHODE ISLAND,257.0,178.66666666666666,60.666666666666664,11.333333333333334,5.333333333333333,1.0,0.0,199.66666666666666,89.33333333333333,41.0,1.3333333333333333,58.333333333333336,111.33333333333333,80.66666666666667,5.333333333333333,RI
1999-01-01,SOUTH CAROLINA,275.88,159.16,88.64,23.56,4.36,0.16,0.0,160.56,96.84,46.76,0.36,13.16,184.44,53.68,24.24,SC
1999-01-01,SOUTH DAKOTA,196.25,159.75,35.75,0.75,0.0,0.0,0.0,96.75,52.5,29.0,0.0,0.0,56.5,84.0,55.75,SD
1999-01-01,TENNESSEE,256.41379310344826,128.48275862068965,81.72413793103448,33.758620689655174,11.758620689655173,0.6896551724137931,0.0,165.0344827586207,110.17241379310344,53.10344827586207,3.7241379310344827,31.655172413793103,164.93103448275863,37.58620689655172,18.517241379310345,TN
1999-01-01,TEXAS,295.64285714285717,205.35714285714286,63.285714285714285,17.142857142857142,7.892857142857143,1.9642857142857142,0.0,163.57142857142858,89.21428571428571,40.0,4.678571428571429,25.964285714285715,237.25,20.392857142857142,7.357142857142857,TX
1999-01-01,UTAH,258.44444444444446,147.33333333333334,100.88888888888889,9.333333333333334,0.7777777777777778,0.1111111111111111,0.0,123.0,66.55555555555556,38.888888888888886,19.0,65.0,110.66666666666667,42.55555555555556,21.22222222222222,UT
1999-01-01,VERMONT,276.75,218.0,51.5,6.25,1.0,0.0,0.0,138.75,66.0,35.5,3.75,98.75,93.0,77.0,4.25,VT
1999-01-01,VIRGINIA,211.3095238095238,132.95238095238096,55.666666666666664,17.571428571428573,4.904761904761905,0.21428571428571427,0.0,134.54761904761904,84.66666666666667,38.26190476190476,11.333333333333334,41.904761904761905,106.4047619047619,36.23809523809524,15.428571428571429,VA
1999-01-01,WASHINGTON,240.75,207.1,31.8,1.5,0.35,0.0,0.0,112.0,48.7,27.7,51.95,2.3,95.15,50.85,40.5,WA
1999-01-01,WEST VIRGINIA,202.61111111111111,112.22222222222223,73.0,13.833333333333334,3.3333333333333335,0.2222222222222222,0.0,140.33333333333334,85.33333333333333,43.833333333333336,10.222222222222221,5.0,97.22222222222223,66.44444444444444,23.72222222222222,WV
1999-01-01,WISCONSIN,222.4375,155.3125,49.6875,12.25,5.125,0.0625,0.0,167.5625,88.34375,40.46875,14.03125,2.125,159.84375,44.34375,2.09375,WI
1999-01-01,WYOMING,173.71428571428572,134.85714285714286,37.0,1.5714285714285714,0.0,0.14285714285714285,0.14285714285714285,121.78571428571429,50.0,27.285714285714285,0.0,0.0,75.71428571428571,16.857142857142858,81.14285714285714,WY
2000-01-01,ALABAMA,201.0909090909091,87.5909090909091,86.72727272727273,22.681818181818183,3.772727272727273,0.3181818181818182,0.0,151.13636363636363,95.81818181818181,52.72727272727273,1.9090909090909092,0.8636363636363636,110.13636363636364,77.63636363636364,10.545454545454545,AL
2000-01-01,ALASKA,203.0,176.33333333333334,24.333333333333332,1.8333333333333333,0.5,0.0,0.0,114.16666666666667,57.166666666666664,22.666666666666668,45.5,0.0,59.833333333333336,78.83333333333333,18.833333333333332,AK
2000-01-01,ARIZONA,202.6153846153846,120.46153846153847,64.3076923076923,16.307692307692307,1.5384615384615385,0.0,0.0,103.23076923076923,68.15384615384616,40.23076923076923,0.38461538461538464,13.153846153846153,124.3076923076923,38.92307692307692,25.846153846153847,AZ
2000-01-01,ARKANSAS,145.1904761904762,80.52380952380952,58.95238095238095,4.714285714285714,1.0,0.0,0.0,107.14285714285714,77.80952380952381,51.095238095238095,0.047619047619047616,0.09523809523809523,69.76190476190476,75.23809523809524,0.047619047619047616,AR
2000-01-01,CALIFORNIA,331.82142857142856,205.42857142857142,78.05357142857143,31.214285714285715,14.964285714285714,1.6607142857142858,0.5,528.6071428571429,96.30357142857143,47.42857142857143,5.142857142857143,42.07142857142857,223.10714285714286,45.05357142857143,16.446428571428573,CA
2000-01-01,COLORADO,255.96666666666667,198.26666666666668,52.266666666666666,5.3,0.13333333333333333,0.0,0.0,98.7,54.733333333333334,29.6,11.866666666666667,14.3,100.63333333333334,33.46666666666667,95.7,CO
2000-01-01,CONNECTICUT,302.75,208.25,76.0,14.875,3.125,0.5,0.0,200.125,80.875,40.75,6.0,33.25,192.875,63.875,6.75,CT
2000-01-01,DELAWARE,304.3333333333333,141.33333333333334,136.0,21.333333333333332,4.666666666666667,1.0,0.0,202.0,95.66666666666667,51.333333333333336,0.0,0.6666666666666666,161.0,142.66666666666666,0.0,DE
2000-01-01,DISTRICT OF COLUMBIA,366.0,113.0,216.0,31.0,6.0,0.0,0.0,197.0,101.0,58.0,1.0,52.0,78.0,235.0,0.0,DC
2000-01-01,FLORIDA,290.8285714285714,199.62857142857143,75.51428571428572,13.714285714285714,1.9142857142857144,0.05714285714285714,0.0,138.05714285714285,75.57142857142857,38.97142857142857,1.4285714285714286,3.5714285714285716,200.88571428571427,61.42857142857143,23.514285714285716,FL
2000-01-01,GEORGIA,205.1818181818182,100.9090909090909,77.54545454545455,20.757575757575758,4.818181818181818,1.1515151515151516,0.0,168.75757575757575,97.21212121212122,51.57575757575758,0.0,8.333333333333334,128.8181818181818,60.15151515151515,7.878787878787879,GA
2000-01-01,HAWAII,271.75,265.5,5.75,0.0,0.5,0.0,0.0,83.5,33.75,19.25,5.75,3.0,125.25,41.0,96.75,HI
2000-01-01,IDAHO,197.47368421052633,161.57894736842104,30.736842105263158,3.473684210526316,1.5263157894736843,0.15789473684210525,0.0,99.57894736842105,55.526315789473685,26.263157894736842,28.210526315789473,5.842105263157895,18.36842105263158,54.526315789473685,90.52631578947368,ID
2000-01-01,ILLINOIS,320.9583333333333,230.33333333333334,81.16666666666667,8.708333333333334,0.7083333333333334,0.041666666666666664,0.0,137.375,72.375,39.166666666666664,4.041666666666667,10.916666666666666,224.95833333333334,62.833333333333336,18.208333333333332,IL
2000-01-01,INDIANA,210.825,127.375,70.3,11.025,2.1,0.025,0.0,140.425,79.2,43.525,3.5,24.05,118.55,49.775,14.95,IN
2000-01-01,IOWA,230.05555555555554,159.61111111111111,66.55555555555556,3.7222222222222223,0.16666666666666666,0.0,0.0,116.72222222222223,68.33333333333333,37.388888888888886,1.3888888888888888,0.05555555555555555,94.88888888888889,84.94444444444444,48.77777777777778,IA
2000-01-01,KANSAS,225.0,156.45454545454547,59.18181818181818,8.454545454545455,0.9090909090909091,0.0,0.0,115.45454545454545,64.45454545454545,35.81818181818182,4.636363636363637,10.363636363636363,117.0,42.63636363636363,50.36363636363637,KS
2000-01-01,KENTUCKY,274.27777777777777,168.72222222222223,88.22222222222223,15.38888888888889,1.8888888888888888,0.05555555555555555,0.0,158.25,84.02777777777777,43.75,3.25,27.11111111111111,187.05555555555554,46.80555555555556,10.055555555555555,KY
2000-01-01,LOUISIANA,308.9230769230769,192.3846153846154,87.96153846153847,22.96153846153846,5.153846153846154,0.46153846153846156,0.0,168.26923076923077,94.07692307692308,44.61538461538461,0.038461538461538464,4.576923076923077,221.34615384615384,82.57692307692308,0.38461538461538464,LA
2000-01-01,MAINE,218.71428571428572,199.42857142857142,16.857142857142858,2.0714285714285716,0.35714285714285715,0.0,0.0,109.0,48.357142857142854,29.428571428571427,0.0,11.714285714285714,176.92857142857142,7.857142857142857,22.214285714285715,ME
2000-01-01,MARYLAND,267.26666666666665,161.46666666666667,82.06666666666666,17.666666666666668,5.133333333333334,0.9333333333333333,0.0,184.53333333333333,92.66666666666667,42.2,0.2,10.0,191.33333333333334,61.333333333333336,4.4,MD
2000-01-01,MASSACHUSETTS,275.54545454545456,184.1818181818182,82.9090909090909,7.363636363636363,1.0,0.09090909090909091,0.0,158.63636363636363,72.18181818181819,40.72727272727273,15.727272727272727,37.27272727272727,122.9090909090909,98.81818181818181,0.8181818181818182,MA
2000-01-01,MICHIGAN,212.93548387096774,150.8709677419355,55.03225806451613,5.935483870967742,0.9032258064516129,0.1935483870967742,0.0,144.51612903225808,69.58064516129032,37.32258064516129,8.258064516129032,7.612903225806452,125.41935483870968,69.2258064516129,2.4193548387096775,MI
2000-01-01,MINNESOTA,166.0909090909091,135.9090909090909,28.136363636363637,2.0,0.045454545454545456,0.0,0.0,105.31818181818181,61.36363636363637,28.59090909090909,36.59090909090909,22.59090909090909,52.40909090909091,44.54545454545455,9.954545454545455,MN
2000-01-01,MISSISSIPPI,244.16666666666666,123.66666666666667,96.11111111111111,22.166666666666668,2.1666666666666665,0.05555555555555555,0.0,153.22222222222223,95.05555555555556,51.27777777777778,0.7777777777777778,10.444444444444445,143.61111111111111,85.22222222222223,4.111111111111111,MS
2000-01-01,MISSOURI,266.77777777777777,151.05555555555554,101.38888888888889,11.777777777777779,2.5,0.05555555555555555,0.0,142.94444444444446,77.05555555555556,45.22222222222222,2.4444444444444446,53.27777777777778,102.11111111111111,99.66666666666667,9.277777777777779,MO
2000-01-01,MONTANA,263.0,232.35294117647058,27.470588235294116,2.1176470588235294,0.9411764705882353,0.11764705882352941,0.0,125.47058823529412,47.35294117647059,18.88235294117647,62.8235294117647,6.352941176470588,10.882352941176471,78.3529411764706,104.58823529411765,MT
2000-01-01,NEBRASKA,144.41666666666666,109.83333333333333,33.666666666666664,0.9166666666666666,0.0,0.0,0.0,91.66666666666667,56.833333333333336,30.5,10.25,0.0,24.333333333333332,95.08333333333333,14.75,NE
2000-01-01,NEVADA,342.85714285714283,235.14285714285714,96.57142857142857,10.714285714285714,0.2857142857142857,0.0,0.14285714285714285,156.71428571428572,70.14285714285714,40.142857142857146,14.571428571428571,5.142857142857143,216.85714285714286,18.0,88.28571428571429,NV
2000-01-01,NEW HAMPSHIRE,250.4,220.5,28.3,1.3,0.3,0.0,0.0,126.4,55.4,33.5,3.2,21.2,183.0,31.9,11.1,NH
2000-01-01,NEW JERSEY,337.3529411764706,234.76470588235293,83.52941176470588,14.176470588235293,3.764705882352941,1.1176470588235294,0.0,183.76470588235293,80.11764705882354,39.35294117647059,40.0,65.82352941176471,172.88235294117646,58.23529411764706,0.4117647058823529,NJ
2000-01-01,NEW MEXICO,203.66666666666666,145.16666666666666,51.666666666666664,6.444444444444445,0.3888888888888889,0.0,0.0,83.44444444444444,50.333333333333336,28.055555555555557,7.944444444444445,7.611111111111111,96.38888888888889,68.27777777777777,23.444444444444443,NM
2000-01-01,NEW YORK,310.70588235294116,239.64705882352942,62.14705882352941,7.235294117647059,1.4705882352941178,0.20588235294117646,0.0,161.2941176470588,63.76470588235294,35.1764705882353,10.382352941176471,29.88235294117647,205.73529411764707,61.88235294117647,2.823529411764706,NY
2000-01-01,NORTH CAROLINA,221.4313725490196,110.11764705882354,88.2156862745098,19.49019607843137,3.5098039215686274,0.09803921568627451,0.0,153.80392156862746,94.09803921568627,50.568627450980394,6.03921568627451,0.6862745098039216,144.2549019607843,67.2156862745098,3.235294117647059,NC
2000-01-01,NORTH DAKOTA,248.16666666666666,238.83333333333334,9.166666666666666,0.16666666666666666,0.0,0.0,0.0,65.91666666666667,39.0,24.0,0.0,31.916666666666668,162.83333333333334,42.333333333333336,11.083333333333334,ND
2000-01-01,OHIO,243.06521739130434,139.1086956521739,89.71739130434783,11.869565217391305,2.1739130434782608,0.1956521739130435,0.0,158.47826086956522,79.56521739130434,42.82608695652174,4.413043478260869,1.1956521739130435,135.41304347826087,69.76086956521739,32.28260869565217,OH
2000-01-01,OKLAHOMA,215.36,148.04,54.92,10.28,2.0,0.12,0.0,123.08,76.24,39.68,0.52,41.56,112.48,54.4,6.4,OK
2000-01-01,OREGON,242.33333333333334,191.33333333333334,45.888888888888886,4.555555555555555,0.5555555555555556,0.0,0.0,116.72222222222223,62.388888888888886,28.5,22.11111111111111,1.6111111111111112,37.94444444444444,173.11111111111111,7.555555555555555,OR
2000-01-01,PENNSYLVANIA,329.1142857142857,217.14285714285714,93.45714285714286,14.942857142857143,3.2,0.37142857142857144,0.0,180.71428571428572,80.11428571428571,42.34285714285714,12.685714285714285,67.85714285714286,161.02857142857144,84.11428571428571,3.4285714285714284,PA
2000-01-01,RHODE ISLAND,278.6666666666667,188.33333333333334,78.0,9.333333333333334,2.3333333333333335,0.6666666666666666,0.0,203.66666666666666,75.0,41.333333333333336,1.0,28.666666666666668,123.33333333333333,124.0,1.6666666666666667,RI
2000-01-01,SOUTH CAROLINA,259.25925925925924,143.7037037037037,94.33333333333333,19.074074074074073,2.1481481481481484,0.0,0.0,150.62962962962962,89.4074074074074,46.96296296296296,0.037037037037037035,6.703703703703703,166.74074074074073,62.629629629629626,23.14814814814815,SC
2000-01-01,SOUTH DAKOTA,195.0,161.83333333333334,32.833333333333336,0.16666666666666666,0.0,0.16666666666666666,0.0,106.0,50.666666666666664,25.833333333333332,0.0,0.0,61.666666666666664,83.5,49.833333333333336,SD
2000-01-01,TENNESSEE,272.0689655172414,139.27586206896552,99.10344827586206,27.06896551724138,6.241379310344827,0.3793103448275862,0.0,165.20689655172413,99.96551724137932,49.689655172413794,0.3103448275862069,25.96551724137931,169.27586206896552,59.96551724137931,16.551724137931036,TN
2000-01-01,TEXAS,280.0,187.65714285714284,68.91428571428571,17.057142857142857,5.542857142857143,0.8285714285714286,0.0,157.77142857142857,86.05714285714286,39.74285714285714,4.685714285714286,12.542857142857143,193.25714285714287,66.77142857142857,2.742857142857143,TX
2000-01-01,UTAH,200.53846153846155,128.53846153846155,60.38461538461539,9.307692307692308,2.076923076923077,0.23076923076923078,0.0,116.61538461538461,60.46153846153846,28.846153846153847,21.76923076923077,32.46153846153846,80.6923076923077,53.46153846153846,12.153846153846153,UT
2000-01-01,VERMONT,268.0,224.25,41.25,2.25,0.25,0.0,0.0,134.75,58.75,31.75,5.5,79.25,86.25,94.25,2.75,VT
2000-01-01,VIRGINIA,222.65,149.05,63.475,9.35,0.75,0.025,0.0,123.45,70.675,36.95,9.2,38.425,106.15,53.75,15.125,VA
2000-01-01,WASHINGTON,214.47826086956522,170.2173913043478,40.65217391304348,3.347826086956522,0.2608695652173913,0.0,0.0,104.34782608695652,54.82608695652174,29.91304347826087,24.608695652173914,1.0434782608695652,68.3913043478261,85.08695652173913,35.34782608695652,WA
2000-01-01,WEST VIRGINIA,226.76470588235293,138.35294117647058,79.29411764705883,8.176470588235293,0.9411764705882353,0.0,0.0,141.41176470588235,81.41176470588235,46.35294117647059,7.764705882352941,0.0,106.6470588235294,88.0,24.352941176470587,WV
2000-01-01,WISCONSIN,220.71875,163.4375,51.1875,5.0625,1.03125,0.0,0.0,145.84375,69.0625,39.59375,9.59375,2.0,155.4375,52.53125,1.15625,WI
2000-01-01,WYOMING,195.78571428571428,155.0,38.5,2.0,0.2857142857142857,0.0,0.0,106.71428571428571,52.57142857142857,26.0,0.0,0.0,76.0,34.214285714285715,85.57142857142857,WY
2001-01-01,ALABAMA,219.0,125.76190476190476,79.57142857142857,11.380952380952381,1.9047619047619047,0.38095238095238093,0.0,137.04761904761904,80.52380952380952,45.57142857142857,3.238095238095238,0.2857142857142857,127.66666666666667,78.0,9.80952380952381,AL
2001-01-01,ALASKA,151.25,131.125,19.125,1.0,0.0,0.0,0.0,81.5,51.75,19.625,33.0,0.0,45.125,59.5,13.625,AK
2001-01-01,ARIZONA,206.15384615384616,127.38461538461539,68.53846153846153,9.23076923076923,1.0,0.0,0.0,103.46153846153847,64.92307692307692,38.46153846153846,0.0,10.923076923076923,133.15384615384616,40.61538461538461,21.46153846153846,AZ
2001-01-01,ARKANSAS,160.85714285714286,96.61904761904762,60.095238095238095,3.5238095238095237,0.6190476190476191,0.0,0.0,103.28571428571429,72.47619047619048,48.19047619047619,0.0,0.2857142857142857,70.38095238095238,90.19047619047619,0.0,AR
2001-01-01,CALIFORNIA,340.09090909090907,203.92727272727274,86.92727272727272,32.81818181818182,13.636363636363637,2.1454545454545455,0.6363636363636364,622.4363636363636,98.4,48.945454545454545,3.4545454545454546,36.163636363636364,232.3090909090909,50.43636363636364,17.727272727272727,CA
2001-01-01,COLORADO,259.8666666666667,207.13333333333333,49.233333333333334,3.3,0.2,0.0,0.0,93.1,50.93333333333333,29.366666666666667,9.133333333333333,17.333333333333332,97.13333333333334,39.36666666666667,96.9,CO
2001-01-01,CONNECTICUT,280.5,169.75,85.0,15.25,8.25,2.25,0.0,208.5,96.625,43.75,3.125,36.0,169.5,64.125,7.75,CT
2001-01-01,DELAWARE,306.3333333333333,129.66666666666666,141.33333333333334,23.0,11.666666666666666,0.6666666666666666,0.0,199.0,104.0,54.333333333333336,0.0,5.666666666666667,173.33333333333334,127.33333333333333,0.0,DE
2001-01-01,DISTRICT OF COLUMBIA,365.0,103.0,222.0,29.0,9.0,2.0,0.0,203.0,106.0,62.0,3.0,63.0,86.0,213.0,0.0,DC
2001-01-01,FLORIDA,314.3243243243243,241.86486486486487,63.5945945945946,7.8108108108108105,1.054054054054054,0.0,0.0,142.32432432432432,63.08108108108108,37.21621621621622,0.7297297297297297,3.7567567567567566,229.97297297297297,62.21621621621622,17.64864864864865,FL
2001-01-01,GEORGIA,207.33333333333334,120.42424242424242,71.84848484848484,12.969696969696969,1.9696969696969697,0.12121212121212122,0.0,153.93939393939394,85.48484848484848,46.09090909090909,0.0,9.272727272727273,125.42424242424242,63.03030303030303,9.606060606060606,GA
2001-01-01,HAWAII,357.3333333333333,345.6666666666667,11.0,0.0,0.6666666666666666,0.0,0.0,116.33333333333333,35.333333333333336,21.333333333333332,4.666666666666667,4.666666666666667,175.66666666666666,50.333333333333336,122.0,HI
2001-01-01,IDAHO,211.47368421052633,174.26315789473685,34.36842105263158,2.473684210526316,0.3684210526315789,0.0,0.0,98.63157894736842,52.31578947368421,27.63157894736842,23.210526315789473,0.05263157894736842,29.0,76.78947368421052,82.42105263157895,ID
2001-01-01,ILLINOIS,321.96,223.04,85.4,12.2,1.32,0.0,0.0,144.84,77.8,39.44,3.92,8.4,236.64,56.92,16.08,IL
2001-01-01,INDIANA,206.58139534883722,122.20930232558139,67.02325581395348,15.372093023255815,1.9767441860465116,0.0,0.0,138.95348837209303,85.32558139534883,42.7906976744186,3.5813953488372094,15.046511627906977,120.95348837209302,48.7906976744186,18.209302325581394,IN
2001-01-01,IOWA,234.89473684210526,173.52631578947367,58.1578947368421,3.1578947368421053,0.05263157894736842,0.0,0.0,111.52631578947368,62.05263157894737,35.526315789473685,0.7368421052631579,0.7368421052631579,89.94736842105263,81.73684210526316,61.73684210526316,IA
2001-01-01,KANSAS,236.63636363636363,171.72727272727272,55.45454545454545,9.090909090909092,0.36363636363636365,0.0,0.0,104.81818181818181,62.72727272727273,34.0,1.6363636363636365,12.545454545454545,129.9090909090909,40.63636363636363,51.90909090909091,KS
2001-01-01,KENTUCKY,276.1621621621622,173.27027027027026,85.64864864864865,15.91891891891892,1.2972972972972974,0.02702702702702703,0.0,148.05405405405406,83.13513513513513,43.270270270270274,1.4594594594594594,25.594594594594593,192.51351351351352,45.37837837837838,11.216216216216216,KY
2001-01-01,LOUISIANA,303.0,210.88888888888889,80.4074074074074,10.703703703703704,1.0,0.0,0.0,140.85185185185185,73.07407407407408,41.333333333333336,0.0,6.37037037037037,207.92592592592592,88.14814814814815,0.5555555555555556,LA
2001-01-01,MAINE,226.23076923076923,194.92307692307693,21.76923076923077,6.384615384615385,2.923076923076923,0.23076923076923078,0.0,147.6153846153846,61.69230769230769,30.53846153846154,0.0,18.692307692307693,174.0,12.692307692307692,20.846153846153847,ME
2001-01-01,MARYLAND,272.0,150.8,87.8,22.066666666666666,10.333333333333334,1.0,0.0,185.2,105.2,45.4,0.0,6.066666666666666,201.46666666666667,60.4,4.066666666666666,MD
2001-01-01,MASSACHUSETTS,290.72727272727275,179.72727272727272,89.0,12.727272727272727,8.090909090909092,1.1818181818181819,0.0,186.27272727272728,91.36363636363636,44.45454545454545,11.363636363636363,40.45454545454545,142.0,96.72727272727273,0.18181818181818182,MA
2001-01-01,MICHIGAN,222.7741935483871,145.03225806451613,59.74193548387097,13.709677419354838,4.193548387096774,0.0967741935483871,0.0,159.09677419354838,89.0,39.74193548387097,8.516129032258064,5.258064516129032,126.54838709677419,81.41935483870968,1.032258064516129,MI
2001-01-01,MINNESOTA,207.6315789473684,167.73684210526315,37.473684210526315,2.210526315789474,0.21052631578947367,0.0,0.0,112.73684210526316,58.10526315789474,30.894736842105264,43.8421052631579,18.05263157894737,66.94736842105263,66.78947368421052,12.0,MN
2001-01-01,MISSISSIPPI,247.0,152.3684210526316,84.3157894736842,9.947368421052632,0.3684210526315789,0.0,0.0,128.68421052631578,80.6842105263158,46.21052631578947,1.1578947368421053,10.526315789473685,145.6315789473684,86.36842105263158,3.3157894736842106,MS
2001-01-01,MISSOURI,238.52380952380952,142.42857142857142,83.71428571428571,10.714285714285714,1.5238095238095237,0.047619047619047616,0.09523809523809523,165.66666666666666,77.66666666666667,42.523809523809526,1.8571428571428572,50.42857142857143,90.80952380952381,84.04761904761905,11.380952380952381,MO
2001-01-01,MONTANA,231.15,210.75,19.0,1.35,0.05,0.0,0.0,86.95,38.85,17.0,52.95,7.6,17.6,65.2,87.8,MT
2001-01-01,NEBRASKA,161.0,128.75,31.833333333333332,0.4166666666666667,0.0,0.0,0.0,83.75,53.666666666666664,30.166666666666668,11.666666666666666,0.0,23.083333333333332,95.16666666666667,31.083333333333332,NE
2001-01-01,NEVADA,350.7142857142857,246.0,89.14285714285714,14.857142857142858,0.7142857142857143,0.0,0.0,123.28571428571429,68.57142857142857,40.57142857142857,6.571428571428571,6.428571428571429,220.57142857142858,20.142857142857142,97.0,NV
2001-01-01,NEW HAMPSHIRE,252.9,198.9,43.5,8.7,1.6,0.2,0.0,171.9,73.6,38.8,4.1,24.2,181.2,38.5,4.9,NH
2001-01-01,NEW JERSEY,334.7647058823529,224.58823529411765,82.11764705882354,19.0,7.235294117647059,1.8235294117647058,0.0,185.2941176470588,94.23529411764706,41.294117647058826,33.294117647058826,65.11764705882354,186.64705882352942,49.411764705882355,0.29411764705882354,NJ
2001-01-01,NEW MEXICO,204.61111111111111,151.27777777777777,49.388888888888886,3.6666666666666665,0.2222222222222222,0.05555555555555555,0.0,83.72222222222223,45.27777777777778,26.38888888888889,8.88888888888889,6.555555555555555,101.11111111111111,61.388888888888886,26.666666666666668,NM
2001-01-01,NEW YORK,310.77142857142854,226.85714285714286,66.85714285714286,12.657142857142857,4.0285714285714285,0.37142857142857144,0.0,161.54285714285714,76.85714285714286,37.285714285714285,9.342857142857143,24.2,203.68571428571428,62.4,11.142857142857142,NY
2001-01-01,NORTH CAROLINA,223.48076923076923,117.57692307692308,85.01923076923077,18.53846153846154,2.2884615384615383,0.057692307692307696,0.0,146.34615384615384,93.1923076923077,49.44230769230769,4.230769230769231,0.8461538461538461,148.6153846153846,67.92307692307692,1.8653846153846154,NC
2001-01-01,NORTH DAKOTA,218.66666666666666,206.66666666666666,11.916666666666666,0.08333333333333333,0.0,0.0,0.0,75.16666666666667,44.916666666666664,26.75,0.0,26.75,141.41666666666666,40.5,10.0,ND
2001-01-01,OHIO,245.44444444444446,129.9777777777778,90.37777777777778,20.42222222222222,4.555555555555555,0.1111111111111111,0.0,155.2,91.33333333333333,44.71111111111111,3.7111111111111112,0.9777777777777777,145.33333333333334,73.95555555555555,21.466666666666665,OH
2001-01-01,OKLAHOMA,220.6086956521739,148.43478260869566,59.78260869565217,11.565217391304348,0.782608695652174,0.043478260869565216,0.0,126.6086956521739,76.91304347826087,38.78260869565217,0.6521739130434783,32.130434782608695,124.34782608695652,57.52173913043478,5.956521739130435,OK
2001-01-01,OREGON,246.05555555555554,199.11111111111111,42.833333333333336,3.3333333333333335,0.7222222222222222,0.0,0.05555555555555555,132.44444444444446,59.27777777777778,27.833333333333332,19.61111111111111,1.6111111111111112,39.44444444444444,178.83333333333334,6.555555555555555,OR
2001-01-01,PENNSYLVANIA,333.7142857142857,188.85714285714286,108.22857142857143,27.457142857142856,8.742857142857142,0.42857142857142855,0.0,180.68571428571428,102.28571428571429,47.17142857142857,11.285714285714286,52.65714285714286,166.34285714285716,96.25714285714285,7.171428571428572,PA
2001-01-01,RHODE ISLAND,275.6666666666667,168.66666666666666,82.0,15.333333333333334,7.0,2.6666666666666665,0.0,212.0,97.33333333333333,45.666666666666664,0.0,22.666666666666668,134.66666666666666,117.66666666666667,0.6666666666666666,RI
2001-01-01,SOUTH CAROLINA,263.3703703703704,163.25925925925927,84.37037037037037,14.481481481481481,1.2592592592592593,0.0,0.0,131.85185185185185,82.85185185185185,44.51851851851852,0.037037037037037035,3.5555555555555554,173.74074074074073,65.55555555555556,20.48148148148148,SC
2001-01-01,SOUTH DAKOTA,172.0,142.875,28.625,0.5,0.0,0.0,0.0,73.25,45.625,24.5,0.0,5.75,35.0,77.75,53.5,SD
2001-01-01,TENNESSEE,271.1,154.13333333333333,95.93333333333334,18.466666666666665,2.533333333333333,0.03333333333333333,0.0,149.83333333333334,88.1,46.7,0.43333333333333335,24.7,173.06666666666666,57.86666666666667,15.033333333333333,TN
2001-01-01,TEXAS,299.6666666666667,208.91666666666666,73.91666666666667,13.25,3.0,0.5555555555555556,0.027777777777777776,150.52777777777777,77.97222222222223,40.166666666666664,2.5833333333333335,11.666666666666666,203.72222222222223,77.19444444444444,4.5,TX
2001-01-01,UTAH,220.07692307692307,138.84615384615384,67.07692307692308,10.76923076923077,3.230769230769231,0.15384615384615385,0.0,118.46153846153847,62.61538461538461,33.0,15.692307692307692,35.46153846153846,90.3076923076923,64.15384615384616,14.461538461538462,UT
2001-01-01,VERMONT,261.25,203.75,51.25,5.75,0.5,0.0,0.0,130.75,66.5,35.5,4.5,65.0,101.25,89.75,0.75,VT
2001-01-01,VIRGINIA,228.15,148.125,66.125,11.125,2.7,0.075,0.0,135.075,74.925,37.6,9.025,37.275,114.9,53.025,13.925,VA
2001-01-01,WASHINGTON,203.48,164.28,36.2,2.72,0.28,0.0,0.0,107.52,51.36,28.16,13.12,1.36,59.32,104.52,25.16,WA
2001-01-01,WEST VIRGINIA,236.05882352941177,137.05882352941177,84.05882352941177,13.470588235294118,1.4705882352941178,0.0,0.0,145.8235294117647,86.29411764705883,47.0,7.117647058823529,0.0,120.94117647058823,86.76470588235294,21.235294117647058,WV
2001-01-01,WISCONSIN,219.6969696969697,155.75757575757575,51.666666666666664,8.696969696969697,3.242424242424242,0.3333333333333333,0.0,157.45454545454547,78.72727272727273,40.303030303030305,8.090909090909092,0.8484848484848485,158.03030303030303,51.36363636363637,1.3636363636363635,WI
2001-01-01,WYOMING,212.0,163.57142857142858,46.42857142857143,1.6428571428571428,0.2857142857142857,0.07142857142857142,0.0,100.64285714285714,52.214285714285715,28.642857142857142,0.0,0.07142857142857142,86.78571428571429,26.214285714285715,98.92857142857143,WY
2002-01-01,ALABAMA,238.8181818181818,148.8181818181818,74.9090909090909,13.090909090909092,1.9090909090909092,0.09090909090909091,0.0,143.8181818181818,79.63636363636364,42.90909090909091,2.409090909090909,1.0909090909090908,146.36363636363637,77.5909090909091,11.363636363636363,AL
2002-01-01,ALASKA,193.14285714285714,173.71428571428572,18.142857142857142,1.1428571428571428,0.14285714285714285,0.0,0.0,90.71428571428571,45.714285714285715,21.0,36.285714285714285,0.0,47.57142857142857,92.42857142857143,16.857142857142858,AK
2002-01-01,ARIZONA,214.0,114.6923076923077,82.3076923076923,15.076923076923077,1.8461538461538463,0.07692307692307693,0.0,126.15384615384616,75.92307692307692,43.15384615384615,0.3076923076923077,11.615384615384615,144.46153846153845,33.46153846153846,24.153846153846153,AZ
2002-01-01,ARKANSAS,172.0952380952381,116.57142857142857,50.23809523809524,4.190476190476191,1.0,0.09523809523809523,0.0,113.66666666666667,69.19047619047619,42.285714285714285,0.2857142857142857,1.7142857142857142,69.23809523809524,100.80952380952381,0.047619047619047616,AR
2002-01-01,CALIFORNIA,342.6111111111111,193.87037037037038,90.9074074074074,36.870370370370374,17.27777777777778,3.074074074074074,0.6111111111111112,429.6111111111111,104.01851851851852,51.5,1.6481481481481481,35.27777777777778,237.27777777777777,53.370370370370374,15.037037037037036,CA
2002-01-01,COLORADO,275.67857142857144,210.35714285714286,58.607142857142854,6.142857142857143,0.5714285714285714,0.0,0.0,100.78571428571429,57.857142857142854,30.821428571428573,7.392857142857143,11.357142857142858,113.46428571428571,36.285714285714285,107.17857142857143,CO
2002-01-01,CONNECTICUT,286.0,174.25,77.125,18.5,12.5,3.625,0.0,220.625,117.0,44.75,5.25,33.25,178.5,66.0,3.0,CT
2002-01-01,DELAWARE,306.0,139.0,125.0,27.0,14.0,1.0,0.0,194.66666666666666,115.33333333333333,52.0,0.0,10.666666666666666,176.0,119.33333333333333,0.0,DE
2002-01-01,DISTRICT OF COLUMBIA,365.0,118.0,199.0,30.0,13.0,5.0,0.0,225.0,119.0,58.0,1.0,68.0,113.0,183.0,0.0,DC
2002-01-01,FLORIDA,349.69444444444446,287.77777777777777,58.22222222222222,3.611111111111111,0.08333333333333333,0.0,0.0,119.61111111111111,56.69444444444444,36.52777777777778,0.5555555555555556,4.444444444444445,254.36111111111111,65.13888888888889,25.194444444444443,FL
2002-01-01,GEORGIA,209.02941176470588,126.88235294117646,64.8529411764706,12.941176470588236,3.911764705882353,0.4411764705882353,0.0,154.11764705882354,86.94117647058823,44.11764705882353,0.08823529411764706,8.058823529411764,127.82352941176471,65.58823529411765,7.470588235294118,GA
2002-01-01,HAWAII,270.5,267.25,2.75,0.25,0.25,0.0,0.0,76.0,28.5,19.0,3.25,1.75,134.5,45.0,86.0,HI
2002-01-01,IDAHO,175.45833333333334,139.33333333333334,34.0,1.9583333333333333,0.16666666666666666,0.0,0.0,94.70833333333333,57.125,28.833333333333332,6.875,4.958333333333333,37.916666666666664,68.16666666666667,57.541666666666664,ID
2002-01-01,ILLINOIS,324.0,221.72,80.6,16.76,4.52,0.4,0.0,167.68,86.6,39.16,2.8,9.52,238.44,56.76,16.48,IL
2002-01-01,INDIANA,204.61904761904762,110.57142857142857,69.0952380952381,15.80952380952381,8.428571428571429,0.7142857142857143,0.0,162.0,99.5952380952381,45.45238095238095,0.7380952380952381,6.261904761904762,121.07142857142857,58.357142857142854,18.19047619047619,IN
2002-01-01,IOWA,235.95,171.85,59.65,4.2,0.25,0.0,0.0,108.15,64.5,35.85,0.45,1.95,90.2,82.15,61.2,IA
2002-01-01,KANSAS,207.66666666666666,155.46666666666667,44.86666666666667,7.066666666666666,0.26666666666666666,0.0,0.0,105.66666666666667,65.93333333333334,33.46666666666667,0.8666666666666667,11.266666666666667,118.8,39.2,37.53333333333333,KS
2002-01-01,KENTUCKY,263.2105263157895,171.5,67.28947368421052,18.42105263157895,5.842105263157895,0.15789473684210525,0.0,163.76315789473685,91.73684210526316,41.86842105263158,0.0,23.105263157894736,183.73684210526315,47.21052631578947,9.157894736842104,KY
2002-01-01,LOUISIANA,303.2962962962963,235.5185185185185,61.48148148148148,6.0,0.25925925925925924,0.037037037037037035,0.0,131.44444444444446,61.22222222222222,37.666666666666664,1.0740740740740742,5.074074074074074,204.66666666666666,92.0,0.48148148148148145,LA
2002-01-01,MAINE,234.92307692307693,204.53846153846155,20.53846153846154,5.615384615384615,3.6923076923076925,0.5384615384615384,0.0,155.69230769230768,59.53846153846154,29.692307692307693,0.0,26.923076923076923,176.53846153846155,14.615384615384615,16.846153846153847,ME
2002-01-01,MARYLAND,291.2307692307692,156.07692307692307,89.92307692307692,27.23076923076923,14.846153846153847,3.1538461538461537,0.0,205.92307692307693,126.61538461538461,48.0,0.0,5.615384615384615,215.76923076923077,69.76923076923077,0.07692307692307693,MD
2002-01-01,MASSACHUSETTS,298.3636363636364,191.72727272727272,80.72727272727273,16.454545454545453,7.545454545454546,1.9090909090909092,0.0,205.9090909090909,93.63636363636364,42.45454545454545,12.090909090909092,27.90909090909091,161.63636363636363,96.63636363636364,0.09090909090909091,MA
2002-01-01,MICHIGAN,236.96666666666667,153.76666666666668,62.5,13.866666666666667,6.466666666666667,0.36666666666666664,0.0,167.86666666666667,91.0,40.63333333333333,12.1,2.5,141.56666666666666,79.9,0.9,MI
2002-01-01,MINNESOTA,232.8125,188.5625,42.125,2.0,0.125,0.0,0.0,103.9375,55.9375,30.625,30.75,23.5,86.25,80.125,12.1875,MN
2002-01-01,MISSISSIPPI,224.65,155.6,63.1,5.2,0.75,0.0,0.0,140.75,70.05,43.65,1.95,6.55,122.45,93.6,0.1,MS
2002-01-01,MISSOURI,248.65,139.9,89.7,14.3,4.4,0.35,0.0,145.8,87.75,46.15,1.9,26.75,92.2,110.05,17.75,MO
2002-01-01,MONTANA,234.5909090909091,219.36363636363637,14.454545454545455,0.7272727272727273,0.045454545454545456,0.0,0.0,73.95454545454545,35.54545454545455,15.772727272727273,46.77272727272727,23.954545454545453,15.863636363636363,66.0909090909091,81.9090909090909,MT
2002-01-01,NEBRASKA,149.35714285714286,121.92857142857143,27.285714285714285,0.14285714285714285,0.0,0.0,0.0,77.92857142857143,51.214285714285715,26.357142857142858,9.428571428571429,0.0,20.785714285714285,93.07142857142857,26.071428571428573,NE
2002-01-01,NEVADA,350.7142857142857,250.14285714285714,85.71428571428571,13.428571428571429,1.1428571428571428,0.14285714285714285,0.14285714285714285,174.57142857142858,69.28571428571429,39.285714285714285,25.428571428571427,3.2857142857142856,196.71428571428572,19.571428571428573,105.71428571428571,NV
2002-01-01,NEW HAMPSHIRE,255.5,201.0,40.6,9.8,3.4,0.7,0.0,183.5,73.7,38.2,1.8,26.3,186.8,40.1,0.5,NH
2002-01-01,NEW JERSEY,338.8235294117647,224.47058823529412,76.58823529411765,21.41176470588235,13.705882352941176,2.6470588235294117,0.0,193.88235294117646,106.05882352941177,40.23529411764706,29.764705882352942,62.88235294117647,189.76470588235293,56.1764705882353,0.23529411764705882,NJ
2002-01-01,NEW MEXICO,213.88888888888889,159.44444444444446,47.77777777777778,6.222222222222222,0.3333333333333333,0.0,0.1111111111111111,103.5,50.44444444444444,26.666666666666668,12.666666666666666,7.277777777777778,94.72222222222223,85.38888888888889,13.833333333333334,NM
2002-01-01,NEW YORK,305.27777777777777,225.02777777777777,60.05555555555556,12.694444444444445,6.666666666666667,0.8333333333333334,0.0,176.91666666666666,81.72222222222223,36.611111111111114,10.055555555555555,28.61111111111111,197.58333333333334,57.666666666666664,11.36111111111111,NY
2002-01-01,NORTH CAROLINA,224.7058823529412,120.47058823529412,77.31372549019608,18.392156862745097,7.8431372549019605,0.6862745098039216,0.0,162.8235294117647,103.03921568627452,49.0,4.196078431372549,0.9411764705882353,147.0392156862745,70.84313725490196,1.6862745098039216,NC
2002-01-01,NORTH DAKOTA,302.77777777777777,287.3333333333333,15.444444444444445,0.0,0.0,0.0,0.0,72.77777777777777,41.888888888888886,26.77777777777778,0.0,33.0,228.77777777777777,32.44444444444444,8.555555555555555,ND
2002-01-01,OHIO,244.3409090909091,126.56818181818181,85.06818181818181,19.522727272727273,12.431818181818182,0.75,0.0,174.52272727272728,107.25,45.68181818181818,4.7272727272727275,0.9318181818181818,144.4318181818182,77.8409090909091,16.40909090909091,OH
2002-01-01,OKLAHOMA,229.52,165.68,54.36,8.92,0.56,0.0,0.0,126.36,73.84,37.04,0.6,17.88,142.28,55.16,13.6,OK
2002-01-01,OREGON,249.77777777777777,191.44444444444446,50.888888888888886,5.555555555555555,1.7777777777777777,0.1111111111111111,0.0,123.44444444444444,64.88888888888889,29.833333333333332,19.666666666666668,1.5,40.611111111111114,181.88888888888889,6.111111111111111,OR
2002-01-01,PENNSYLVANIA,334.85714285714283,199.4857142857143,95.74285714285715,25.542857142857144,12.485714285714286,1.6,0.0,195.54285714285714,108.31428571428572,45.31428571428572,10.914285714285715,53.542857142857144,166.37142857142857,98.25714285714285,5.771428571428571,PA
2002-01-01,RHODE ISLAND,280.0,176.0,76.0,17.666666666666668,9.0,1.3333333333333333,0.0,213.0,107.0,43.666666666666664,0.6666666666666666,21.0,147.0,110.66666666666667,0.6666666666666666,RI
2002-01-01,SOUTH CAROLINA,272.0740740740741,170.33333333333334,78.96296296296296,17.037037037037038,5.666666666666667,0.07407407407407407,0.0,159.07407407407408,93.48148148148148,43.55555555555556,0.0,6.777777777777778,177.88888888888889,69.77777777777777,17.62962962962963,SC
2002-01-01,SOUTH DAKOTA,201.625,172.25,28.5,0.875,0.0,0.0,0.0,78.5,45.875,23.625,0.0,27.5,26.125,83.5,64.5,SD
2002-01-01,TENNESSEE,271.17857142857144,165.78571428571428,76.96428571428571,20.25,7.892857142857143,0.2857142857142857,0.0,156.85714285714286,97.42857142857143,43.82142857142857,2.607142857142857,29.25,157.64285714285714,65.53571428571429,16.142857142857142,TN
2002-01-01,TEXAS,308.44444444444446,217.11111111111111,71.33333333333333,14.416666666666666,4.694444444444445,0.8333333333333334,0.05555555555555555,171.77777777777777,78.77777777777777,39.111111111111114,2.0,11.63888888888889,207.58333333333334,78.22222222222223,9.0,TX
2002-01-01,UTAH,208.71428571428572,123.42857142857143,68.71428571428571,13.071428571428571,3.5,0.0,0.0,110.78571428571429,64.35714285714286,32.42857142857143,5.0,41.5,84.0,63.142857142857146,15.071428571428571,UT
2002-01-01,VERMONT,287.0,230.5,47.75,6.5,2.25,0.0,0.0,150.75,67.0,34.0,8.25,63.25,133.25,81.75,0.5,VT
2002-01-01,VIRGINIA,228.3,146.65,61.4,15.2,4.275,0.775,0.0,145.8,81.9,37.875,8.9,37.325,115.325,53.45,13.3,VA
2002-01-01,WASHINGTON,210.66666666666666,160.88888888888889,46.925925925925924,2.7037037037037037,0.14814814814814814,0.0,0.0,100.29629629629629,60.925925925925924,31.185185185185187,7.555555555555555,1.4444444444444444,59.629629629629626,119.0,23.037037037037038,WA
2002-01-01,WEST VIRGINIA,242.64705882352942,149.94117647058823,73.23529411764706,14.647058823529411,4.647058823529412,0.17647058823529413,0.0,163.58823529411765,89.05882352941177,44.705882352941174,12.529411764705882,0.0,121.05882352941177,86.29411764705883,22.764705882352942,WV
2002-01-01,WISCONSIN,213.71428571428572,151.2,50.77142857142857,8.742857142857142,2.5714285714285716,0.42857142857142855,0.0,145.28571428571428,78.82857142857142,38.114285714285714,7.057142857142857,0.02857142857142857,152.77142857142857,50.42857142857143,3.4285714285714284,WI
2002-01-01,WYOMING,209.0,159.93333333333334,46.0,2.7333333333333334,0.26666666666666666,0.06666666666666667,0.0,104.53333333333333,53.46666666666667,26.8,0.4,0.0,83.13333333333334,29.266666666666666,96.2,WY
2003-01-01,ALABAMA,234.0,143.95833333333334,80.95833333333333,8.541666666666666,0.5416666666666666,0.0,0.0,132.75,73.5,43.416666666666664,1.625,0.5416666666666666,142.75,79.20833333333333,9.875,AL
2003-01-01,ALASKA,191.28571428571428,178.42857142857142,12.142857142857142,0.42857142857142855,0.14285714285714285,0.0,0.14285714285714285,141.28571428571428,42.0,17.857142857142858,38.57142857142857,0.0,51.714285714285715,82.28571428571429,18.714285714285715,AK
2003-01-01,ARIZONA,267.61538461538464,145.84615384615384,103.07692307692308,17.153846153846153,1.5384615384615385,0.0,0.0,126.76923076923077,79.6923076923077,45.38461538461539,0.46153846153846156,13.384615384615385,183.76923076923077,26.615384615384617,43.38461538461539,AZ
2003-01-01,ARKANSAS,163.8095238095238,104.85714285714286,56.476190476190474,2.142857142857143,0.2857142857142857,0.047619047619047616,0.0,103.66666666666667,65.71428571428571,45.04761904761905,0.0,0.5238095238095238,66.71428571428571,96.57142857142857,0.0,AR
2003-01-01,CALIFORNIA,340.01851851851853,199.24074074074073,89.5925925925926,33.351851851851855,13.981481481481481,3.388888888888889,0.46296296296296297,576.9629629629629,100.27777777777777,50.5,1.2222222222222223,33.851851851851855,244.59259259259258,50.7962962962963,9.555555555555555,CA
2003-01-01,COLORADO,279.0357142857143,219.96428571428572,50.57142857142857,7.321428571428571,1.0,0.17857142857142858,0.0,110.96428571428571,57.107142857142854,30.535714285714285,6.214285714285714,11.571428571428571,119.64285714285714,36.17857142857143,105.42857142857143,CO
2003-01-01,CONNECTICUT,287.5,185.875,82.375,14.75,3.375,1.125,0.0,189.875,85.375,44.625,4.125,25.375,176.25,77.125,4.625,CT
2003-01-01,DELAWARE,303.0,161.0,118.0,20.0,2.6666666666666665,1.3333333333333333,0.0,210.66666666666666,94.33333333333333,48.0,0.0,11.333333333333334,168.66666666666666,122.66666666666667,0.3333333333333333,DE
2003-01-01,DISTRICT OF COLUMBIA,365.0,128.0,213.0,20.0,2.0,2.0,0.0,207.0,92.0,57.0,1.0,80.0,66.0,217.0,1.0,DC
2003-01-01,FLORIDA,354.72222222222223,288.1388888888889,58.083333333333336,7.972222222222222,0.5277777777777778,0.0,0.0,139.52777777777777,58.75,36.388888888888886,0.6111111111111112,3.388888888888889,245.72222222222223,71.61111111111111,33.388888888888886,FL
2003-01-01,GEORGIA,216.5151515151515,127.78787878787878,79.21212121212122,8.666666666666666,0.7575757575757576,0.09090909090909091,0.0,133.84848484848484,76.48484848484848,44.75757575757576,0.21212121212121213,6.636363636363637,110.87878787878788,92.42424242424242,6.363636363636363,GA
2003-01-01,HAWAII,281.0,273.25,7.25,0.25,0.25,0.0,0.0,90.0,32.25,20.5,3.5,4.25,123.25,58.75,91.25,HI
2003-01-01,IDAHO,194.54545454545453,166.77272727272728,26.863636363636363,0.8636363636363636,0.045454545454545456,0.0,0.0,91.13636363636364,48.22727272727273,25.954545454545453,8.045454545454545,12.045454545454545,41.77272727272727,74.18181818181819,58.5,ID
2003-01-01,ILLINOIS,326.36,240.48,74.64,10.48,0.68,0.08,0.0,141.92,72.48,37.64,2.0,10.56,248.88,49.12,15.8,IL
2003-01-01,INDIANA,211.7,120.325,76.325,12.525,2.475,0.05,0.0,155.425,86.275,45.2,2.0,8.35,128.9,62.425,10.025,IN
2003-01-01,IOWA,233.76190476190476,169.8095238095238,60.666666666666664,3.2857142857142856,0.0,0.0,0.0,103.85714285714286,64.28571428571429,36.23809523809524,0.38095238095238093,2.0,91.38095238095238,80.14285714285714,59.857142857142854,IA
2003-01-01,KANSAS,240.1875,175.4375,54.3125,9.75,0.625,0.0625,0.0,130.875,68.6875,35.0,0.4375,10.625,147.75,45.25,36.125,KS
2003-01-01,KENTUCKY,272.3611111111111,183.11111111111111,78.80555555555556,9.75,0.6666666666666666,0.027777777777777776,0.0,140.72222222222223,76.66666666666667,42.166666666666664,0.16666666666666666,20.333333333333332,191.77777777777777,51.166666666666664,8.916666666666666,KY
2003-01-01,LOUISIANA,301.81481481481484,210.66666666666666,77.92592592592592,11.148148148148149,1.8518518518518519,0.2222222222222222,0.0,152.37037037037038,72.33333333333333,40.48148148148148,0.037037037037037035,4.296296296296297,201.33333333333334,95.62962962962963,0.5185185185185185,LA
2003-01-01,MAINE,234.3846153846154,209.46153846153845,19.692307692307693,4.384615384615385,0.6923076923076923,0.15384615384615385,0.0,135.15384615384616,52.53846153846154,30.846153846153847,0.0,21.46153846153846,181.23076923076923,14.307692307692308,17.384615384615383,ME
2003-01-01,MARYLAND,283.7692307692308,177.0,87.92307692307692,15.076923076923077,2.3076923076923075,1.4615384615384615,0.0,205.46153846153845,90.84615384615384,44.07692307692308,0.07692307692307693,6.3076923076923075,199.3846153846154,75.84615384615384,2.1538461538461537,MD
2003-01-01,MASSACHUSETTS,271.5833333333333,180.83333333333334,77.58333333333333,10.5,2.4166666666666665,0.25,0.0,169.58333333333334,79.16666666666667,40.083333333333336,15.5,13.166666666666666,144.83333333333334,98.0,0.08333333333333333,MA
2003-01-01,MICHIGAN,241.48275862068965,163.48275862068965,63.89655172413793,10.482758620689655,3.206896551724138,0.41379310344827586,0.0,174.0,82.86206896551724,41.13793103448276,13.068965517241379,2.7586206896551726,149.27586206896552,74.65517241379311,1.7241379310344827,MI
2003-01-01,MINNESOTA,252.33333333333334,178.05555555555554,70.55555555555556,3.5555555555555554,0.16666666666666666,0.0,0.0,121.22222222222223,66.88888888888889,37.5,8.11111111111111,11.38888888888889,98.11111111111111,122.27777777777777,12.444444444444445,MN
2003-01-01,MISSISSIPPI,230.94736842105263,141.1578947368421,82.26315789473684,6.7368421052631575,0.7894736842105263,0.0,0.0,125.10526315789474,76.05263157894737,46.578947368421055,0.0,4.526315789473684,121.63157894736842,104.57894736842105,0.21052631578947367,MS
2003-01-01,MISSOURI,258.1,150.9,94.6,10.6,1.7,0.3,0.0,148.05,79.6,44.75,0.8,33.0,97.65,109.9,16.75,MO
2003-01-01,MONTANA,238.9047619047619,218.14285714285714,18.238095238095237,1.7619047619047619,0.7142857142857143,0.047619047619047616,0.0,105.61904761904762,37.666666666666664,15.476190476190476,47.666666666666664,21.523809523809526,9.571428571428571,71.38095238095238,88.76190476190476,MT
2003-01-01,NEBRASKA,157.75,127.08333333333333,30.0,0.5833333333333334,0.08333333333333333,0.0,0.0,96.58333333333333,54.333333333333336,28.5,9.916666666666666,0.0,23.25,91.41666666666667,33.166666666666664,NE
2003-01-01,NEVADA,294.875,209.125,75.0,9.125,1.5,0.125,0.0,128.875,64.5,37.125,27.125,3.125,175.75,28.125,60.75,NV
2003-01-01,NEW HAMPSHIRE,263.6666666666667,210.22222222222223,46.111111111111114,7.333333333333333,0.0,0.0,0.0,137.0,67.22222222222223,38.44444444444444,3.2222222222222223,26.0,187.44444444444446,46.666666666666664,0.3333333333333333,NH
2003-01-01,NEW JERSEY,335.8235294117647,236.11764705882354,80.6470588235294,15.117647058823529,2.764705882352941,1.1764705882352942,0.0,184.11764705882354,80.94117647058823,39.35294117647059,30.529411764705884,63.94117647058823,180.0,60.76470588235294,0.5882352941176471,NJ
2003-01-01,NEW MEXICO,214.88235294117646,155.11764705882354,50.529411764705884,8.294117647058824,0.5882352941176471,0.17647058823529413,0.17647058823529413,155.7058823529412,52.411764705882355,29.235294117647058,10.882352941176471,11.352941176470589,83.76470588235294,89.52941176470588,19.352941176470587,NM
2003-01-01,NEW YORK,301.8888888888889,235.47222222222223,56.333333333333336,7.194444444444445,2.5,0.3888888888888889,0.0,167.61111111111111,66.47222222222223,36.19444444444444,13.444444444444445,22.916666666666668,200.41666666666666,52.27777777777778,12.833333333333334,NY
2003-01-01,NORTH CAROLINA,216.87037037037038,130.62962962962962,75.24074074074075,9.425925925925926,1.4444444444444444,0.12962962962962962,0.0,148.6851851851852,80.48148148148148,45.51851851851852,4.12962962962963,1.2222222222222223,136.16666666666666,74.05555555555556,1.2962962962962963,NC
2003-01-01,NORTH DAKOTA,277.1111111111111,256.44444444444446,20.11111111111111,0.5555555555555556,0.0,0.0,0.0,90.11111111111111,43.0,27.333333333333332,0.0,27.88888888888889,198.22222222222223,42.77777777777778,8.222222222222221,ND
2003-01-01,OHIO,246.75,139.77272727272728,91.45454545454545,11.954545454545455,2.772727272727273,0.7954545454545454,0.0,174.29545454545453,81.81818181818181,44.31818181818182,4.840909090909091,1.2272727272727273,142.04545454545453,81.97727272727273,16.65909090909091,OH
2003-01-01,OKLAHOMA,245.46153846153845,167.73076923076923,68.65384615384616,8.423076923076923,0.6538461538461539,0.0,0.0,123.34615384615384,71.88461538461539,40.65384615384615,1.9615384615384615,8.615384615384615,166.92307692307693,49.88461538461539,18.076923076923077,OK
2003-01-01,OREGON,192.23529411764707,162.2941176470588,26.58823529411765,3.0588235294117645,0.29411764705882354,0.0,0.0,106.0,53.8235294117647,25.294117647058822,51.0,3.1176470588235294,44.76470588235294,85.47058823529412,7.882352941176471,OR
2003-01-01,PENNSYLVANIA,333.9714285714286,208.6,107.77142857142857,14.0,2.8285714285714287,0.7714285714285715,0.0,190.34285714285716,81.08571428571429,43.82857142857143,11.657142857142857,51.94285714285714,149.65714285714284,113.77142857142857,6.942857142857143,PA
2003-01-01,RHODE ISLAND,258.3333333333333,170.0,75.66666666666667,8.666666666666666,3.6666666666666665,0.3333333333333333,0.0,201.66666666666666,81.33333333333333,43.0,0.0,20.0,144.66666666666666,90.0,3.6666666666666665,RI
2003-01-01,SOUTH CAROLINA,280.44444444444446,196.0,76.92592592592592,7.2592592592592595,0.25925925925925924,0.0,0.0,126.51851851851852,72.77777777777777,40.2962962962963,0.037037037037037035,16.444444444444443,172.40740740740742,75.0,16.555555555555557,SC
2003-01-01,SOUTH DAKOTA,191.0,153.625,36.375,1.0,0.0,0.0,0.0,86.125,56.875,30.0,0.0,17.5,40.125,83.25,50.125,SD
2003-01-01,TENNESSEE,268.8333333333333,167.63333333333333,87.83333333333333,11.766666666666667,1.6,0.0,0.0,144.23333333333332,80.96666666666667,44.166666666666664,1.5333333333333334,24.133333333333333,165.13333333333333,61.9,16.133333333333333,TN
2003-01-01,TEXAS,291.6666666666667,197.02564102564102,76.12820512820512,14.051282051282051,3.7435897435897436,0.6153846153846154,0.10256410256410256,174.64102564102564,80.28205128205128,40.23076923076923,1.7692307692307692,11.128205128205128,211.02564102564102,57.743589743589745,10.0,TX
2003-01-01,UTAH,206.0,127.92857142857143,66.78571428571429,10.428571428571429,0.7857142857142857,0.07142857142857142,0.0,113.78571428571429,59.357142857142854,30.142857142857142,2.0714285714285716,49.07142857142857,81.78571428571429,57.5,15.571428571428571,UT
2003-01-01,VERMONT,200.6,171.2,26.6,2.8,0.0,0.0,0.0,93.4,53.8,29.4,0.6,48.8,114.2,36.0,1.0,VT
2003-01-01,VIRGINIA,218.0,153.025,57.8,5.7,1.225,0.25,0.0,146.075,64.975,36.3,6.2,36.625,105.125,57.675,12.375,VA
2003-01-01,WASHINGTON,271.96666666666664,212.86666666666667,55.1,3.8333333333333335,0.1,0.0,0.06666666666666667,177.63333333333333,59.733333333333334,30.833333333333332,5.766666666666667,1.1666666666666667,55.93333333333333,194.46666666666667,14.633333333333333,WA
2003-01-01,WEST VIRGINIA,238.88888888888889,159.44444444444446,72.94444444444444,5.166666666666667,1.2222222222222223,0.1111111111111111,0.0,150.44444444444446,72.33333333333333,42.611111111111114,10.444444444444445,9.777777777777779,110.55555555555556,84.88888888888889,23.22222222222222,WV
2003-01-01,WISCONSIN,201.2,144.0857142857143,46.94285714285714,8.942857142857143,1.0571428571428572,0.17142857142857143,0.0,140.37142857142857,77.77142857142857,39.8,2.5428571428571427,1.9428571428571428,155.82857142857142,35.885714285714286,5.0,WI
2003-01-01,WYOMING,219.66666666666666,170.66666666666666,45.4,3.533333333333333,0.06666666666666667,0.0,0.0,101.6,52.53333333333333,26.133333333333333,0.13333333333333333,15.333333333333334,76.2,36.666666666666664,91.33333333333333,WY
2004-01-01,ALABAMA,236.8,156.64,73.56,6.2,0.36,0.04,0.0,120.2,69.8,42.28,0.4,0.64,146.44,79.4,9.92,AL
2004-01-01,ALASKA,154.8,143.3,9.4,0.7,0.4,0.3,0.7,160.1,39.9,15.3,28.7,0.0,36.0,76.7,13.4,AK
2004-01-01,ARIZONA,268.7692307692308,168.76923076923077,90.15384615384616,9.615384615384615,0.15384615384615385,0.0,0.07692307692307693,129.69230769230768,71.0,41.30769230769231,0.07692307692307693,10.923076923076923,187.23076923076923,27.923076923076923,42.61538461538461,AZ
2004-01-01,ARKANSAS,184.11764705882354,128.23529411764707,54.1764705882353,1.588235294117647,0.11764705882352941,0.0,0.0,100.94117647058823,64.58823529411765,42.529411764705884,0.0,0.35294117647058826,84.41176470588235,99.3529411764706,0.0,AR
2004-01-01,CALIFORNIA,349.20754716981133,204.77358490566039,101.13207547169812,31.62264150943396,9.924528301886792,1.2264150943396226,0.5283018867924528,261.3207547169811,93.54716981132076,49.698113207547166,0.8301886792452831,25.20754716981132,244.9056603773585,67.86792452830188,10.39622641509434,CA
2004-01-01,COLORADO,278.5357142857143,227.78571428571428,48.57142857142857,2.1785714285714284,0.0,0.0,0.0,85.53571428571429,48.92857142857143,29.0,7.035714285714286,10.892857142857142,124.07142857142857,37.57142857142857,98.96428571428571,CO
2004-01-01,CONNECTICUT,285.0,199.0,73.75,10.5,1.5,0.25,0.0,182.125,76.25,41.625,4.375,21.625,172.5,83.25,3.25,CT
2004-01-01,DELAWARE,297.3333333333333,153.0,128.66666666666666,14.666666666666666,1.0,0.0,0.0,157.66666666666666,91.33333333333333,49.333333333333336,0.0,7.333333333333333,151.33333333333334,138.66666666666666,0.0,DE
2004-01-01,DISTRICT OF COLUMBIA,366.0,134.0,212.0,17.0,3.0,0.0,0.0,190.0,86.0,56.0,0.0,87.0,57.0,220.0,2.0,DC
2004-01-01,FLORIDA,340.5833333333333,253.30555555555554,79.41666666666667,7.138888888888889,0.6944444444444444,0.027777777777777776,0.0,137.05555555555554,65.30555555555556,39.69444444444444,0.8888888888888888,2.2222222222222223,226.0,83.0,28.47222222222222,FL
2004-01-01,GEORGIA,235.27272727272728,126.81818181818181,100.0,7.2727272727272725,1.121212121212121,0.06060606060606061,0.0,136.45454545454547,77.42424242424242,48.333333333333336,0.030303030303030304,5.0,104.15151515151516,122.48484848484848,3.606060606060606,GA
2004-01-01,HAWAII,213.5,210.75,2.25,0.0,0.5,0.0,0.0,79.5,29.5,15.0,5.25,0.75,53.0,69.25,85.25,HI
2004-01-01,IDAHO,226.95833333333334,189.5,35.75,1.5833333333333333,0.125,0.0,0.0,100.125,53.458333333333336,29.083333333333332,2.9583333333333335,3.25,38.166666666666664,147.29166666666666,35.291666666666664,ID
2004-01-01,ILLINOIS,326.6,262.0,60.88,3.6,0.12,0.0,0.0,113.24,60.04,36.08,2.92,9.4,249.8,48.04,16.44,IL
2004-01-01,INDIANA,225.1578947368421,147.47368421052633,72.52631578947368,5.026315789473684,0.13157894736842105,0.0,0.0,121.21052631578948,74.05263157894737,43.76315789473684,2.5526315789473686,14.763157894736842,133.94736842105263,63.86842105263158,10.026315789473685,IN
2004-01-01,IOWA,240.04761904761904,191.42857142857142,47.04761904761905,1.5238095238095237,0.047619047619047616,0.0,0.0,102.04761904761905,56.0,32.857142857142854,0.3333333333333333,1.4761904761904763,89.33333333333333,78.42857142857143,70.47619047619048,IA
2004-01-01,KANSAS,259.6875,223.625,35.125,0.9375,0.0,0.0,0.0,87.9375,50.1875,31.0,1.25,10.875,166.1875,47.375,34.0,KS
2004-01-01,KENTUCKY,272.1111111111111,200.41666666666666,68.94444444444444,2.6944444444444446,0.05555555555555555,0.0,0.0,112.66666666666667,64.52777777777777,40.69444444444444,0.027777777777777776,17.055555555555557,189.36111111111111,55.916666666666664,9.75,KY
2004-01-01,LOUISIANA,302.48148148148147,220.96296296296296,72.0,8.74074074074074,0.7407407407407407,0.037037037037037035,0.0,138.07407407407408,69.0,38.407407407407405,0.14814814814814814,3.259259259259259,203.88888888888889,94.70370370370371,0.48148148148148145,LA
2004-01-01,MAINE,240.3846153846154,218.07692307692307,18.46153846153846,3.6923076923076925,0.15384615384615385,0.0,0.0,123.53846153846153,50.53846153846154,31.53846153846154,0.0,15.538461538461538,199.15384615384616,11.23076923076923,14.461538461538462,ME
2004-01-01,MARYLAND,275.57142857142856,165.57142857142858,90.92857142857143,17.142857142857142,1.8571428571428572,0.07142857142857142,0.0,171.07142857142858,90.71428571428571,45.5,0.0,3.2142857142857144,189.07142857142858,81.28571428571429,2.0,MD
2004-01-01,MASSACHUSETTS,305.3333333333333,208.41666666666666,88.08333333333333,7.583333333333333,1.1666666666666667,0.08333333333333333,0.0,159.25,72.08333333333333,39.916666666666664,16.416666666666668,11.833333333333334,143.75,132.91666666666666,0.4166666666666667,MA
2004-01-01,MICHIGAN,245.44827586206895,182.3793103448276,57.89655172413793,5.0,0.13793103448275862,0.034482758620689655,0.0,132.20689655172413,70.03448275862068,37.206896551724135,12.275862068965518,2.7586206896551726,154.06896551724137,75.13793103448276,1.206896551724138,MI
2004-01-01,MINNESOTA,269.3333333333333,209.38888888888889,58.0,1.8333333333333333,0.1111111111111111,0.0,0.0,107.38888888888889,59.611111111111114,35.22222222222222,1.1666666666666667,7.833333333333333,112.5,142.94444444444446,4.888888888888889,MN
2004-01-01,MISSISSIPPI,236.95,154.0,77.95,4.75,0.25,0.0,0.0,118.4,72.15,44.3,0.0,6.3,116.15,114.35,0.15,MS
2004-01-01,MISSOURI,242.0909090909091,168.13636363636363,70.86363636363636,3.0454545454545454,0.045454545454545456,0.0,0.0,110.5,67.86363636363636,41.68181818181818,0.36363636363636365,28.772727272727273,98.86363636363636,92.04545454545455,22.045454545454547,MO
2004-01-01,MONTANA,227.2,210.55,15.55,0.8,0.25,0.05,0.0,98.2,37.05,17.1,35.4,3.8,9.9,93.55,84.55,MT
2004-01-01,NEBRASKA,166.91666666666666,141.41666666666666,24.833333333333332,0.6666666666666666,0.0,0.0,0.0,86.08333333333333,49.916666666666664,28.333333333333332,9.416666666666666,0.0,27.583333333333332,97.91666666666667,32.0,NE
2004-01-01,NEVADA,330.625,254.125,68.5,7.625,0.375,0.0,0.0,112.375,58.75,34.0,56.875,1.375,146.375,33.0,93.0,NV
2004-01-01,NEW HAMPSHIRE,276.125,228.625,41.0,5.375,1.125,0.0,0.0,160.75,61.0,37.375,1.125,28.625,190.75,55.375,0.25,NH
2004-01-01,NEW JERSEY,336.2352941176471,248.7058823529412,74.70588235294117,10.941176470588236,1.8823529411764706,0.0,0.0,152.88235294117646,74.76470588235294,38.0,31.11764705882353,64.76470588235294,176.88235294117646,63.23529411764706,0.23529411764705882,NJ
2004-01-01,NEW MEXICO,226.5,171.8125,50.375,3.8125,0.3125,0.125,0.0625,129.9375,45.5625,27.25,3.375,7.6875,85.5,103.0625,26.875,NM
2004-01-01,NEW YORK,323.44117647058823,266.1764705882353,51.029411764705884,5.705882352941177,0.5,0.029411764705882353,0.0,138.7058823529412,60.705882352941174,34.470588235294116,16.88235294117647,22.558823529411764,219.44117647058823,56.05882352941177,8.5,NY
2004-01-01,NORTH CAROLINA,228.46,143.94,78.24,6.18,0.08,0.02,0.0,122.08,76.4,45.3,3.76,1.14,136.56,85.5,1.5,NC
2004-01-01,NORTH DAKOTA,292.0,283.8888888888889,8.11111111111111,0.0,0.0,0.0,0.0,63.333333333333336,40.333333333333336,28.0,0.0,4.666666666666667,248.55555555555554,28.88888888888889,9.88888888888889,ND
2004-01-01,OHIO,245.04545454545453,160.52272727272728,74.43181818181819,9.659090909090908,0.4318181818181818,0.0,0.0,127.22727272727273,74.13636363636364,41.06818181818182,8.5,1.4545454545454546,148.8181818181818,69.13636363636364,17.136363636363637,OH
2004-01-01,OKLAHOMA,269.0,208.6,56.0,4.24,0.16,0.0,0.0,116.4,64.24,37.32,0.88,7.16,190.48,51.52,18.96,OK
2004-01-01,OREGON,328.3333333333333,255.83333333333334,67.05555555555556,4.888888888888889,0.5555555555555556,0.0,0.0,122.55555555555556,64.66666666666667,28.055555555555557,4.722222222222222,0.2777777777777778,40.72222222222222,279.1666666666667,3.4444444444444446,OR
2004-01-01,PENNSYLVANIA,327.52777777777777,212.94444444444446,101.38888888888889,11.916666666666666,1.2777777777777777,0.0,0.0,139.52777777777777,75.86111111111111,42.0,10.583333333333334,54.361111111111114,143.33333333333334,113.36111111111111,5.888888888888889,PA
2004-01-01,RHODE ISLAND,259.3333333333333,186.33333333333334,64.66666666666667,5.666666666666667,2.3333333333333335,0.3333333333333333,0.0,190.66666666666666,77.0,40.333333333333336,0.6666666666666666,19.0,148.33333333333334,87.66666666666667,3.6666666666666665,RI
2004-01-01,SOUTH CAROLINA,282.9259259259259,191.40740740740742,84.4074074074074,6.777777777777778,0.3333333333333333,0.0,0.0,129.74074074074073,73.11111111111111,42.2962962962963,0.0,8.222222222222221,182.2962962962963,71.5925925925926,20.814814814814813,SC
2004-01-01,SOUTH DAKOTA,214.5,178.375,35.875,0.25,0.0,0.0,0.0,85.5,50.375,31.125,0.0,12.375,65.5,89.5,47.125,SD
2004-01-01,TENNESSEE,259.0689655172414,169.6551724137931,83.34482758620689,5.827586206896552,0.2413793103448276,0.0,0.0,122.55172413793103,70.51724137931035,42.37931034482759,0.41379310344827586,23.103448275862068,150.82758620689654,68.44827586206897,16.275862068965516,TN
2004-01-01,TEXAS,306.5,226.44736842105263,63.6578947368421,12.578947368421053,3.3684210526315788,0.4473684210526316,0.0,152.78947368421052,75.02631578947368,37.1578947368421,0.9736842105263158,12.605263157894736,230.5,52.81578947368421,9.605263157894736,TX
2004-01-01,UTAH,260.75,162.58333333333334,84.08333333333333,9.083333333333334,5.0,0.0,0.0,113.41666666666667,64.5,34.916666666666664,0.9166666666666666,51.583333333333336,130.5,64.0,13.75,UT
2004-01-01,VERMONT,249.0,214.8,31.6,2.4,0.2,0.0,0.0,107.2,51.4,26.8,3.8,53.8,115.0,64.0,12.4,VT
2004-01-01,VIRGINIA,233.8421052631579,172.21052631578948,56.3421052631579,4.631578947368421,0.5526315789473685,0.10526315789473684,0.0,118.1842105263158,61.8421052631579,35.10526315789474,8.131578947368421,45.421052631578945,113.52631578947368,54.36842105263158,12.394736842105264,VA
2004-01-01,WASHINGTON,323.67857142857144,257.5,63.67857142857143,2.1785714285714284,0.2857142857142857,0.0,0.03571428571428571,115.14285714285714,57.57142857142857,31.428571428571427,6.714285714285714,2.642857142857143,53.82142857142857,250.5,10.0,WA
2004-01-01,WEST VIRGINIA,247.66666666666666,175.5,69.33333333333333,2.7222222222222223,0.05555555555555555,0.05555555555555555,0.0,123.27777777777777,68.38888888888889,41.55555555555556,9.166666666666666,20.166666666666668,104.83333333333333,89.72222222222223,23.77777777777778,WV
2004-01-01,WISCONSIN,212.11764705882354,174.3235294117647,34.35294117647059,3.264705882352941,0.17647058823529413,0.0,0.0,118.47058823529412,59.5,36.11764705882353,0.0,3.5,167.02941176470588,35.705882352941174,5.882352941176471,WI
2004-01-01,WYOMING,242.35714285714286,200.78571428571428,39.92857142857143,1.2857142857142858,0.14285714285714285,0.0,0.21428571428571427,138.71428571428572,47.5,24.571428571428573,0.42857142857142855,18.642857142857142,87.64285714285714,35.42857142857143,100.21428571428571,WY
2005-01-01,ALABAMA,237.25,143.20833333333334,84.83333333333333,8.583333333333334,0.625,0.0,0.0,122.79166666666667,74.5,44.125,1.625,0.2916666666666667,143.66666666666666,81.875,9.791666666666666,AL
2005-01-01,ALASKA,167.66666666666666,154.88888888888889,11.88888888888889,0.6666666666666666,0.2222222222222222,0.0,0.0,87.55555555555556,38.666666666666664,16.22222222222222,28.555555555555557,0.0,39.77777777777778,85.77777777777777,13.555555555555555,AK
2005-01-01,ARIZONA,273.5,160.85714285714286,94.07142857142857,16.642857142857142,1.9285714285714286,0.0,0.0,131.85714285714286,80.5,42.714285714285715,0.07142857142857142,5.642857142857143,165.92857142857142,25.214285714285715,76.64285714285714,AZ
2005-01-01,ARKANSAS,192.86666666666667,107.0,76.93333333333334,8.133333333333333,0.7333333333333333,0.06666666666666667,0.0,127.26666666666667,82.46666666666667,50.6,0.0,3.0,91.86666666666666,98.0,0.0,AR
2005-01-01,CALIFORNIA,345.75471698113205,216.9433962264151,91.69811320754717,25.735849056603772,9.528301886792454,1.471698113207547,0.37735849056603776,255.28301886792454,90.64150943396227,45.9811320754717,0.9433962264150944,24.849056603773583,238.18867924528303,72.52830188679245,9.245283018867925,CA
2005-01-01,COLORADO,279.0,217.21428571428572,55.857142857142854,5.785714285714286,0.14285714285714285,0.0,0.0,99.5,54.785714285714285,30.464285714285715,2.142857142857143,10.035714285714286,128.57142857142858,32.964285714285715,105.28571428571429,CO
2005-01-01,CONNECTICUT,293.375,198.625,71.875,15.75,6.125,1.0,0.0,194.75,91.5,42.75,4.125,31.25,191.25,66.75,0.0,CT
2005-01-01,DELAWARE,297.6666666666667,139.0,130.0,23.333333333333332,5.0,0.3333333333333333,0.0,186.66666666666666,99.66666666666667,51.666666666666664,0.0,8.0,168.66666666666666,120.66666666666667,0.3333333333333333,DE
2005-01-01,DISTRICT OF COLUMBIA,365.0,126.0,209.0,26.0,4.0,0.0,0.0,169.0,97.0,57.0,0.0,56.0,90.0,213.0,6.0,DC
2005-01-01,FLORIDA,349.5,254.41666666666666,86.19444444444444,8.38888888888889,0.5,0.0,0.0,133.88888888888889,67.88888888888889,39.638888888888886,0.1111111111111111,2.0555555555555554,226.77777777777777,90.19444444444444,30.36111111111111,FL
2005-01-01,GEORGIA,238.71428571428572,123.11428571428571,101.02857142857142,13.371428571428572,1.1428571428571428,0.05714285714285714,0.0,140.8,83.37142857142857,48.31428571428572,0.02857142857142857,4.457142857142857,105.8,125.22857142857143,3.2,GA
2005-01-01,HAWAII,260.75,252.5,7.25,0.75,0.25,0.0,0.0,95.75,35.75,15.5,0.75,3.5,51.25,58.75,146.5,HI
2005-01-01,IDAHO,276.4782608695652,227.69565217391303,45.43478260869565,2.608695652173913,0.7391304347826086,0.0,0.0,111.34782608695652,53.130434782608695,26.043478260869566,2.1739130434782608,0.13043478260869565,24.391304347826086,223.1304347826087,26.652173913043477,ID
2005-01-01,ILLINOIS,326.48,224.24,85.68,14.52,1.92,0.12,0.0,145.6,81.92,39.88,2.24,8.52,254.68,45.24,15.8,IL
2005-01-01,INDIANA,220.72972972972974,111.1891891891892,88.24324324324324,19.54054054054054,1.7297297297297298,0.02702702702702703,0.0,151.43243243243242,95.94594594594595,49.351351351351354,0.3783783783783784,8.18918918918919,132.75675675675674,72.21621621621621,7.1891891891891895,IN
2005-01-01,IOWA,248.25,176.95,65.35,5.9,0.05,0.0,0.0,122.2,66.65,37.25,0.35,2.1,94.05,78.55,73.2,IA
2005-01-01,KANSAS,257.9375,193.3125,56.75,7.5,0.3125,0.0625,0.0,117.25,65.0,34.375,1.0,13.4375,165.25,43.3125,34.9375,KS
2005-01-01,KENTUCKY,278.61764705882354,169.5,90.67647058823529,17.647058823529413,0.7647058823529411,0.029411764705882353,0.0,142.1764705882353,87.91176470588235,44.970588235294116,0.0,17.5,192.76470588235293,58.38235294117647,9.970588235294118,KY
2005-01-01,LOUISIANA,280.35714285714283,171.39285714285714,94.57142857142857,12.714285714285714,1.6428571428571428,0.03571428571428571,0.0,142.42857142857142,81.07142857142857,45.25,0.07142857142857142,4.357142857142857,182.53571428571428,93.14285714285714,0.25,LA
2005-01-01,MAINE,261.6363636363636,232.63636363636363,23.454545454545453,5.0,0.5454545454545454,0.0,0.0,142.8181818181818,58.0,34.54545454545455,0.0,12.727272727272727,231.63636363636363,9.0,8.272727272727273,ME
2005-01-01,MARYLAND,280.46666666666664,161.86666666666667,93.33333333333333,20.6,4.333333333333333,0.3333333333333333,0.0,174.46666666666667,98.6,46.4,0.13333333333333333,3.7333333333333334,198.86666666666667,72.46666666666667,5.266666666666667,MD
2005-01-01,MASSACHUSETTS,306.1666666666667,201.25,87.08333333333333,13.666666666666666,4.083333333333333,0.08333333333333333,0.0,173.0,82.0,42.916666666666664,8.0,9.916666666666666,158.58333333333334,129.33333333333334,0.3333333333333333,MA
2005-01-01,MICHIGAN,227.80645161290323,145.70967741935485,63.645161290322584,15.612903225806452,2.7096774193548385,0.12903225806451613,0.0,156.6451612903226,88.51612903225806,41.354838709677416,8.258064516129032,2.0,146.93548387096774,70.06451612903226,0.5483870967741935,MI
2005-01-01,MINNESOTA,270.85,194.25,72.0,3.8,0.8,0.0,0.0,135.2,66.0,37.75,0.7,4.1,106.65,156.55,2.85,MN
2005-01-01,MISSISSIPPI,212.57894736842104,112.6842105263158,90.0,9.473684210526315,0.42105263157894735,0.0,0.0,128.3684210526316,78.73684210526316,47.63157894736842,0.0,2.6315789473684212,93.3157894736842,116.63157894736842,0.0,MS
2005-01-01,MISSOURI,257.42857142857144,144.1904761904762,91.85714285714286,18.333333333333332,3.0,0.047619047619047616,0.0,149.38095238095238,92.33333333333333,47.0,0.23809523809523808,29.61904761904762,120.0952380952381,84.42857142857143,23.047619047619047,MO
2005-01-01,MONTANA,233.2,208.65,22.5,1.75,0.3,0.0,0.0,88.65,41.25,18.25,30.8,0.1,19.4,98.65,84.25,MT
2005-01-01,NEBRASKA,171.75,133.5,36.833333333333336,1.4166666666666667,0.0,0.0,0.0,93.33333333333333,56.083333333333336,29.166666666666668,8.583333333333334,0.0,23.666666666666668,108.33333333333333,31.166666666666668,NE
2005-01-01,NEVADA,299.1111111111111,231.11111111111111,58.55555555555556,8.333333333333334,1.1111111111111112,0.0,0.0,102.11111111111111,57.333333333333336,34.333333333333336,51.0,5.0,136.44444444444446,29.88888888888889,76.77777777777777,NV
2005-01-01,NEW HAMPSHIRE,276.625,220.625,48.0,7.5,0.5,0.0,0.0,140.125,65.75,38.75,2.0,27.5,188.625,58.25,0.25,NH
2005-01-01,NEW JERSEY,336.8235294117647,235.94117647058823,78.6470588235294,16.88235294117647,5.235294117647059,0.11764705882352941,0.0,163.41176470588235,82.17647058823529,40.64705882352941,30.176470588235293,63.88235294117647,179.0,63.23529411764706,0.5294117647058824,NJ
2005-01-01,NEW MEXICO,247.375,183.75,58.125,5.3125,0.125,0.0,0.0625,134.9375,50.125,28.9375,2.5625,5.875,114.625,95.5,28.8125,NM
2005-01-01,NEW YORK,323.29411764705884,247.47058823529412,62.588235294117645,10.941176470588236,2.235294117647059,0.058823529411764705,0.0,156.11764705882354,72.1470588235294,37.1764705882353,13.647058823529411,27.794117647058822,223.5,53.11764705882353,5.235294117647059,NY
2005-01-01,NORTH CAROLINA,225.85416666666666,125.22916666666667,85.85416666666667,13.6875,1.0625,0.020833333333333332,0.0,138.89583333333334,86.02083333333333,48.229166666666664,2.375,0.6458333333333334,136.95833333333334,84.39583333333333,1.4791666666666667,NC
2005-01-01,NORTH DAKOTA,305.1111111111111,291.77777777777777,13.222222222222221,0.0,0.1111111111111111,0.0,0.0,72.11111111111111,41.44444444444444,29.0,0.0,6.222222222222222,268.44444444444446,22.333333333333332,8.11111111111111,ND
2005-01-01,OHIO,263.425,154.55,82.375,23.025,3.3,0.175,0.0,167.6,96.975,45.1,12.725,5.525,174.475,49.125,21.575,OH
2005-01-01,OKLAHOMA,266.75,183.16666666666666,71.83333333333333,11.041666666666666,0.7083333333333334,0.0,0.0,133.08333333333334,77.20833333333333,40.541666666666664,0.0,6.625,196.66666666666666,45.75,17.708333333333332,OK
2005-01-01,OREGON,341.7142857142857,271.23809523809524,64.19047619047619,5.428571428571429,0.8571428571428571,0.0,0.0,129.0952380952381,64.80952380952381,27.095238095238095,1.4285714285714286,0.7619047619047619,36.857142857142854,300.14285714285717,2.5238095238095237,OR
2005-01-01,PENNSYLVANIA,335.1388888888889,198.27777777777777,110.5,22.555555555555557,3.75,0.05555555555555555,0.0,162.47222222222223,91.63888888888889,45.611111111111114,10.277777777777779,53.833333333333336,163.41666666666666,102.33333333333333,5.277777777777778,PA
2005-01-01,RHODE ISLAND,255.66666666666666,174.33333333333334,65.33333333333333,11.666666666666666,4.333333333333333,0.0,0.0,175.0,89.66666666666667,43.333333333333336,0.3333333333333333,21.666666666666668,145.66666666666666,84.66666666666667,3.3333333333333335,RI
2005-01-01,SOUTH CAROLINA,279.2307692307692,179.57692307692307,88.07692307692308,11.0,0.5769230769230769,0.0,0.0,137.03846153846155,80.0,44.19230769230769,0.0,4.769230769230769,177.76923076923077,75.11538461538461,21.576923076923077,SC
2005-01-01,SOUTH DAKOTA,244.5,196.125,47.125,1.25,0.0,0.0,0.0,92.625,57.875,34.125,0.0,2.5,137.625,60.375,44.0,SD
2005-01-01,TENNESSEE,259.39285714285717,151.07142857142858,89.53571428571429,17.5,1.2857142857142858,0.0,0.0,138.53571428571428,85.46428571428571,46.142857142857146,0.75,26.035714285714285,145.67857142857142,70.89285714285714,16.035714285714285,TN
2005-01-01,TEXAS,324.5365853658537,205.41463414634146,97.8780487804878,17.29268292682927,3.6341463414634148,0.3170731707317073,0.0,144.09756097560975,82.92682926829268,42.24390243902439,0.12195121951219512,7.0,175.4878048780488,139.0,2.926829268292683,TX
2005-01-01,UTAH,249.84615384615384,164.69230769230768,67.3076923076923,14.538461538461538,3.076923076923077,0.23076923076923078,0.0,130.46153846153845,69.38461538461539,34.69230769230769,0.6153846153846154,52.38461538461539,130.07692307692307,56.07692307692308,10.692307692307692,UT
2005-01-01,VERMONT,250.4,210.8,36.2,3.4,0.0,0.0,0.0,112.2,54.2,30.2,1.2,58.4,110.2,67.6,13.0,VT
2005-01-01,VIRGINIA,238.54054054054055,165.0810810810811,63.189189189189186,9.45945945945946,0.8108108108108109,0.0,0.0,116.35135135135135,70.8108108108108,37.83783783783784,10.432432432432432,45.86486486486486,117.67567567567568,52.486486486486484,12.08108108108108,VA
2005-01-01,WASHINGTON,338.7142857142857,278.2857142857143,57.785714285714285,2.4642857142857144,0.14285714285714285,0.0,0.03571428571428571,110.96428571428571,56.285714285714285,29.321428571428573,3.9285714285714284,1.8571428571428572,42.392857142857146,275.4642857142857,15.071428571428571,WA
2005-01-01,WEST VIRGINIA,241.5,152.55555555555554,79.66666666666667,8.61111111111111,0.6666666666666666,0.0,0.0,135.61111111111111,80.88888888888889,45.111111111111114,1.5555555555555556,20.22222222222222,112.5,83.22222222222223,24.0,WV
2005-01-01,WISCONSIN,215.3235294117647,150.6764705882353,51.794117647058826,10.352941176470589,2.235294117647059,0.2647058823529412,0.0,148.58823529411765,85.08823529411765,40.76470588235294,0.14705882352941177,2.9411764705882355,168.7058823529412,36.970588235294116,6.5588235294117645,WI
2005-01-01,WYOMING,237.42857142857142,193.64285714285714,41.42857142857143,2.0714285714285716,0.2857142857142857,0.0,0.0,95.21428571428571,45.142857142857146,24.857142857142858,0.7142857142857143,16.142857142857142,86.0,32.642857142857146,101.92857142857143,WY
2006-01-01,ALABAMA,244.6086956521739,138.17391304347825,94.21739130434783,11.043478260869565,1.1304347826086956,0.043478260869565216,0.0,130.2608695652174,77.8695652173913,45.82608695652174,2.130434782608696,0.0,160.82608695652175,74.43478260869566,7.217391304347826,AL
2006-01-01,ALASKA,198.5,173.875,21.25,3.125,0.25,0.0,0.0,95.0,44.5,17.625,13.5,0.0,44.625,125.0,15.375,AK
2006-01-01,ARIZONA,289.35714285714283,154.5,99.57142857142857,23.071428571428573,8.0,1.5714285714285714,2.642857142857143,182.85714285714286,90.85714285714286,49.142857142857146,0.0,3.2857142857142856,148.42857142857142,25.214285714285715,112.42857142857143,AZ
2006-01-01,ARKANSAS,190.375,119.9375,66.625,3.1875,0.625,0.0,0.0,102.9375,68.75,44.375,0.0,4.875,91.0,94.5,0.0,AR
2006-01-01,CALIFORNIA,347.9433962264151,206.24528301886792,97.71698113207547,30.528301886792452,11.79245283018868,1.320754716981132,0.33962264150943394,394.6981132075472,97.20754716981132,47.60377358490566,0.41509433962264153,23.867924528301888,237.64150943396226,71.58490566037736,14.433962264150944,CA
2006-01-01,COLORADO,285.64285714285717,215.17857142857142,60.92857142857143,8.535714285714286,0.9642857142857143,0.03571428571428571,0.0,113.5,57.714285714285715,30.964285714285715,1.0714285714285714,10.392857142857142,130.28571428571428,32.035714285714285,111.85714285714286,CO
2006-01-01,CONNECTICUT,301.375,216.875,67.25,12.5,4.0,0.75,0.0,199.875,82.625,40.875,4.125,36.125,196.25,64.875,0.0,CT
2006-01-01,DELAWARE,299.0,152.0,125.33333333333333,19.0,2.6666666666666665,0.0,0.0,164.0,93.0,50.333333333333336,0.0,9.0,168.0,121.33333333333333,0.6666666666666666,DE
2006-01-01,DISTRICT OF COLUMBIA,365.0,159.0,171.0,26.0,9.0,0.0,0.0,192.0,99.0,54.0,1.0,57.0,137.0,168.0,2.0,DC
2006-01-01,FLORIDA,345.22222222222223,243.41666666666666,92.63888888888889,8.61111111111111,0.5555555555555556,0.0,0.0,134.44444444444446,69.94444444444444,40.833333333333336,0.1388888888888889,1.3888888888888888,241.72222222222223,78.97222222222223,23.0,FL
2006-01-01,GEORGIA,241.28571428571428,113.05714285714286,113.17142857142858,12.314285714285715,2.4857142857142858,0.2571428571428571,0.0,145.05714285714285,85.51428571428572,51.885714285714286,0.0,4.3428571428571425,106.94285714285714,126.85714285714286,3.142857142857143,GA
2006-01-01,HAWAII,291.5,285.5,5.75,0.25,0.0,0.0,0.0,83.5,32.25,14.25,5.75,9.5,35.5,58.25,182.5,HI
2006-01-01,IDAHO,272.75,223.2,45.55,3.55,0.45,0.0,0.0,120.25,55.2,28.7,0.3,0.9,16.6,221.55,33.4,ID
2006-01-01,ILLINOIS,322.4,249.96,67.92,4.28,0.24,0.0,0.0,118.08,62.48,36.08,2.04,11.04,247.12,45.68,16.52,IL
2006-01-01,INDIANA,231.30555555555554,142.88888888888889,80.94444444444444,7.166666666666667,0.3055555555555556,0.0,0.0,130.19444444444446,77.80555555555556,44.75,0.2222222222222222,9.0,135.19444444444446,80.08333333333333,6.805555555555555,IN
2006-01-01,IOWA,221.15,169.05,50.7,1.4,0.0,0.0,0.0,98.95,59.95,36.4,4.95,2.45,93.3,77.6,42.85,IA
2006-01-01,KANSAS,251.25,188.375,54.5625,8.0625,0.25,0.0,0.0,109.3125,65.1875,34.125,1.0625,11.125,169.8125,35.375,33.875,KS
2006-01-01,KENTUCKY,267.3030303030303,181.03030303030303,79.57575757575758,6.515151515151516,0.18181818181818182,0.0,0.0,122.96969696969697,73.45454545454545,41.63636363636363,0.0,18.454545454545453,186.45454545454547,56.666666666666664,5.7272727272727275,KY
2006-01-01,LOUISIANA,285.4583333333333,176.08333333333334,94.66666666666667,12.708333333333334,2.0,0.0,0.0,147.66666666666666,81.625,44.75,0.0,3.75,174.95833333333334,106.25,0.5,LA
2006-01-01,MAINE,257.54545454545456,230.0909090909091,24.272727272727273,3.090909090909091,0.09090909090909091,0.0,0.0,119.36363636363636,54.72727272727273,33.63636363636363,0.0,9.090909090909092,220.27272727272728,18.545454545454547,9.636363636363637,ME
2006-01-01,MARYLAND,278.0,165.53333333333333,89.26666666666667,19.533333333333335,3.6,0.06666666666666667,0.0,175.66666666666666,97.4,46.13333333333333,0.0,5.4,203.86666666666667,68.53333333333333,0.2,MD
2006-01-01,MASSACHUSETTS,321.5833333333333,224.75,84.33333333333333,10.583333333333334,1.4166666666666667,0.5,0.0,170.08333333333334,76.41666666666667,39.666666666666664,1.5833333333333333,12.166666666666666,168.25,139.58333333333334,0.0,MA
2006-01-01,MICHIGAN,222.0,163.58064516129033,51.225806451612904,6.161290322580645,1.032258064516129,0.0,0.0,150.38709677419354,69.19354838709677,38.16129032258065,8.935483870967742,3.7419354838709675,152.4516129032258,56.516129032258064,0.3548387096774194,MI
2006-01-01,MINNESOTA,283.6666666666667,219.95238095238096,62.285714285714285,1.4285714285714286,0.0,0.0,0.0,104.71428571428571,59.095238095238095,34.904761904761905,1.2380952380952381,6.285714285714286,99.95238095238095,172.95238095238096,3.238095238095238,MN
2006-01-01,MISSISSIPPI,247.92857142857142,134.0,103.42857142857143,9.785714285714286,0.7142857142857143,0.0,0.0,127.07142857142857,79.92857142857143,48.57142857142857,0.0,0.07142857142857142,110.0,137.85714285714286,0.0,MS
2006-01-01,MISSOURI,263.55,151.2,99.95,10.45,1.9,0.05,0.0,135.4,79.05,45.5,0.45,21.4,110.2,107.2,24.3,MO
2006-01-01,MONTANA,247.6315789473684,212.10526315789474,33.421052631578945,1.7894736842105263,0.3157894736842105,0.0,0.0,105.84210526315789,46.0,22.210526315789473,22.42105263157895,0.7368421052631579,26.68421052631579,114.15789473684211,83.63157894736842,MT
2006-01-01,NEBRASKA,175.25,142.5,31.75,0.8333333333333334,0.0,0.16666666666666666,0.0,94.66666666666667,51.5,28.083333333333332,8.916666666666666,0.0,34.0,95.58333333333333,36.75,NE
2006-01-01,NEVADA,300.875,210.5,79.125,10.25,0.875,0.0,0.125,154.125,65.375,38.0,25.5,12.75,155.875,17.5,89.25,NV
2006-01-01,NEW HAMPSHIRE,275.875,228.25,43.25,4.25,0.125,0.0,0.0,120.875,59.125,35.625,2.25,31.25,187.5,54.875,0.0,NH
2006-01-01,NEW JERSEY,332.6470588235294,220.0,94.17647058823529,14.882352941176471,3.411764705882353,0.17647058823529413,0.0,161.88235294117646,79.6470588235294,40.8235294117647,30.647058823529413,40.470588235294116,156.52941176470588,104.58823529411765,0.4117647058823529,NJ
2006-01-01,NEW MEXICO,250.41176470588235,181.7058823529412,61.0,6.764705882352941,0.5294117647058824,0.29411764705882354,0.11764705882352941,110.76470588235294,52.23529411764706,30.0,1.9411764705882353,10.117647058823529,117.41176470588235,83.94117647058823,37.0,NM
2006-01-01,NEW YORK,327.05882352941177,269.5,51.26470588235294,5.588235294117647,0.6176470588235294,0.08823529411764706,0.0,138.08823529411765,60.3235294117647,34.14705882352941,12.558823529411764,28.61764705882353,237.0,44.11764705882353,4.764705882352941,NY
2006-01-01,NORTH CAROLINA,259.0416666666667,139.4375,110.04166666666667,8.75,0.8125,0.0,0.0,131.66666666666666,80.70833333333333,47.833333333333336,1.6458333333333333,0.5416666666666666,132.29166666666666,123.0625,1.5,NC
2006-01-01,NORTH DAKOTA,330.6666666666667,295.0,35.22222222222222,0.4444444444444444,0.0,0.0,0.0,91.11111111111111,47.44444444444444,31.555555555555557,0.0,10.777777777777779,294.3333333333333,15.11111111111111,10.444444444444445,ND
2006-01-01,OHIO,263.125,178.3,73.95,10.05,0.825,0.0,0.0,142.225,78.4,41.175,12.65,5.65,175.75,50.05,19.025,OH
2006-01-01,OKLAHOMA,318.9047619047619,218.8095238095238,79.0,19.142857142857142,1.8571428571428572,0.09523809523809523,0.0,153.47619047619048,87.47619047619048,41.38095238095238,0.3333333333333333,6.619047619047619,245.61904761904762,36.42857142857143,29.904761904761905,OK
2006-01-01,OREGON,356.3809523809524,287.9047619047619,63.57142857142857,4.238095238095238,0.6190476190476191,0.047619047619047616,0.0,131.66666666666666,61.666666666666664,27.571428571428573,4.666666666666667,0.47619047619047616,36.61904761904762,312.5238095238095,2.0952380952380953,OR
2006-01-01,PENNSYLVANIA,330.18918918918916,226.59459459459458,89.32432432432432,12.621621621621621,1.6486486486486487,0.0,0.0,146.8108108108108,77.70270270270271,40.810810810810814,9.837837837837839,58.189189189189186,168.94594594594594,85.54054054054055,7.675675675675675,PA
2006-01-01,RHODE ISLAND,263.6666666666667,189.66666666666666,62.666666666666664,9.666666666666666,1.3333333333333333,0.3333333333333333,0.0,188.0,77.33333333333333,40.333333333333336,1.0,16.333333333333332,150.66666666666666,95.0,0.6666666666666666,RI
2006-01-01,SOUTH CAROLINA,280.3076923076923,178.03846153846155,94.53846153846153,7.115384615384615,0.5769230769230769,0.038461538461538464,0.0,134.65384615384616,76.53846153846153,44.69230769230769,0.0,6.961538461538462,180.65384615384616,71.6923076923077,21.0,SC
2006-01-01,SOUTH DAKOTA,270.5,217.125,51.75,1.625,0.0,0.0,0.0,91.625,57.875,32.125,0.0,2.625,146.375,55.125,66.375,SD
2006-01-01,TENNESSEE,276.48275862068965,165.06896551724137,96.79310344827586,13.10344827586207,1.4482758620689655,0.06896551724137931,0.0,145.31034482758622,81.79310344827586,45.689655172413794,1.1724137931034482,25.103448275862068,165.75862068965517,69.72413793103448,14.724137931034482,TN
2006-01-01,TEXAS,342.1,227.55,95.525,15.2,3.35,0.4,0.075,159.725,80.125,41.7,0.05,6.625,187.525,142.05,5.85,TX
2006-01-01,UTAH,253.3846153846154,148.30769230769232,91.07692307692308,13.384615384615385,0.6153846153846154,0.0,0.0,108.53846153846153,67.61538461538461,36.69230769230769,0.5384615384615384,38.38461538461539,139.3846153846154,65.07692307692308,10.0,UT
2006-01-01,VERMONT,255.4,225.8,28.4,1.2,0.0,0.0,0.0,95.4,48.6,26.2,3.8,53.6,118.4,67.2,12.4,VT
2006-01-01,VIRGINIA,232.10526315789474,165.42105263157896,58.921052631578945,6.578947368421052,1.0526315789473684,0.13157894736842105,0.0,120.02631578947368,65.86842105263158,36.28947368421053,11.236842105263158,41.10526315789474,119.57894736842105,47.526315789473685,12.657894736842104,VA
2006-01-01,WASHINGTON,315.3333333333333,255.3,55.93333333333333,3.2333333333333334,0.7666666666666667,0.1,0.0,109.26666666666667,55.833333333333336,28.633333333333333,2.033333333333333,0.26666666666666666,45.3,258.6333333333333,9.1,WA
2006-01-01,WEST VIRGINIA,269.6,170.93333333333334,90.4,8.0,0.26666666666666666,0.0,0.0,132.0,76.8,44.4,0.7333333333333333,0.0,137.13333333333333,101.53333333333333,30.2,WV
2006-01-01,WISCONSIN,234.1875,183.75,47.03125,3.0,0.375,0.03125,0.0,127.90625,66.21875,40.34375,0.03125,2.71875,187.53125,38.75,5.15625,WI
2006-01-01,WYOMING,237.21428571428572,176.64285714285714,58.57142857142857,1.7857142857142858,0.07142857142857142,0.07142857142857142,0.07142857142857142,127.28571428571429,51.5,28.0,1.1428571428571428,17.0,101.5,37.0,80.57142857142857,WY
2007-01-01,ALABAMA,277.0,145.0,113.65,16.05,2.25,0.05,0.0,155.4,87.95,49.85,1.0,0.0,165.2,103.55,7.25,AL
2007-01-01,ALASKA,198.875,175.5,21.0,2.125,0.25,0.0,0.0,89.875,39.875,16.875,16.5,0.0,44.125,121.0,17.25,AK
2007-01-01,ARIZONA,289.7142857142857,154.57142857142858,109.85714285714286,18.357142857142858,3.7857142857142856,1.3571428571428572,1.7857142857142858,284.14285714285717,82.57142857142857,47.5,0.0,5.571428571428571,143.5,24.571428571428573,116.07142857142857,AZ
2007-01-01,ARKANSAS,208.0625,138.5625,64.6875,4.25,0.5,0.0625,0.0,122.1875,70.5,44.75,0.0,3.9375,106.4375,97.625,0.0625,AR
2007-01-01,CALIFORNIA,348.0566037735849,205.69811320754718,102.37735849056604,30.28301886792453,8.716981132075471,0.7169811320754716,0.2641509433962264,367.54716981132077,90.09433962264151,48.886792452830186,0.41509433962264153,18.81132075471698,230.64150943396226,87.28301886792453,10.90566037735849,CA
2007-01-01,COLORADO,281.2068965517241,194.79310344827587,76.44827586206897,8.724137931034482,1.1724137931034482,0.034482758620689655,0.034482758620689655,122.3103448275862,66.82758620689656,37.44827586206897,0.7586206896551724,8.551724137931034,158.72413793103448,25.310344827586206,87.86206896551724,CO
2007-01-01,CONNECTICUT,313.25,216.625,71.75,18.5,5.75,0.625,0.0,197.875,93.0,41.25,1.75,23.375,199.125,88.875,0.125,CT
2007-01-01,DELAWARE,296.0,148.0,124.33333333333333,22.0,1.3333333333333333,0.3333333333333333,0.0,163.0,95.66666666666667,50.333333333333336,0.0,14.0,175.66666666666666,106.33333333333333,0.0,DE
2007-01-01,DISTRICT OF COLUMBIA,365.0,152.0,182.0,26.0,5.0,0.0,0.0,169.0,97.0,54.0,0.0,57.0,134.0,173.0,1.0,DC
2007-01-01,FLORIDA,352.51428571428573,257.85714285714283,87.0,6.457142857142857,1.1428571428571428,0.02857142857142857,0.02857142857142857,150.77142857142857,67.2,40.8,0.22857142857142856,0.9428571428571428,233.97142857142856,103.02857142857142,14.342857142857143,FL
2007-01-01,GEORGIA,247.37142857142857,120.6,109.68571428571428,13.542857142857143,3.4,0.14285714285714285,0.0,162.4857142857143,85.57142857142857,49.82857142857143,0.02857142857142857,4.542857142857143,108.08571428571429,131.25714285714287,3.4571428571428573,GA
2007-01-01,HAWAII,273.3333333333333,260.0,13.0,0.0,0.3333333333333333,0.0,0.0,107.33333333333333,42.0,15.666666666666666,1.6666666666666667,13.333333333333334,43.333333333333336,76.0,139.0,HI
2007-01-01,IDAHO,301.27777777777777,244.0,53.27777777777778,3.3333333333333335,0.6111111111111112,0.05555555555555555,0.0,118.05555555555556,56.5,27.61111111111111,0.6111111111111112,0.16666666666666666,26.88888888888889,234.72222222222223,38.888888888888886,ID
2007-01-01,ILLINOIS,331.52,215.72,103.68,11.36,0.68,0.08,0.0,142.2,74.6,42.52,0.4,7.2,219.52,97.08,7.32,IL
2007-01-01,INDIANA,254.94444444444446,124.0,110.38888888888889,19.27777777777778,1.2777777777777777,0.0,0.0,147.05555555555554,94.30555555555556,50.583333333333336,0.75,4.777777777777778,130.94444444444446,112.61111111111111,5.861111111111111,IN
2007-01-01,IOWA,240.7,163.45,73.0,4.0,0.25,0.0,0.0,131.6,68.2,41.45,5.25,1.1,90.7,113.95,29.7,IA
2007-01-01,KANSAS,280.57142857142856,226.28571428571428,51.357142857142854,2.7142857142857144,0.21428571428571427,0.0,0.0,105.0,59.5,33.714285714285715,0.5714285714285714,9.785714285714286,183.5,49.92857142857143,36.785714285714285,KS
2007-01-01,KENTUCKY,283.45454545454544,152.3939393939394,109.0909090909091,20.575757575757574,1.3636363636363635,0.030303030303030304,0.0,148.72727272727272,92.3030303030303,48.03030303030303,0.0,3.515151515151515,179.27272727272728,96.42424242424242,4.242424242424242,KY
2007-01-01,LOUISIANA,303.0,207.04347826086956,85.0,9.782608695652174,1.1304347826086956,0.043478260869565216,0.0,136.82608695652175,72.43478260869566,41.608695652173914,0.0,4.565217391304348,182.08695652173913,115.95652173913044,0.391304347826087,LA
2007-01-01,MAINE,261.6363636363636,233.72727272727272,19.454545454545453,7.090909090909091,1.3636363636363635,0.0,0.0,162.9090909090909,56.09090909090909,32.81818181818182,0.2727272727272727,0.0,235.27272727272728,16.09090909090909,10.0,ME
2007-01-01,MARYLAND,265.375,147.8125,91.5,22.5625,3.1875,0.3125,0.0,175.4375,101.0,48.125,0.25,5.1875,198.875,60.9375,0.125,MD
2007-01-01,MASSACHUSETTS,318.0833333333333,209.33333333333334,90.58333333333333,14.166666666666666,3.75,0.25,0.0,170.66666666666666,79.33333333333333,40.5,0.5833333333333334,10.5,150.66666666666666,156.08333333333334,0.25,MA
2007-01-01,MICHIGAN,233.23333333333332,156.4,61.5,12.766666666666667,2.466666666666667,0.1,0.0,153.7,82.83333333333333,40.833333333333336,4.666666666666667,2.533333333333333,153.93333333333334,69.5,2.6,MI
2007-01-01,MINNESOTA,288.8095238095238,217.14285714285714,67.57142857142857,3.8095238095238093,0.2857142857142857,0.0,0.0,128.9047619047619,59.476190476190474,35.61904761904762,0.9047619047619048,3.1904761904761907,98.23809523809524,184.47619047619048,2.0,MN
2007-01-01,MISSISSIPPI,265.85714285714283,154.71428571428572,103.21428571428571,7.5,0.35714285714285715,0.07142857142857142,0.0,127.07142857142857,77.42857142857143,47.285714285714285,0.0,0.07142857142857142,106.0,159.78571428571428,0.0,MS
2007-01-01,MISSOURI,296.8333333333333,162.22222222222223,118.33333333333333,13.055555555555555,3.1666666666666665,0.05555555555555555,0.0,152.22222222222223,83.66666666666667,46.833333333333336,0.4444444444444444,13.555555555555555,118.33333333333333,140.0,24.5,MO
2007-01-01,MONTANA,244.89473684210526,205.1578947368421,35.8421052631579,2.526315789473684,1.3157894736842106,0.05263157894736842,0.0,129.21052631578948,50.73684210526316,22.789473684210527,19.105263157894736,1.1578947368421053,21.68421052631579,132.1578947368421,70.78947368421052,MT
2007-01-01,NEBRASKA,158.30769230769232,125.53846153846153,31.615384615384617,1.1538461538461537,0.0,0.0,0.0,86.0,54.15384615384615,31.384615384615383,8.307692307692308,0.0,28.76923076923077,88.38461538461539,32.84615384615385,NE
2007-01-01,NEVADA,286.9,215.6,63.4,7.1,0.8,0.0,0.0,112.6,58.9,35.4,50.0,12.3,132.9,15.4,76.3,NV
2007-01-01,NEW HAMPSHIRE,275.875,223.625,43.25,7.5,1.5,0.0,0.0,157.125,67.625,36.0,0.875,31.5,191.375,52.0,0.125,NH
2007-01-01,NEW JERSEY,338.8235294117647,217.35294117647058,101.47058823529412,16.235294117647058,3.6470588235294117,0.11764705882352941,0.0,156.8235294117647,83.17647058823529,42.1764705882353,31.352941176470587,29.647058823529413,147.52941176470588,129.88235294117646,0.4117647058823529,NJ
2007-01-01,NEW MEXICO,271.1666666666667,205.5,60.166666666666664,5.222222222222222,0.2777777777777778,0.0,0.0,97.77777777777777,48.888888888888886,30.055555555555557,0.3333333333333333,4.444444444444445,135.66666666666666,96.94444444444444,33.77777777777778,NM
2007-01-01,NEW YORK,339.9117647058824,251.7058823529412,75.26470588235294,11.735294117647058,1.2058823529411764,0.0,0.0,148.8235294117647,69.47058823529412,38.029411764705884,1.4411764705882353,14.5,226.0,92.58823529411765,5.382352941176471,NY
2007-01-01,NORTH CAROLINA,258.4375,130.75,111.35416666666667,14.958333333333334,1.3333333333333333,0.041666666666666664,0.0,141.33333333333334,87.1875,49.854166666666664,0.4583333333333333,0.75,137.77083333333334,117.89583333333333,1.5625,NC
2007-01-01,NORTH DAKOTA,330.22222222222223,314.22222222222223,15.555555555555555,0.2222222222222222,0.2222222222222222,0.0,0.0,83.55555555555556,42.666666666666664,29.77777777777778,0.0,7.666666666666667,292.77777777777777,16.666666666666668,13.11111111111111,ND
2007-01-01,OHIO,270.825,167.425,81.875,19.425,2.1,0.0,0.0,151.9,89.45,43.6,14.325,6.45,183.65,49.85,16.55,OH
2007-01-01,OKLAHOMA,329.75,252.95,71.4,5.15,0.25,0.0,0.0,126.0,64.25,37.85,0.3,4.9,238.25,57.95,28.35,OK
2007-01-01,OREGON,354.23809523809524,282.6666666666667,66.33333333333333,4.714285714285714,0.5238095238095238,0.0,0.0,124.14285714285714,63.42857142857143,27.142857142857142,0.0,0.2857142857142857,49.666666666666664,302.57142857142856,1.7142857142857142,OR
2007-01-01,PENNSYLVANIA,328.05405405405406,213.40540540540542,94.64864864864865,18.10810810810811,1.7297297297297298,0.16216216216216217,0.0,150.0810810810811,84.51351351351352,42.54054054054054,10.135135135135135,55.78378378378378,172.7027027027027,84.5945945945946,4.837837837837838,PA
2007-01-01,RHODE ISLAND,261.3333333333333,182.66666666666666,60.333333333333336,14.666666666666666,3.6666666666666665,0.0,0.0,176.66666666666666,86.33333333333333,41.0,0.0,11.666666666666666,166.0,82.66666666666667,1.0,RI
2007-01-01,SOUTH CAROLINA,281.8,174.24,99.24,7.84,0.44,0.04,0.0,131.96,75.64,45.4,0.0,8.44,182.84,73.16,17.36,SC
2007-01-01,SOUTH DAKOTA,299.625,260.375,38.75,0.5,0.0,0.0,0.0,89.875,53.5,33.0,0.0,1.375,162.125,55.625,80.5,SD
2007-01-01,TENNESSEE,281.2142857142857,148.21428571428572,108.17857142857143,22.428571428571427,2.357142857142857,0.03571428571428571,0.0,151.35714285714286,91.57142857142857,49.714285714285715,0.03571428571428571,24.892857142857142,164.17857142857142,77.57142857142857,14.535714285714286,TN
2007-01-01,TEXAS,332.3095238095238,234.42857142857142,88.83333333333333,7.738095238095238,1.2619047619047619,0.047619047619047616,0.0,131.3095238095238,67.04761904761905,39.69047619047619,0.19047619047619047,5.761904761904762,174.1904761904762,149.57142857142858,2.5952380952380953,TX
2007-01-01,UTAH,284.9166666666667,152.66666666666666,114.08333333333333,15.083333333333334,3.0833333333333335,0.0,0.0,129.25,78.5,44.583333333333336,0.4166666666666667,41.166666666666664,156.91666666666666,83.08333333333333,3.3333333333333335,UT
2007-01-01,VERMONT,287.25,249.75,34.25,3.0,0.25,0.0,0.0,101.25,48.5,26.0,3.0,68.0,157.0,44.25,15.0,VT
2007-01-01,VIRGINIA,244.51351351351352,163.94594594594594,71.32432432432432,8.432432432432432,0.8108108108108109,0.0,0.0,117.83783783783784,70.02702702702703,38.21621621621622,3.8378378378378377,43.16216216216216,129.35135135135135,54.75675675675676,13.405405405405405,VA
2007-01-01,WASHINGTON,337.7096774193548,278.35483870967744,56.87096774193548,2.2903225806451615,0.1935483870967742,0.0,0.0,98.74193548387096,55.87096774193548,26.741935483870968,0.3225806451612903,0.5483870967741935,37.225806451612904,289.38709677419354,10.225806451612904,WA
2007-01-01,WEST VIRGINIA,268.3333333333333,149.4,104.13333333333334,13.933333333333334,0.8666666666666667,0.0,0.0,136.86666666666667,85.73333333333333,48.06666666666667,0.6,0.0,133.93333333333334,110.26666666666667,23.533333333333335,WV
2007-01-01,WISCONSIN,250.03225806451613,184.0,56.12903225806452,8.870967741935484,1.032258064516129,0.0,0.0,145.67741935483872,75.64516129032258,41.064516129032256,0.06451612903225806,2.5806451612903225,196.70967741935485,46.096774193548384,4.580645161290323,WI
2007-01-01,WYOMING,236.6875,175.5,58.9375,2.0625,0.1875,0.0,0.0,100.9375,52.375,31.9375,0.6875,5.0,130.125,25.5625,75.3125,WY
2008-01-01,ALABAMA,267.05263157894734,169.1578947368421,94.0,3.5789473684210527,0.3157894736842105,0.0,0.0,114.26315789473684,68.42105263157895,44.31578947368421,1.105263157894737,0.0,139.47368421052633,119.05263157894737,7.421052631578948,AL
2008-01-01,ALASKA,198.22222222222223,177.0,17.444444444444443,3.0,0.7777777777777778,0.0,0.0,83.88888888888889,38.77777777777778,14.222222222222221,16.666666666666668,0.0,39.77777777777778,127.22222222222223,14.555555555555555,AK
2008-01-01,ARIZONA,300.3076923076923,164.53846153846155,107.76923076923077,21.384615384615383,4.6923076923076925,1.4615384615384615,0.46153846153846156,164.15384615384616,89.53846153846153,48.15384615384615,0.0,7.461538461538462,166.3846153846154,29.76923076923077,96.6923076923077,AZ
2008-01-01,ARKANSAS,206.75,147.3125,58.625,0.75,0.0625,0.0,0.0,94.75,64.0,41.3125,0.0,3.875,100.5625,102.3125,0.0,AR
2008-01-01,CALIFORNIA,349.0943396226415,191.45283018867926,113.69811320754717,29.49056603773585,11.981132075471699,2.2264150943396226,0.24528301886792453,239.35849056603774,98.05660377358491,50.905660377358494,0.4716981132075472,17.77358490566038,230.66037735849056,88.18867924528301,12.0,CA
2008-01-01,COLORADO,259.73333333333335,186.06666666666666,66.9,6.533333333333333,0.2,0.03333333333333333,0.0,111.0,62.7,36.13333333333333,1.5,4.366666666666666,148.73333333333332,25.133333333333333,80.0,CO
2008-01-01,CONNECTICUT,317.875,231.75,72.75,11.0,2.375,0.0,0.0,167.875,74.5,40.5,1.375,21.625,194.875,100.0,0.0,CT
2008-01-01,DELAWARE,298.0,158.0,119.33333333333333,19.333333333333332,1.0,0.3333333333333333,0.0,171.0,92.33333333333333,49.0,0.0,12.0,174.0,112.0,0.0,DE
2008-01-01,DISTRICT OF COLUMBIA,366.0,183.0,167.0,12.0,4.0,0.0,0.0,187.0,84.0,51.0,5.0,72.0,121.0,167.0,1.0,DC
2008-01-01,FLORIDA,341.0833333333333,263.6666666666667,73.30555555555556,3.8333333333333335,0.2777777777777778,0.0,0.0,122.83333333333333,58.69444444444444,39.083333333333336,0.0,0.6388888888888888,206.22222222222223,123.16666666666667,11.055555555555555,FL
2008-01-01,GEORGIA,281.6,153.62857142857143,120.45714285714286,6.828571428571428,0.6571428571428571,0.02857142857142857,0.0,129.68571428571428,74.08571428571429,46.57142857142857,0.0,4.4,105.25714285714285,169.22857142857143,2.7142857142857144,GA
2008-01-01,HAWAII,341.3333333333333,242.33333333333334,88.66666666666667,8.0,2.3333333333333335,0.0,0.0,109.33333333333333,55.666666666666664,37.333333333333336,0.0,6.0,64.66666666666667,147.0,123.66666666666667,HI
2008-01-01,IDAHO,277.7368421052632,239.8421052631579,36.26315789473684,1.4210526315789473,0.21052631578947367,0.0,0.0,97.26315789473684,48.36842105263158,25.94736842105263,0.42105263157894735,0.0,32.89473684210526,207.94736842105263,36.473684210526315,ID
2008-01-01,ILLINOIS,327.52,249.64,75.4,2.44,0.04,0.0,0.0,102.64,59.52,38.68,0.48,9.68,219.12,91.96,6.28,IL
2008-01-01,INDIANA,243.6216216216216,149.16216216216216,91.45945945945945,2.945945945945946,0.05405405405405406,0.0,0.0,115.75675675675676,72.02702702702703,45.2972972972973,0.9459459459459459,6.1891891891891895,123.48648648648648,108.8108108108108,4.1891891891891895,IN
2008-01-01,IOWA,248.7,181.65,65.9,1.1,0.05,0.0,0.0,102.7,59.9,38.85,0.0,0.9,87.8,128.75,31.25,IA
2008-01-01,KANSAS,284.26666666666665,239.26666666666668,44.46666666666667,0.5333333333333333,0.0,0.0,0.0,90.0,51.8,32.266666666666666,0.06666666666666667,6.6,175.06666666666666,48.4,54.13333333333333,KS
2008-01-01,KENTUCKY,293.53125,195.3125,94.3125,3.8125,0.09375,0.0,0.0,116.09375,70.28125,42.90625,0.0,4.3125,186.875,100.46875,1.875,KY
2008-01-01,LOUISIANA,308.17391304347825,222.56521739130434,80.69565217391305,4.869565217391305,0.043478260869565216,0.0,0.0,116.78260869565217,64.91304347826087,39.391304347826086,0.0,4.391304347826087,195.91304347826087,107.6086956521739,0.2608695652173913,LA
2008-01-01,MAINE,285.54545454545456,261.3636363636364,22.09090909090909,2.090909090909091,0.0,0.0,0.0,105.9090909090909,50.0,33.72727272727273,0.18181818181818182,5.7272727272727275,257.3636363636364,13.090909090909092,9.181818181818182,ME
2008-01-01,MARYLAND,274.1875,170.0,87.0625,15.375,1.75,0.0,0.0,162.3125,88.125,45.5625,0.3125,5.8125,195.6875,72.25,0.125,MD
2008-01-01,MASSACHUSETTS,324.5833333333333,225.0,90.83333333333333,7.5,1.1666666666666667,0.08333333333333333,0.0,163.16666666666666,72.16666666666667,41.25,0.8333333333333334,11.833333333333334,150.66666666666666,161.25,0.0,MA
2008-01-01,MICHIGAN,235.41379310344828,168.51724137931035,63.58620689655172,3.1724137931034484,0.13793103448275862,0.0,0.0,131.17241379310346,68.24137931034483,40.310344827586206,0.034482758620689655,1.0689655172413792,155.55172413793105,78.41379310344827,0.3448275862068966,MI
2008-01-01,MINNESOTA,286.9047619047619,221.95238095238096,63.476190476190474,1.380952380952381,0.09523809523809523,0.0,0.0,111.14285714285714,57.476190476190474,34.95238095238095,0.9047619047619048,3.619047619047619,100.04761904761905,176.76190476190476,5.571428571428571,MN
2008-01-01,MISSISSIPPI,257.5,162.14285714285714,92.64285714285714,2.5,0.21428571428571427,0.0,0.0,106.42857142857143,65.92857142857143,44.142857142857146,0.0,0.35714285714285715,85.5,171.64285714285714,0.0,MS
2008-01-01,MISSOURI,294.5,187.77777777777777,103.83333333333333,2.8333333333333335,0.05555555555555555,0.0,0.0,116.66666666666667,66.44444444444444,43.05555555555556,0.16666666666666666,20.72222222222222,120.66666666666667,128.11111111111111,24.833333333333332,MO
2008-01-01,MONTANA,248.52631578947367,217.47368421052633,30.31578947368421,0.7368421052631579,0.0,0.0,0.0,89.05263157894737,44.421052631578945,21.736842105263158,18.736842105263158,0.5789473684210527,12.631578947368421,158.94736842105263,57.63157894736842,MT
2008-01-01,NEBRASKA,171.23076923076923,131.30769230769232,38.92307692307692,1.0,0.0,0.0,0.0,77.46153846153847,51.61538461538461,30.76923076923077,8.076923076923077,0.0,50.38461538461539,76.0,36.76923076923077,NE
2008-01-01,NEVADA,291.9,226.7,58.7,6.2,0.3,0.0,0.0,109.1,55.6,33.3,38.5,10.8,139.1,22.5,81.0,NV
2008-01-01,NEW HAMPSHIRE,285.125,240.125,41.0,3.875,0.125,0.0,0.0,129.25,60.0,36.375,0.5,32.0,191.125,61.5,0.0,NH
2008-01-01,NEW JERSEY,344.6470588235294,228.47058823529412,102.29411764705883,12.294117647058824,1.588235294117647,0.0,0.0,141.64705882352942,74.6470588235294,41.0,27.941176470588236,36.05882352941177,148.7058823529412,131.23529411764707,0.7058823529411765,NJ
2008-01-01,NEW MEXICO,276.05555555555554,208.16666666666666,63.111111111111114,3.388888888888889,0.7222222222222222,0.3333333333333333,0.3333333333333333,147.0,50.888888888888886,30.27777777777778,0.0,6.555555555555555,142.22222222222223,90.5,36.77777777777778,NM
2008-01-01,NEW YORK,344.55882352941177,261.44117647058823,76.88235294117646,5.382352941176471,0.8235294117647058,0.029411764705882353,0.0,145.47058823529412,62.23529411764706,38.05882352941177,0.7058823529411765,10.911764705882353,229.3235294117647,100.1470588235294,3.4705882352941178,NY
2008-01-01,NORTH CAROLINA,253.93617021276594,147.91489361702128,98.34042553191489,7.085106382978723,0.5957446808510638,0.0,0.0,131.17021276595744,74.55319148936171,45.48936170212766,0.0,0.5531914893617021,127.82978723404256,124.42553191489361,1.127659574468085,NC
2008-01-01,NORTH DAKOTA,326.6666666666667,305.44444444444446,20.88888888888889,0.2222222222222222,0.1111111111111111,0.0,0.0,85.88888888888889,43.333333333333336,31.333333333333332,0.0,11.0,293.55555555555554,15.333333333333334,6.777777777777778,ND
2008-01-01,OHIO,276.79487179487177,183.3846153846154,83.7948717948718,9.076923076923077,0.5384615384615384,0.0,0.0,133.5897435897436,75.84615384615384,43.205128205128204,11.58974358974359,3.4358974358974357,188.69230769230768,66.66666666666667,6.410256410256411,OH
2008-01-01,OKLAHOMA,332.23809523809524,259.7142857142857,70.04761904761905,2.3333333333333335,0.14285714285714285,0.0,0.0,113.71428571428571,62.666666666666664,38.523809523809526,0.047619047619047616,6.333333333333333,255.61904761904762,44.38095238095238,25.857142857142858,OK
2008-01-01,OREGON,324.0,248.0,70.875,4.666666666666667,0.4583333333333333,0.0,0.0,120.75,64.95833333333333,32.916666666666664,0.08333333333333333,0.625,41.958333333333336,281.0416666666667,0.2916666666666667,OR
2008-01-01,PENNSYLVANIA,330.94444444444446,225.66666666666666,92.05555555555556,11.972222222222221,1.2222222222222223,0.027777777777777776,0.0,153.86111111111111,76.44444444444444,41.69444444444444,0.6111111111111112,54.97222222222222,178.11111111111111,90.44444444444444,6.805555555555555,PA
2008-01-01,RHODE ISLAND,265.6666666666667,193.66666666666666,65.0,5.333333333333333,1.6666666666666667,0.0,0.0,155.33333333333334,69.33333333333333,41.333333333333336,0.0,9.333333333333334,164.0,91.66666666666667,0.6666666666666666,RI
2008-01-01,SOUTH CAROLINA,303.36842105263156,206.57894736842104,89.36842105263158,6.894736842105263,0.47368421052631576,0.05263157894736842,0.0,134.21052631578948,72.94736842105263,42.78947368421053,0.0,1.6842105263157894,200.21052631578948,77.63157894736842,23.842105263157894,SC
2008-01-01,SOUTH DAKOTA,320.375,286.5,33.0,0.625,0.25,0.0,0.0,120.375,51.625,33.125,0.0,4.875,185.75,49.375,80.375,SD
2008-01-01,TENNESSEE,258.5,176.46153846153845,73.84615384615384,7.576923076923077,0.6153846153846154,0.0,0.0,118.15384615384616,70.38461538461539,40.92307692307692,0.07692307692307693,29.53846153846154,170.42307692307693,36.03846153846154,22.423076923076923,TN
2008-01-01,TEXAS,335.5813953488372,242.46511627906978,85.67441860465117,6.837209302325581,0.5813953488372093,0.023255813953488372,0.0,127.37209302325581,65.93023255813954,39.7906976744186,0.09302325581395349,6.162790697674419,184.04651162790697,143.53488372093022,1.744186046511628,TX
2008-01-01,UTAH,293.5,166.5,115.75,10.333333333333334,0.9166666666666666,0.0,0.0,122.66666666666667,72.5,43.333333333333336,0.25,34.833333333333336,156.58333333333334,98.08333333333333,3.75,UT
2008-01-01,VERMONT,283.25,226.25,54.5,2.5,0.0,0.0,0.0,107.25,51.25,30.25,0.25,9.75,120.0,140.5,12.75,VT
2008-01-01,VIRGINIA,246.68421052631578,187.44736842105263,53.421052631578945,5.026315789473684,0.7631578947368421,0.02631578947368421,0.0,121.21052631578948,59.421052631578945,35.28947368421053,3.3947368421052633,43.10526315789474,131.47368421052633,57.5,11.210526315789474,VA
2008-01-01,WASHINGTON,346.1333333333333,289.46666666666664,54.63333333333333,1.8666666666666667,0.16666666666666666,0.0,0.0,98.3,53.766666666666666,27.4,0.06666666666666667,0.5666666666666667,37.266666666666666,300.8333333333333,7.4,WA
2008-01-01,WEST VIRGINIA,268.6,185.0,80.0,3.6,0.0,0.0,0.0,114.8,67.2,42.46666666666667,0.8,0.0,136.6,101.73333333333333,29.466666666666665,WV
2008-01-01,WISCONSIN,259.2258064516129,207.09677419354838,50.32258064516129,1.7419354838709677,0.06451612903225806,0.0,0.0,116.48387096774194,60.96774193548387,39.903225806451616,0.0,2.225806451612903,207.16129032258064,46.03225806451613,3.806451612903226,WI
2008-01-01,WYOMING,254.58823529411765,192.1764705882353,60.470588235294116,1.4705882352941178,0.4117647058823529,0.058823529411764705,0.0,104.94117647058823,54.94117647058823,32.705882352941174,1.0588235294117647,3.8823529411764706,146.64705882352942,27.11764705882353,75.88235294117646,WY
2009-01-01,ALABAMA,272.36842105263156,200.52631578947367,70.89473684210526,0.9473684210526315,0.0,0.0,0.0,98.89473684210526,59.05263157894737,39.473684210526315,0.21052631578947367,0.0,132.21052631578948,132.3684210526316,7.578947368421052,AL
2009-01-01,ALASKA,212.55555555555554,178.88888888888889,27.555555555555557,3.888888888888889,2.0,0.1111111111111111,0.1111111111111111,118.0,45.77777777777778,18.0,3.2222222222222223,0.0,38.888888888888886,160.0,10.444444444444445,AK
2009-01-01,ARIZONA,319.53846153846155,198.07692307692307,113.0,6.6923076923076925,1.0769230769230769,0.15384615384615385,0.5384615384615384,229.92307692307693,70.07692307692308,45.38461538461539,0.0,5.615384615384615,178.6153846153846,21.53846153846154,113.76923076923077,AZ
2009-01-01,ARKANSAS,207.0625,162.0,44.25,0.8125,0.0,0.0,0.0,93.875,58.125,39.0625,0.0,2.4375,103.9375,100.6875,0.0,AR
2009-01-01,CALIFORNIA,348.07547169811323,206.88679245283018,108.15094339622641,24.245283018867923,8.0,0.49056603773584906,0.3018867924528302,435.9622641509434,88.50943396226415,47.56603773584906,0.24528301886792453,12.50943396226415,227.43396226415095,94.67924528301887,13.20754716981132,CA
2009-01-01,COLORADO,265.21875,205.6875,56.96875,2.4375,0.125,0.0,0.0,107.78125,56.59375,35.375,0.4375,3.59375,170.78125,20.21875,70.1875,CO
2009-01-01,CONNECTICUT,317.5,256.25,56.25,5.0,0.0,0.0,0.0,134.875,61.75,36.375,2.125,19.5,202.625,93.125,0.125,CT
2009-01-01,DELAWARE,295.0,199.66666666666666,92.33333333333333,2.3333333333333335,0.6666666666666666,0.0,0.0,118.66666666666667,72.0,44.0,0.0,9.0,180.66666666666666,105.33333333333333,0.0,DE
2009-01-01,DISTRICT OF COLUMBIA,365.0,194.0,162.0,9.0,0.0,0.0,0.0,150.0,71.0,49.0,3.0,72.0,112.0,178.0,0.0,DC
2009-01-01,FLORIDA,349.3888888888889,287.3611111111111,60.916666666666664,1.0833333333333333,0.027777777777777776,0.0,0.0,100.58333333333333,53.69444444444444,38.361111111111114,0.0,0.4722222222222222,209.02777777777777,129.44444444444446,10.444444444444445,FL
2009-01-01,GEORGIA,291.90625,192.84375,96.6875,2.0625,0.28125,0.03125,0.0,125.75,63.125,42.5625,0.0,4.3125,107.78125,178.40625,1.40625,GA
2009-01-01,HAWAII,362.6666666666667,252.66666666666666,101.66666666666667,6.666666666666667,1.6666666666666667,0.0,0.0,134.33333333333334,55.0,36.0,0.0,1.3333333333333333,37.666666666666664,317.0,6.666666666666667,HI
2009-01-01,IDAHO,304.77777777777777,263.6111111111111,38.833333333333336,2.2777777777777777,0.05555555555555555,0.0,0.0,94.33333333333333,48.72222222222222,25.0,1.3333333333333333,1.7777777777777777,34.333333333333336,214.44444444444446,52.888888888888886,ID
2009-01-01,ILLINOIS,327.72,250.44,75.4,1.72,0.12,0.04,0.0,106.28,58.0,37.76,0.76,5.52,218.84,98.72,3.88,IL
2009-01-01,INDIANA,229.18421052631578,149.47368421052633,78.21052631578948,1.4736842105263157,0.02631578947368421,0.0,0.0,106.89473684210526,66.5,43.78947368421053,0.9210526315789473,4.473684210526316,118.07894736842105,103.28947368421052,2.4210526315789473,IN
2009-01-01,IOWA,261.8,193.35,66.9,1.5,0.05,0.0,0.0,106.3,58.8,37.25,0.0,0.9,91.9,133.25,35.75,IA
2009-01-01,KANSAS,287.8666666666667,249.73333333333332,37.0,1.0666666666666667,0.06666666666666667,0.0,0.0,96.73333333333333,48.53333333333333,30.4,0.0,6.066666666666666,180.93333333333334,42.53333333333333,58.333333333333336,KS
2009-01-01,KENTUCKY,293.09375,230.03125,62.03125,1.03125,0.0,0.0,0.0,99.625,57.65625,38.5625,0.0625,6.53125,181.75,102.8125,1.9375,KY
2009-01-01,LOUISIANA,319.82608695652175,250.34782608695653,65.34782608695652,3.6956521739130435,0.43478260869565216,0.0,0.0,127.26086956521739,58.43478260869565,38.608695652173914,0.0,3.5217391304347827,206.82608695652175,109.17391304347827,0.30434782608695654,LA
2009-01-01,MAINE,290.09090909090907,272.3636363636364,16.181818181818183,1.3636363636363635,0.18181818181818182,0.0,0.0,121.18181818181819,47.27272727272727,32.45454545454545,0.09090909090909091,8.727272727272727,260.90909090909093,10.272727272727273,10.090909090909092,ME
2009-01-01,MARYLAND,287.75,203.875,80.125,3.5625,0.125,0.0625,0.0,119.25,65.25,42.5625,0.125,4.1875,191.0,92.1875,0.25,MD
2009-01-01,MASSACHUSETTS,318.6666666666667,242.83333333333334,70.83333333333333,4.916666666666667,0.08333333333333333,0.0,0.0,130.41666666666666,61.916666666666664,37.0,0.25,11.666666666666666,154.08333333333334,152.41666666666666,0.25,MA
2009-01-01,MICHIGAN,228.13793103448276,179.6551724137931,45.93103448275862,2.413793103448276,0.13793103448275862,0.0,0.0,122.27586206896552,61.89655172413793,37.86206896551724,0.20689655172413793,0.8275862068965517,160.51724137931035,66.44827586206897,0.13793103448275862,MI
2009-01-01,MINNESOTA,281.04761904761904,222.14285714285714,57.523809523809526,1.3333333333333333,0.047619047619047616,0.0,0.0,103.42857142857143,57.666666666666664,33.61904761904762,1.0,1.9523809523809523,98.61904761904762,176.47619047619048,3.0,MN
2009-01-01,MISSISSIPPI,265.7857142857143,198.71428571428572,65.92857142857143,1.1428571428571428,0.0,0.0,0.0,102.78571428571429,58.57142857142857,40.642857142857146,0.0,3.642857142857143,109.57142857142857,152.57142857142858,0.0,MS
2009-01-01,MISSOURI,283.85714285714283,206.57142857142858,74.85714285714286,2.3333333333333335,0.09523809523809523,0.0,0.0,113.71428571428571,61.19047619047619,40.095238095238095,0.19047619047619047,24.523809523809526,144.52380952380952,102.95238095238095,11.666666666666666,MO
2009-01-01,MONTANA,266.55555555555554,225.05555555555554,39.611111111111114,1.7777777777777777,0.1111111111111111,0.0,0.0,85.44444444444444,45.94444444444444,25.055555555555557,4.777777777777778,2.9444444444444446,28.444444444444443,200.44444444444446,29.944444444444443,MT
2009-01-01,NEBRASKA,187.33333333333334,166.83333333333334,20.083333333333332,0.25,0.08333333333333333,0.08333333333333333,0.0,93.75,45.666666666666664,26.0,8.666666666666666,0.0,63.5,75.0,40.166666666666664,NE
2009-01-01,NEVADA,267.0,212.3,51.0,3.6,0.1,0.0,0.0,104.8,50.1,33.8,33.7,7.9,132.1,15.8,77.5,NV
2009-01-01,NEW HAMPSHIRE,306.85714285714283,259.14285714285717,46.0,1.7142857142857142,0.0,0.0,0.0,108.71428571428571,55.857142857142854,34.857142857142854,0.2857142857142857,10.857142857142858,212.28571428571428,83.14285714285714,0.2857142857142857,NH
2009-01-01,NEW JERSEY,343.8235294117647,257.6470588235294,82.58823529411765,3.588235294117647,0.0,0.0,0.0,114.3529411764706,61.76470588235294,37.294117647058826,27.88235294117647,33.94117647058823,159.11764705882354,121.17647058823529,1.7058823529411764,NJ
2009-01-01,NEW MEXICO,276.77777777777777,228.61111111111111,46.888888888888886,1.1666666666666667,0.1111111111111111,0.0,0.0,85.44444444444444,43.72222222222222,29.61111111111111,0.0,5.111111111111111,155.55555555555554,79.83333333333333,36.27777777777778,NM
2009-01-01,NEW YORK,342.2,283.62857142857143,56.05714285714286,2.4285714285714284,0.08571428571428572,0.0,0.0,118.08571428571429,55.542857142857144,36.114285714285714,0.9428571428571428,12.942857142857143,239.82857142857142,88.25714285714285,0.22857142857142856,NY
2009-01-01,NORTH CAROLINA,274.0,208.1304347826087,64.97826086956522,0.8695652173913043,0.021739130434782608,0.0,0.0,94.28260869565217,58.67391304347826,39.30434782608695,0.0,0.45652173913043476,138.47826086956522,133.7173913043478,1.3478260869565217,NC
2009-01-01,NORTH DAKOTA,324.0,311.6666666666667,12.11111111111111,0.2222222222222222,0.0,0.0,0.0,66.55555555555556,42.77777777777778,30.555555555555557,0.0,12.666666666666666,290.1111111111111,20.11111111111111,1.1111111111111112,ND
2009-01-01,OHIO,275.7435897435897,202.30769230769232,70.17948717948718,3.1538461538461537,0.10256410256410256,0.0,0.0,112.71794871794872,64.33333333333333,40.12820512820513,9.0,4.384615384615385,182.64102564102564,66.05128205128206,13.666666666666666,OH
2009-01-01,OKLAHOMA,334.42857142857144,237.95238095238096,93.23809523809524,3.0476190476190474,0.19047619047619047,0.0,0.0,114.57142857142857,63.61904761904762,40.57142857142857,0.047619047619047616,4.190476190476191,206.28571428571428,111.42857142857143,12.476190476190476,OK
2009-01-01,OREGON,356.2916666666667,279.75,72.25,3.5833333333333335,0.7083333333333334,0.0,0.0,125.125,62.625,30.333333333333332,0.0,0.5416666666666666,49.708333333333336,305.7916666666667,0.25,OR
2009-01-01,PENNSYLVANIA,328.3888888888889,222.97222222222223,101.77777777777777,3.5,0.1388888888888889,0.0,0.0,113.52777777777777,64.66666666666667,41.583333333333336,0.5,14.333333333333334,148.36111111111111,146.52777777777777,18.666666666666668,PA
2009-01-01,RHODE ISLAND,289.6666666666667,234.33333333333334,52.666666666666664,2.6666666666666665,0.0,0.0,0.0,115.33333333333333,60.333333333333336,36.333333333333336,0.0,11.0,152.33333333333334,122.66666666666667,3.6666666666666665,RI
2009-01-01,SOUTH CAROLINA,318.85,262.8,55.7,0.35,0.0,0.0,0.0,85.3,52.8,36.6,0.0,0.85,217.1,73.8,27.1,SC
2009-01-01,SOUTH DAKOTA,336.6666666666667,294.44444444444446,41.333333333333336,0.5555555555555556,0.2222222222222222,0.0,0.1111111111111111,124.77777777777777,52.22222222222222,33.44444444444444,0.0,0.7777777777777778,176.0,104.66666666666667,55.22222222222222,SD
2009-01-01,TENNESSEE,279.3333333333333,225.41666666666666,52.791666666666664,1.0833333333333333,0.041666666666666664,0.0,0.0,101.08333333333333,55.375,35.25,0.16666666666666666,30.166666666666668,170.04166666666666,45.583333333333336,33.375,TN
2009-01-01,TEXAS,336.8,252.6888888888889,77.95555555555555,5.266666666666667,0.8444444444444444,0.044444444444444446,0.0,121.68888888888888,64.37777777777778,38.55555555555556,0.1111111111111111,5.022222222222222,189.86666666666667,140.73333333333332,1.0666666666666667,TX
2009-01-01,UTAH,300.25,183.33333333333334,105.5,9.916666666666666,1.5,0.0,0.0,137.0,69.25,42.0,0.08333333333333333,25.083333333333332,168.16666666666666,104.33333333333333,2.5833333333333335,UT
2009-01-01,VERMONT,363.0,296.0,65.33333333333333,1.6666666666666667,0.0,0.0,0.0,111.0,59.666666666666664,34.333333333333336,0.3333333333333333,12.0,156.0,194.66666666666666,0.0,VT
2009-01-01,VIRGINIA,241.07692307692307,205.4102564102564,35.30769230769231,0.358974358974359,0.0,0.0,0.0,82.56410256410257,48.35897435897436,31.205128205128204,2.769230769230769,41.38461538461539,127.97435897435898,58.46153846153846,10.487179487179487,VA
2009-01-01,WASHINGTON,345.43333333333334,290.06666666666666,53.43333333333333,1.7666666666666666,0.16666666666666666,0.0,0.0,94.26666666666667,52.6,28.033333333333335,0.16666666666666666,0.26666666666666666,32.7,304.1666666666667,8.133333333333333,WA
2009-01-01,WEST VIRGINIA,280.53333333333336,201.46666666666667,78.53333333333333,0.5333333333333333,0.0,0.0,0.0,93.66666666666667,60.86666666666667,40.13333333333333,0.3333333333333333,0.0,117.6,139.2,23.4,WV
2009-01-01,WISCONSIN,249.53125,206.25,41.03125,2.0625,0.1875,0.0,0.0,116.5,59.09375,36.4375,0.03125,2.34375,196.9375,48.0,2.21875,WI
2009-01-01,WYOMING,264.3529411764706,223.47058823529412,39.76470588235294,0.8235294117647058,0.29411764705882354,0.0,0.0,98.3529411764706,47.23529411764706,30.294117647058822,0.23529411764705882,1.9411764705882353,147.0,31.705882352941178,83.47058823529412,WY
2010-01-01,ALABAMA,282.2631578947368,164.89473684210526,113.05263157894737,4.0,0.3157894736842105,0.0,0.0,112.26315789473684,70.3157894736842,46.1578947368421,0.05263157894736842,0.0,131.05263157894737,142.26315789473685,8.894736842105264,AL
2010-01-01,ALASKA,262.125,222.0,35.0,4.125,1.0,0.0,0.0,88.5,44.875,19.75,2.375,0.0,59.375,191.0,9.375,AK
2010-01-01,ARIZONA,309.53846153846155,199.07692307692307,102.23076923076923,7.923076923076923,0.15384615384615385,0.0,0.15384615384615385,233.46153846153845,70.38461538461539,42.92307692307692,0.0,5.615384615384615,191.23076923076923,22.76923076923077,89.92307692307692,AZ
2010-01-01,ARKANSAS,208.23529411764707,138.52941176470588,67.3529411764706,2.235294117647059,0.11764705882352941,0.0,0.0,100.0,63.94117647058823,43.705882352941174,0.0,2.9411764705882355,110.3529411764706,94.94117647058823,0.0,AR
2010-01-01,CALIFORNIA,350.39622641509436,221.9433962264151,102.33962264150944,19.88679245283019,5.320754716981132,0.4716981132075472,0.4339622641509434,305.60377358490564,80.60377358490567,45.301886792452834,0.1509433962264151,8.90566037735849,222.54716981132074,105.94339622641509,12.849056603773585,CA
2010-01-01,COLORADO,275.125,197.46875,72.25,5.125,0.28125,0.0,0.0,118.21875,60.78125,36.5,0.78125,7.1875,177.875,21.1875,68.09375,CO
2010-01-01,CONNECTICUT,313.625,238.25,63.625,10.625,1.125,0.0,0.0,152.625,74.125,39.75,2.875,24.375,208.25,78.125,0.0,CT
2010-01-01,DELAWARE,325.3333333333333,190.66666666666666,112.66666666666667,18.0,4.0,0.0,0.0,168.0,91.33333333333333,46.666666666666664,0.0,4.0,233.66666666666666,87.66666666666667,0.0,DE
2010-01-01,DISTRICT OF COLUMBIA,365.0,181.0,149.0,28.0,7.0,0.0,0.0,187.0,100.0,51.0,0.0,53.0,190.0,119.0,3.0,DC
2010-01-01,FLORIDA,346.8918918918919,264.9189189189189,79.94594594594595,1.864864864864865,0.16216216216216217,0.0,0.0,112.16216216216216,58.648648648648646,40.351351351351354,0.0,0.8378378378378378,215.7027027027027,120.24324324324324,10.108108108108109,FL
2010-01-01,GEORGIA,294.6875,169.78125,120.6875,3.6875,0.5,0.03125,0.0,131.5625,71.34375,46.3125,0.125,4.46875,112.21875,176.40625,1.46875,GA
2010-01-01,HAWAII,357.6666666666667,221.66666666666666,130.66666666666666,4.333333333333333,1.0,0.0,0.0,128.0,58.333333333333336,40.333333333333336,0.0,0.3333333333333333,28.0,326.3333333333333,3.0,HI
2010-01-01,IDAHO,272.5882352941176,228.41176470588235,41.294117647058826,2.7058823529411766,0.17647058823529413,0.0,0.0,98.23529411764706,50.11764705882353,28.176470588235293,0.0,0.9411764705882353,46.94117647058823,180.1764705882353,44.529411764705884,ID
2010-01-01,ILLINOIS,327.64,241.92,81.2,4.4,0.12,0.0,0.0,110.6,63.4,40.24,1.8,4.4,228.04,87.0,6.4,IL
2010-01-01,INDIANA,240.81578947368422,136.78947368421052,99.92105263157895,4.052631578947368,0.05263157894736842,0.0,0.0,112.92105263157895,75.3157894736842,47.5,0.47368421052631576,1.0263157894736843,119.36842105263158,119.10526315789474,0.8421052631578947,IN
2010-01-01,IOWA,266.6,182.4,80.95,3.1,0.15,0.0,0.0,107.5,62.95,39.4,0.0,0.4,88.9,140.05,37.25,IA
2010-01-01,KANSAS,284.64285714285717,229.28571428571428,52.857142857142854,2.5,0.0,0.0,0.0,103.0,55.642857142857146,33.357142857142854,0.0,7.0,191.57142857142858,45.785714285714285,40.285714285714285,KS
2010-01-01,KENTUCKY,284.03125,187.25,91.34375,5.3125,0.125,0.0,0.0,116.40625,70.71875,43.84375,0.3125,2.34375,192.8125,85.6875,2.875,KY
2010-01-01,LOUISIANA,321.0869565217391,216.6086956521739,96.91304347826087,7.217391304347826,0.34782608695652173,0.0,0.0,127.17391304347827,68.56521739130434,42.17391304347826,0.0,3.0869565217391304,201.47826086956522,116.3913043478261,0.13043478260869565,LA
2010-01-01,MAINE,307.25,279.5833333333333,25.5,1.5833333333333333,0.5833333333333334,0.0,0.0,125.5,48.5,34.083333333333336,0.0,1.6666666666666667,232.75,68.75,4.083333333333333,ME
2010-01-01,MARYLAND,296.3125,175.1875,102.125,16.125,2.75,0.125,0.0,173.4375,89.3125,46.375,0.1875,5.6875,203.25,87.1875,0.0,MD
2010-01-01,MASSACHUSETTS,326.9166666666667,247.33333333333334,73.25,5.75,0.5833333333333334,0.0,0.0,145.08333333333334,65.16666666666667,38.75,0.16666666666666666,8.75,186.25,131.5,0.25,MA
2010-01-01,MICHIGAN,240.82142857142858,184.5,52.67857142857143,3.5357142857142856,0.10714285714285714,0.0,0.0,119.46428571428571,65.60714285714286,38.32142857142857,0.03571428571428571,1.6071428571428572,179.14285714285714,59.892857142857146,0.14285714285714285,MI
2010-01-01,MINNESOTA,284.5238095238095,227.42857142857142,55.19047619047619,1.9047619047619047,0.0,0.0,0.0,106.57142857142857,56.095238095238095,33.142857142857146,0.8571428571428571,10.857142857142858,109.04761904761905,160.52380952380952,3.238095238095238,MN
2010-01-01,MISSISSIPPI,294.6923076923077,192.07692307692307,99.07692307692308,3.5384615384615383,0.0,0.0,0.0,114.07692307692308,64.84615384615384,44.30769230769231,0.0,6.230769230769231,125.3076923076923,163.15384615384616,0.0,MS
2010-01-01,MISSOURI,288.9047619047619,189.0952380952381,92.9047619047619,6.619047619047619,0.2857142857142857,0.0,0.0,126.23809523809524,75.19047619047619,43.904761904761905,0.3333333333333333,12.476190476190476,159.23809523809524,104.57142857142857,12.285714285714286,MO
2010-01-01,MONTANA,286.3157894736842,235.73684210526315,45.78947368421053,4.2631578947368425,0.5263157894736842,0.0,0.0,100.21052631578948,52.10526315789474,27.894736842105264,3.1052631578947367,1.368421052631579,58.473684210526315,191.68421052631578,31.68421052631579,MT
2010-01-01,NEBRASKA,210.27272727272728,175.0,34.0,1.1818181818181819,0.09090909090909091,0.0,0.0,101.18181818181819,50.54545454545455,29.818181818181817,9.0,0.0,70.36363636363636,84.63636363636364,46.27272727272727,NE
2010-01-01,NEVADA,291.8,235.8,52.0,4.0,0.0,0.0,0.0,98.6,55.2,32.6,33.9,6.6,149.8,12.5,89.0,NV
2010-01-01,NEW HAMPSHIRE,324.42857142857144,265.85714285714283,55.142857142857146,3.2857142857142856,0.14285714285714285,0.0,0.0,124.0,60.42857142857143,38.285714285714285,0.14285714285714285,1.4285714285714286,263.7142857142857,59.0,0.14285714285714285,NH
2010-01-01,NEW JERSEY,346.9375,238.6875,92.3125,13.625,2.25,0.0625,0.0,161.8125,79.8125,40.8125,6.4375,30.875,219.125,90.0,0.5,NJ
2010-01-01,NEW MEXICO,274.44444444444446,217.0,55.388888888888886,1.4444444444444444,0.16666666666666666,0.1111111111111111,0.3333333333333333,140.27777777777777,44.611111111111114,30.333333333333332,0.0,4.444444444444445,164.33333333333334,71.66666666666667,34.0,NM
2010-01-01,NEW YORK,357.4117647058824,284.8235294117647,65.94117647058823,6.176470588235294,0.4411764705882353,0.029411764705882353,0.0,130.41176470588235,61.94117647058823,37.11764705882353,0.5,12.676470588235293,260.70588235294116,83.52941176470588,0.0,NY
2010-01-01,NORTH CAROLINA,280.8888888888889,181.57777777777778,93.68888888888888,5.377777777777778,0.24444444444444444,0.0,0.0,120.31111111111112,71.42222222222222,44.08888888888889,0.0,0.6222222222222222,150.88888888888889,129.24444444444444,0.13333333333333333,NC
2010-01-01,NORTH DAKOTA,304.1111111111111,268.44444444444446,35.55555555555556,0.1111111111111111,0.0,0.0,0.0,87.66666666666667,47.666666666666664,34.44444444444444,0.2222222222222222,15.222222222222221,225.0,60.77777777777778,2.888888888888889,ND
2010-01-01,OHIO,297.925,166.15,121.45,9.9,0.425,0.0,0.0,134.15,77.85,46.375,0.2,3.275,161.275,122.75,10.425,OH
2010-01-01,OKLAHOMA,321.9166666666667,236.79166666666666,83.16666666666667,1.9166666666666667,0.041666666666666664,0.0,0.0,108.79166666666667,63.375,40.25,0.0,1.9166666666666667,215.58333333333334,92.91666666666667,11.5,OK
2010-01-01,OREGON,357.75,308.0416666666667,48.666666666666664,0.9166666666666666,0.125,0.0,0.0,108.33333333333333,52.458333333333336,25.416666666666668,0.041666666666666664,0.4583333333333333,54.375,302.5416666666667,0.3333333333333333,OR
2010-01-01,PENNSYLVANIA,334.8333333333333,202.86111111111111,118.30555555555556,12.38888888888889,1.2777777777777777,0.0,0.0,150.58333333333334,80.16666666666667,45.166666666666664,1.0833333333333333,11.694444444444445,169.61111111111111,135.72222222222223,16.72222222222222,PA
2010-01-01,RHODE ISLAND,310.0,242.33333333333334,60.666666666666664,6.333333333333333,0.6666666666666666,0.0,0.0,143.33333333333334,68.33333333333333,39.333333333333336,0.0,11.666666666666666,186.33333333333334,111.66666666666667,0.3333333333333333,RI
2010-01-01,SOUTH CAROLINA,325.5,243.95,78.5,3.05,0.0,0.0,0.0,110.95,64.15,40.75,0.0,0.8,239.2,66.05,19.45,SC
2010-01-01,SOUTH DAKOTA,337.44444444444446,288.44444444444446,48.44444444444444,0.4444444444444444,0.1111111111111111,0.0,0.0,105.66666666666667,56.0,34.666666666666664,0.0,0.7777777777777778,187.22222222222223,91.33333333333333,58.111111111111114,SD
2010-01-01,TENNESSEE,275.0416666666667,188.25,78.08333333333333,8.625,0.08333333333333333,0.0,0.0,114.625,71.875,41.291666666666664,0.3333333333333333,28.291666666666668,175.29166666666666,44.333333333333336,26.791666666666668,TN
2010-01-01,TEXAS,339.06666666666666,260.6,72.17777777777778,5.5777777777777775,0.7111111111111111,0.0,0.0,119.31111111111112,61.75555555555555,38.2,0.08888888888888889,3.8222222222222224,198.24444444444444,136.0888888888889,0.8222222222222222,TX
2010-01-01,UTAH,307.53846153846155,191.84615384615384,102.6923076923077,9.0,2.8461538461538463,1.0769230769230769,0.07692307692307693,167.3846153846154,72.0,41.61538461538461,0.0,20.923076923076923,188.23076923076923,94.6923076923077,3.6923076923076925,UT
2010-01-01,VERMONT,364.6666666666667,293.6666666666667,69.33333333333333,1.3333333333333333,0.3333333333333333,0.0,0.0,123.0,60.333333333333336,34.333333333333336,0.6666666666666666,25.666666666666668,170.0,168.33333333333334,0.0,VT
2010-01-01,VIRGINIA,238.0,172.02564102564102,60.92307692307692,4.410256410256411,0.6410256410256411,0.0,0.0,113.71794871794872,62.05128205128205,36.05128205128205,2.7948717948717947,35.666666666666664,131.5897435897436,57.46153846153846,10.487179487179487,VA
2010-01-01,WASHINGTON,353.73333333333335,317.8,35.333333333333336,0.43333333333333335,0.1,0.06666666666666667,0.0,86.76666666666667,46.6,23.766666666666666,0.13333333333333333,0.4,46.9,301.73333333333335,4.566666666666666,WA
2010-01-01,WEST VIRGINIA,265.93333333333334,177.2,84.6,4.0,0.13333333333333333,0.0,0.0,122.26666666666667,69.66666666666667,43.333333333333336,1.2666666666666666,0.0,141.0,95.0,28.666666666666668,WV
2010-01-01,WISCONSIN,236.96969696969697,193.72727272727272,40.18181818181818,2.696969696969697,0.36363636363636365,0.0,0.0,115.57575757575758,60.15151515151515,37.90909090909091,0.0,1.393939393939394,185.57575757575756,49.666666666666664,0.3333333333333333,WI
2010-01-01,WYOMING,276.0,221.66666666666666,53.55555555555556,0.7777777777777778,0.0,0.0,0.0,89.05555555555556,49.833333333333336,32.111111111111114,0.2222222222222222,3.9444444444444446,166.44444444444446,33.05555555555556,72.33333333333333,WY
2011-01-01,ALABAMA,248.52631578947367,171.78947368421052,72.42105263157895,3.9473684210526314,0.3684210526315789,0.0,0.0,111.52631578947368,69.42105263157895,42.78947368421053,0.10526315789473684,0.0,158.6315789473684,85.05263157894737,4.7368421052631575,AL
2011-01-01,ALASKA,274.5,235.25,34.875,3.625,0.625,0.125,0.0,98.25,44.625,22.375,2.125,0.0,75.625,176.25,20.5,AK
2011-01-01,ARIZONA,320.61538461538464,185.69230769230768,114.53846153846153,16.076923076923077,2.076923076923077,1.0,1.2307692307692308,312.7692307692308,80.6923076923077,45.84615384615385,0.0,3.1538461538461537,173.92307692307693,27.846153846153847,115.6923076923077,AZ
2011-01-01,ARKANSAS,202.23529411764707,139.88235294117646,59.11764705882353,3.1176470588235294,0.11764705882352941,0.0,0.0,98.23529411764706,63.94117647058823,42.76470588235294,0.0,3.0,108.76470588235294,90.47058823529412,0.0,AR
2011-01-01,CALIFORNIA,345.74074074074076,193.27777777777777,120.37037037037037,24.333333333333332,7.018518518518518,0.37037037037037035,0.37037037037037035,471.037037037037,88.44444444444444,49.425925925925924,0.2777777777777778,6.907407407407407,197.46296296296296,129.25925925925927,11.833333333333334,CA
2011-01-01,COLORADO,285.15625,190.53125,85.34375,8.8125,0.40625,0.03125,0.03125,129.625,66.34375,38.8125,0.4375,7.96875,194.40625,17.6875,64.65625,CO
2011-01-01,CONNECTICUT,281.375,222.125,50.875,5.875,2.5,0.0,0.0,164.0,65.75,39.5,7.625,25.0,190.0,58.75,0.0,CT
2011-01-01,DELAWARE,365.0,250.0,102.0,10.666666666666666,2.3333333333333335,0.0,0.0,177.0,75.0,44.0,0.0,0.3333333333333333,271.3333333333333,93.33333333333333,0.0,DE
2011-01-01,DISTRICT OF COLUMBIA,365.0,135.0,214.0,13.0,3.0,0.0,0.0,166.0,84.0,54.0,0.0,26.0,114.0,225.0,0.0,DC
2011-01-01,FLORIDA,347.8421052631579,276.1842105263158,68.15789473684211,3.3157894736842106,0.18421052631578946,0.0,0.0,116.57894736842105,58.55263157894737,38.71052631578947,0.05263157894736842,0.39473684210526316,227.8684210526316,109.73684210526316,9.789473684210526,FL
2011-01-01,GEORGIA,292.6875,166.84375,117.625,7.78125,0.4375,0.0,0.0,128.625,75.65625,46.71875,0.03125,4.53125,113.9375,172.875,1.3125,GA
2011-01-01,HAWAII,331.0,251.0,79.75,0.25,0.0,0.0,0.0,75.75,48.75,32.25,1.25,13.5,32.5,282.25,1.5,HI
2011-01-01,IDAHO,315.3125,275.3125,37.125,2.5,0.375,0.0,0.0,93.125,47.5,25.4375,0.6875,0.625,60.6875,193.0625,60.25,ID
2011-01-01,ILLINOIS,332.0,248.43478260869566,78.43478260869566,4.391304347826087,0.7391304347826086,0.0,0.0,134.56521739130434,63.08695652173913,40.65217391304348,4.739130434782608,2.652173913043478,253.6086956521739,70.73913043478261,0.2608695652173913,IL
2011-01-01,INDIANA,247.72972972972974,149.05405405405406,92.78378378378379,5.513513513513513,0.3783783783783784,0.0,0.0,127.70270270270271,74.0,45.67567567567568,1.4594594594594594,1.054054054054054,122.02702702702703,121.94594594594595,1.2432432432432432,IN
2011-01-01,IOWA,267.65,179.4,88.05,0.2,0.0,0.0,0.0,94.85,62.55,41.2,0.0,0.3,81.0,163.45,22.9,IA
2011-01-01,KANSAS,274.5,202.64285714285714,65.21428571428571,6.571428571428571,0.07142857142857142,0.0,0.0,120.07142857142857,65.21428571428571,35.357142857142854,0.07142857142857142,8.714285714285714,185.07142857142858,46.214285714285715,34.42857142857143,KS
2011-01-01,KENTUCKY,290.4,205.23333333333332,80.23333333333333,4.5,0.43333333333333335,0.0,0.0,124.73333333333333,67.96666666666667,42.233333333333334,0.1,3.1,190.73333333333332,94.2,2.2666666666666666,KY
2011-01-01,LOUISIANA,338.3181818181818,229.5,99.13636363636364,8.909090909090908,0.7727272727272727,0.0,0.0,137.4090909090909,71.36363636363636,42.27272727272727,0.0,2.1363636363636362,212.0,123.72727272727273,0.45454545454545453,LA
2011-01-01,MAINE,273.9166666666667,247.5,25.083333333333332,1.0833333333333333,0.25,0.0,0.0,104.33333333333333,49.333333333333336,33.083333333333336,0.0,1.5833333333333333,210.41666666666666,58.333333333333336,3.5833333333333335,ME
2011-01-01,MARYLAND,304.6,191.0,98.26666666666667,12.2,2.933333333333333,0.2,0.0,166.13333333333333,82.0,45.266666666666666,0.6,7.0,181.73333333333332,114.86666666666666,0.4,MD
2011-01-01,MASSACHUSETTS,329.75,245.66666666666666,79.5,3.9166666666666665,0.5833333333333334,0.08333333333333333,0.0,142.08333333333334,62.083333333333336,40.083333333333336,0.08333333333333333,9.166666666666666,176.08333333333334,144.41666666666666,0.0,MA
2011-01-01,MICHIGAN,245.07142857142858,192.64285714285714,46.07142857142857,5.571428571428571,0.7857142857142857,0.0,0.0,140.75,64.92857142857143,37.67857142857143,0.0,1.5357142857142858,178.5,64.85714285714286,0.17857142857142858,MI
2011-01-01,MINNESOTA,282.4761904761905,229.8095238095238,51.523809523809526,1.0952380952380953,0.047619047619047616,0.0,0.0,100.76190476190476,54.57142857142857,33.95238095238095,0.9523809523809523,3.142857142857143,119.28571428571429,154.71428571428572,4.380952380952381,MN
2011-01-01,MISSISSIPPI,292.3076923076923,195.69230769230768,94.07692307692308,2.5384615384615383,0.0,0.0,0.0,107.15384615384616,65.07692307692308,43.38461538461539,0.0,6.3076923076923075,124.76923076923077,161.23076923076923,0.0,MS
2011-01-01,MISSOURI,291.5238095238095,188.8095238095238,93.0,8.904761904761905,0.8095238095238095,0.0,0.0,137.0952380952381,75.04761904761905,44.95238095238095,0.0,4.0,176.52380952380952,96.0952380952381,14.904761904761905,MO
2011-01-01,MONTANA,285.3888888888889,233.05555555555554,48.0,3.8333333333333335,0.5,0.0,0.0,95.83333333333333,49.666666666666664,27.5,1.3888888888888888,1.5555555555555556,65.16666666666667,182.94444444444446,34.333333333333336,MT
2011-01-01,NEBRASKA,218.72727272727272,176.1818181818182,42.09090909090909,0.45454545454545453,0.0,0.0,0.0,88.54545454545455,51.81818181818182,30.272727272727273,10.181818181818182,0.0,67.72727272727273,99.0909090909091,41.72727272727273,NE
2011-01-01,NEVADA,300.1,235.6,58.1,6.2,0.2,0.0,0.0,110.4,53.5,33.0,33.5,5.4,148.7,16.9,95.6,NV
2011-01-01,NEW HAMPSHIRE,324.14285714285717,257.2857142857143,65.14285714285714,1.4285714285714286,0.2857142857142857,0.0,0.0,117.85714285714286,59.714285714285715,39.142857142857146,0.8571428571428571,0.0,243.71428571428572,79.57142857142857,0.0,NH
2011-01-01,NEW JERSEY,349.875,250.75,88.0625,9.1875,1.875,0.0,0.0,158.0,68.25,41.4375,3.1875,29.875,191.5625,124.25,1.0,NJ
2011-01-01,NEW MEXICO,273.0,196.44444444444446,70.88888888888889,4.833333333333333,0.3333333333333333,0.1111111111111111,0.3888888888888889,175.61111111111111,55.94444444444444,32.611111111111114,0.0,5.111111111111111,157.05555555555554,76.27777777777777,34.55555555555556,NM
2011-01-01,NEW YORK,345.7352941176471,281.3529411764706,60.5,3.2941176470588234,0.5588235294117647,0.029411764705882353,0.0,130.6764705882353,55.76470588235294,37.5,1.1176470588235294,9.941176470588236,240.05882352941177,94.61764705882354,0.0,NY
2011-01-01,NORTH CAROLINA,278.8666666666667,184.66666666666666,89.11111111111111,4.7555555555555555,0.3333333333333333,0.0,0.0,120.0,71.17777777777778,43.733333333333334,0.0,0.37777777777777777,150.26666666666668,128.22222222222223,0.0,NC
2011-01-01,NORTH DAKOTA,346.375,318.375,27.875,0.0,0.0,0.125,0.0,97.25,49.125,36.625,0.25,5.625,249.875,83.25,7.375,ND
2011-01-01,OHIO,299.1025641025641,190.3846153846154,99.0,9.051282051282051,0.6666666666666666,0.0,0.0,134.82051282051282,73.56410256410257,42.64102564102564,1.3076923076923077,3.5128205128205128,150.64102564102564,134.69230769230768,8.948717948717949,OH
2011-01-01,OKLAHOMA,328.04347826086956,199.34782608695653,108.6086956521739,19.130434782608695,0.9565217391304348,0.0,0.0,146.04347826086956,86.56521739130434,45.26086956521739,0.0,3.652173913043478,242.34782608695653,64.8695652173913,17.17391304347826,OK
2011-01-01,OREGON,328.36,266.84,57.68,3.4,0.44,0.0,0.0,117.4,59.96,25.84,0.0,0.12,52.84,275.2,0.2,OR
2011-01-01,PENNSYLVANIA,344.97297297297297,219.86486486486487,116.64864864864865,7.8108108108108105,0.6486486486486487,0.0,0.0,135.13513513513513,70.51351351351352,44.432432432432435,0.16216216216216217,6.378378378378378,184.02702702702703,147.78378378378378,6.621621621621622,PA
2011-01-01,RHODE ISLAND,314.6666666666667,243.66666666666666,64.66666666666667,6.333333333333333,0.0,0.0,0.0,140.0,68.66666666666667,40.0,0.0,3.6666666666666665,211.66666666666666,99.33333333333333,0.0,RI
2011-01-01,SOUTH CAROLINA,295.5,205.3,86.05,3.95,0.2,0.0,0.0,119.7,66.9,42.9,0.0,1.25,185.8,89.45,19.0,SC
2011-01-01,SOUTH DAKOTA,334.0,296.22222222222223,37.44444444444444,0.3333333333333333,0.0,0.0,0.0,87.11111111111111,52.0,33.888888888888886,0.0,9.666666666666666,190.66666666666666,79.44444444444444,54.22222222222222,SD
2011-01-01,TENNESSEE,284.1666666666667,201.08333333333334,76.04166666666667,6.666666666666667,0.375,0.0,0.0,116.08333333333333,68.04166666666667,40.208333333333336,0.20833333333333334,32.666666666666664,183.625,41.625,26.041666666666668,TN
2011-01-01,TEXAS,334.8666666666667,227.93333333333334,92.86666666666666,12.11111111111111,1.9111111111111112,0.044444444444444446,0.0,146.73333333333332,77.42222222222222,41.51111111111111,0.022222222222222223,4.022222222222222,202.62222222222223,126.88888888888889,1.3111111111111111,TX
2011-01-01,UTAH,310.1333333333333,200.4,99.46666666666667,7.466666666666667,2.2,0.6,0.0,134.93333333333334,70.13333333333334,41.8,0.0,23.8,219.93333333333334,65.13333333333334,1.2666666666666666,UT
2011-01-01,VERMONT,274.0,206.0,65.75,2.25,0.0,0.0,0.0,93.0,49.25,31.0,2.25,3.25,107.5,161.0,0.0,VT
2011-01-01,VIRGINIA,252.71052631578948,199.60526315789474,49.31578947368421,3.3684210526315788,0.42105263157894735,0.0,0.0,105.21052631578948,56.21052631578947,33.31578947368421,0.5526315789473685,43.21052631578947,127.65789473684211,70.13157894736842,11.157894736842104,VA
2011-01-01,WASHINGTON,348.2,301.43333333333334,44.766666666666666,1.5666666666666667,0.43333333333333335,0.0,0.0,98.53333333333333,50.666666666666664,24.266666666666666,0.3333333333333333,1.0666666666666667,45.8,291.96666666666664,9.033333333333333,WA
2011-01-01,WEST VIRGINIA,257.6666666666667,191.66666666666666,63.666666666666664,2.1333333333333333,0.2,0.0,0.0,111.6,64.66666666666667,39.4,2.2666666666666666,0.0,138.06666666666666,94.46666666666667,22.866666666666667,WV
2011-01-01,WISCONSIN,240.6,191.16666666666666,46.03333333333333,3.0,0.36666666666666664,0.03333333333333333,0.0,122.2,58.766666666666666,37.36666666666667,0.0,0.6666666666666666,177.83333333333334,59.8,2.3,WI
2011-01-01,WYOMING,294.94444444444446,230.11111111111111,62.94444444444444,1.5555555555555556,0.16666666666666666,0.16666666666666666,0.0,98.5,53.44444444444444,34.22222222222222,0.3333333333333333,3.7777777777777777,187.88888888888889,32.27777777777778,70.66666666666667,WY
2012-01-01,ALABAMA,263.5882352941176,201.1764705882353,58.64705882352941,3.5294117647058822,0.23529411764705882,0.0,0.0,110.23529411764706,62.1764705882353,40.11764705882353,0.0,0.0,174.64705882352942,85.3529411764706,3.588235294117647,AL
2012-01-01,ALASKA,301.25,258.75,36.5,2.625,3.125,0.25,0.0,96.25,50.875,22.0,1.375,0.0,95.5,153.25,51.125,AK
2012-01-01,ARIZONA,336.38461538461536,193.15384615384616,122.61538461538461,18.76923076923077,1.2307692307692308,0.3076923076923077,0.3076923076923077,170.46153846153845,80.15384615384616,46.61538461538461,0.0,3.0,188.3846153846154,22.46153846153846,122.53846153846153,AZ
2012-01-01,ARKANSAS,207.07142857142858,146.64285714285714,56.57142857142857,3.5714285714285716,0.2857142857142857,0.0,0.0,103.42857142857143,64.42857142857143,40.857142857142854,0.0,2.642857142857143,123.28571428571429,81.14285714285714,0.0,AR
2012-01-01,CALIFORNIA,349.72222222222223,202.5,113.75925925925925,25.85185185185185,6.833333333333333,0.37037037037037035,0.4074074074074074,288.7037037037037,87.87037037037037,48.7037037037037,0.14814814814814814,6.7592592592592595,219.5185185185185,110.75925925925925,12.537037037037036,CA
2012-01-01,COLORADO,292.19354838709677,198.09677419354838,81.29032258064517,11.903225806451612,0.8709677419354839,0.03225806451612903,0.0,125.80645161290323,69.58064516129032,40.25806451612903,0.0967741935483871,8.806451612903226,203.19354838709677,15.483870967741936,64.61290322580645,CO
2012-01-01,CONNECTICUT,314.875,223.0,75.75,12.875,3.25,0.0,0.0,170.25,78.375,42.375,0.25,3.75,193.25,117.5,0.125,CT
2012-01-01,DELAWARE,358.0,237.33333333333334,101.0,16.333333333333332,3.3333333333333335,0.0,0.0,177.66666666666666,79.33333333333333,43.333333333333336,0.0,2.0,255.33333333333334,100.66666666666667,0.0,DE
2012-01-01,DISTRICT OF COLUMBIA,366.0,127.0,211.0,24.0,4.0,0.0,0.0,182.0,90.0,56.0,0.0,22.0,139.0,205.0,0.0,DC
2012-01-01,FLORIDA,352.9736842105263,300.2894736842105,50.973684210526315,1.5263157894736843,0.18421052631578946,0.0,0.0,112.63157894736842,53.86842105263158,36.94736842105263,0.0,0.34210526315789475,246.6578947368421,96.07894736842105,9.894736842105264,FL
2012-01-01,GEORGIA,293.71875,196.15625,93.71875,3.21875,0.59375,0.03125,0.0,125.21875,63.34375,42.96875,0.03125,4.125,114.125,174.15625,1.28125,GA
2012-01-01,HAWAII,361.5,268.0,93.0,0.0,0.5,0.0,0.0,92.75,52.0,36.25,4.0,3.75,32.25,320.25,1.25,HI
2012-01-01,IDAHO,341.85714285714283,281.5,52.642857142857146,3.5714285714285716,3.2142857142857144,0.9285714285714286,0.0,166.28571428571428,59.5,24.571428571428573,0.5,1.7857142857142858,40.0,234.0,65.57142857142857,ID
2012-01-01,ILLINOIS,331.8695652173913,235.08695652173913,81.17391304347827,13.695652173913043,1.826086956521739,0.08695652173913043,0.0,154.7391304347826,80.1304347826087,41.04347826086956,0.13043478260869565,5.217391304347826,272.5652173913044,53.34782608695652,0.6086956521739131,IL
2012-01-01,INDIANA,252.47222222222223,147.44444444444446,93.55555555555556,10.38888888888889,0.9166666666666666,0.16666666666666666,0.0,143.02777777777777,80.80555555555556,45.611111111111114,0.6388888888888888,0.6388888888888888,134.22222222222223,115.25,1.7222222222222223,IN
2012-01-01,IOWA,280.7368421052632,181.68421052631578,95.78947368421052,3.210526315789474,0.05263157894736842,0.0,0.0,106.78947368421052,68.42105263157895,42.36842105263158,0.0,0.5263157894736842,95.63157894736842,159.8421052631579,24.736842105263158,IA
2012-01-01,KANSAS,296.0769230769231,218.3846153846154,63.46153846153846,13.307692307692308,0.9230769230769231,0.0,0.0,132.69230769230768,71.76923076923077,34.76923076923077,0.15384615384615385,6.461538461538462,211.53846153846155,37.38461538461539,40.53846153846154,KS
2012-01-01,KENTUCKY,295.51724137931035,205.48275862068965,77.89655172413794,10.758620689655173,1.2413793103448276,0.13793103448275862,0.0,150.9655172413793,75.55172413793103,42.44827586206897,0.06896551724137931,3.0,211.51724137931035,78.37931034482759,2.5517241379310347,KY
2012-01-01,LOUISIANA,339.04545454545456,242.27272727272728,92.63636363636364,3.9545454545454546,0.18181818181818182,0.0,0.0,123.81818181818181,64.31818181818181,41.27272727272727,0.0,2.409090909090909,212.27272727272728,123.9090909090909,0.45454545454545453,LA
2012-01-01,MAINE,299.1818181818182,276.8181818181818,21.545454545454547,0.8181818181818182,0.0,0.0,0.0,95.9090909090909,49.36363636363637,34.0,0.09090909090909091,11.545454545454545,237.0,45.63636363636363,4.909090909090909,ME
2012-01-01,MARYLAND,313.3333333333333,196.2,100.86666666666666,13.2,2.8,0.26666666666666666,0.0,180.53333333333333,83.33333333333333,45.266666666666666,0.5333333333333333,6.6,200.26666666666668,105.73333333333333,0.2,MD
2012-01-01,MASSACHUSETTS,324.1666666666667,251.5,66.08333333333333,5.916666666666667,0.6666666666666666,0.0,0.0,146.66666666666666,61.666666666666664,38.333333333333336,0.0,8.5,183.16666666666666,132.33333333333334,0.16666666666666666,MA
2012-01-01,MICHIGAN,247.64285714285714,174.89285714285714,54.42857142857143,16.142857142857142,1.9642857142857142,0.21428571428571427,0.0,163.17857142857142,87.28571428571429,40.17857142857143,0.0,1.4642857142857142,182.57142857142858,61.607142857142854,2.0,MI
2012-01-01,MINNESOTA,295.1904761904762,241.9047619047619,52.285714285714285,0.9523809523809523,0.047619047619047616,0.0,0.0,101.38095238095238,55.095238095238095,33.38095238095238,0.7619047619047619,5.904761904761905,132.1904761904762,149.8095238095238,6.523809523809524,MN
2012-01-01,MISSISSIPPI,312.27272727272725,231.45454545454547,77.0909090909091,3.5454545454545454,0.18181818181818182,0.0,0.0,118.27272727272727,62.54545454545455,40.45454545454545,0.0,11.0,142.0909090909091,159.1818181818182,0.0,MS
2012-01-01,MISSOURI,287.76190476190476,173.28571428571428,95.52380952380952,16.761904761904763,2.1904761904761907,0.0,0.0,149.57142857142858,88.61904761904762,45.23809523809524,0.0,3.238095238095238,163.0,104.0,17.523809523809526,MO
2012-01-01,MONTANA,278.57894736842104,213.57894736842104,58.36842105263158,4.0,2.4210526315789473,0.21052631578947367,0.0,116.36842105263158,58.89473684210526,28.36842105263158,0.05263157894736842,2.1578947368421053,71.05263157894737,185.94736842105263,19.36842105263158,MT
2012-01-01,NEBRASKA,221.45454545454547,165.27272727272728,53.45454545454545,2.6363636363636362,0.09090909090909091,0.0,0.0,95.9090909090909,58.18181818181818,33.36363636363637,2.1818181818181817,0.0,76.36363636363636,91.36363636363636,51.54545454545455,NE
2012-01-01,NEVADA,258.0,173.6,74.5,8.5,0.6,0.0,0.8,178.4,63.3,36.2,9.2,2.9,148.2,20.9,76.8,NV
2012-01-01,NEW HAMPSHIRE,325.85714285714283,265.7142857142857,57.57142857142857,2.5714285714285716,0.0,0.0,0.0,115.42857142857143,59.714285714285715,38.142857142857146,0.14285714285714285,0.0,262.2857142857143,63.42857142857143,0.0,NH
2012-01-01,NEW JERSEY,337.3125,244.375,79.9375,11.625,1.375,0.0,0.0,146.75,72.625,40.625,0.1875,25.1875,204.25,107.1875,0.5,NJ
2012-01-01,NEW MEXICO,272.3888888888889,200.83333333333334,66.11111111111111,4.611111111111111,0.16666666666666666,0.16666666666666666,0.5,234.61111111111111,54.0,32.77777777777778,0.0,2.9444444444444446,172.05555555555554,70.66666666666667,26.72222222222222,NM
2012-01-01,NEW YORK,345.93939393939394,282.7878787878788,56.93939393939394,5.818181818181818,0.3939393939393939,0.0,0.0,125.33333333333333,57.878787878787875,36.09090909090909,0.3939393939393939,7.7272727272727275,254.3939393939394,83.42424242424242,0.0,NY
2012-01-01,NORTH CAROLINA,284.7111111111111,220.0222222222222,61.2,3.0,0.4444444444444444,0.044444444444444446,0.0,129.62222222222223,61.28888888888889,40.333333333333336,0.0,0.4,154.9777777777778,129.33333333333334,0.0,NC
2012-01-01,NORTH DAKOTA,364.125,324.0,40.125,0.0,0.0,0.0,0.0,79.75,51.5,36.5,0.0,2.625,267.5,86.25,7.75,ND
2012-01-01,OHIO,302.89473684210526,181.89473684210526,106.42105263157895,12.710526315789474,1.7894736842105263,0.07894736842105263,0.0,162.60526315789474,81.52631578947368,44.78947368421053,2.736842105263158,0.10526315789473684,163.31578947368422,127.44736842105263,9.289473684210526,OH
2012-01-01,OKLAHOMA,322.72727272727275,210.0909090909091,97.22727272727273,14.318181818181818,1.0454545454545454,0.045454545454545456,0.0,143.27272727272728,80.9090909090909,43.18181818181818,0.045454545454545456,3.3181818181818183,228.6818181818182,73.5,17.181818181818183,OK
2012-01-01,OREGON,344.5833333333333,288.4583333333333,53.375,1.9583333333333333,0.5833333333333334,0.041666666666666664,0.16666666666666666,128.0,56.125,27.416666666666668,0.0,0.2916666666666667,52.583333333333336,291.625,0.08333333333333333,OR
2012-01-01,PENNSYLVANIA,356.5405405405405,224.54054054054055,119.43243243243244,11.54054054054054,1.027027027027027,0.0,0.0,147.56756756756758,74.32432432432432,44.54054054054054,0.08108108108108109,2.054054054054054,218.64864864864865,132.54054054054055,3.2162162162162162,PA
2012-01-01,RHODE ISLAND,342.6666666666667,270.0,63.333333333333336,8.333333333333334,1.0,0.0,0.0,161.66666666666666,62.666666666666664,39.0,0.0,1.0,217.66666666666666,124.0,0.0,RI
2012-01-01,SOUTH CAROLINA,269.42105263157896,212.8421052631579,55.26315789473684,1.2105263157894737,0.10526315789473684,0.0,0.0,108.94736842105263,58.31578947368421,39.63157894736842,0.2631578947368421,2.1578947368421053,151.6315789473684,93.36842105263158,22.0,SC
2012-01-01,SOUTH DAKOTA,337.77777777777777,254.88888888888889,81.11111111111111,1.6666666666666667,0.1111111111111111,0.0,0.0,105.55555555555556,62.333333333333336,38.888888888888886,0.0,10.444444444444445,195.66666666666666,97.0,34.666666666666664,SD
2012-01-01,TENNESSEE,272.04347826086956,195.04347826086956,68.52173913043478,7.304347826086956,1.0434782608695652,0.13043478260869565,0.0,139.30434782608697,69.65217391304348,40.21739130434783,0.21739130434782608,22.08695652173913,186.47826086956522,43.52173913043478,19.73913043478261,TN
2012-01-01,TEXAS,342.3720930232558,250.1860465116279,82.6046511627907,8.209302325581396,1.0930232558139534,0.23255813953488372,0.046511627906976744,153.67441860465115,69.25581395348837,40.16279069767442,0.023255813953488372,2.883720930232558,205.74418604651163,132.48837209302326,1.2325581395348837,TX
2012-01-01,UTAH,337.6666666666667,211.6,117.33333333333333,8.4,0.3333333333333333,0.0,0.0,128.8,75.06666666666666,44.13333333333333,0.0,22.866666666666667,252.13333333333333,60.333333333333336,2.3333333333333335,UT
2012-01-01,VERMONT,302.75,254.5,47.0,1.25,0.0,0.0,0.0,93.5,50.5,30.0,0.75,10.0,147.5,144.5,0.0,VT
2012-01-01,VIRGINIA,253.18421052631578,207.81578947368422,41.63157894736842,3.289473684210526,0.42105263157894735,0.02631578947368421,0.0,107.57894736842105,53.94736842105263,32.5,0.6578947368421053,42.05263157894737,133.81578947368422,65.71052631578948,10.947368421052632,VA
2012-01-01,WASHINGTON,358.86206896551727,306.62068965517244,48.86206896551724,2.0,1.2758620689655173,0.06896551724137931,0.034482758620689655,123.58620689655173,52.62068965517241,26.275862068965516,0.06896551724137931,2.2758620689655173,42.827586206896555,309.7586206896552,3.9310344827586206,WA
2012-01-01,WEST VIRGINIA,265.6666666666667,194.4,67.13333333333334,4.0,0.13333333333333333,0.0,0.0,122.46666666666667,68.33333333333333,39.93333333333333,2.4,0.0,146.2,90.93333333333334,26.133333333333333,WV
2012-01-01,WISCONSIN,252.96774193548387,183.70967741935485,57.935483870967744,9.32258064516129,2.0,0.0,0.0,139.70967741935485,73.25806451612904,37.25806451612903,0.0,0.45161290322580644,169.2258064516129,77.29032258064517,6.0,WI
2012-01-01,WYOMING,293.05263157894734,208.52631578947367,80.47368421052632,3.473684210526316,0.5263157894736842,0.05263157894736842,0.0,121.15789473684211,62.421052631578945,36.68421052631579,0.05263157894736842,8.368421052631579,184.1578947368421,27.736842105263158,72.73684210526316,WY
2013-01-01,ALABAMA,260.6666666666667,220.38888888888889,40.111111111111114,0.16666666666666666,0.0,0.0,0.0,86.05555555555556,52.94444444444444,37.388888888888886,0.0,0.05555555555555555,173.22222222222223,84.16666666666667,3.2222222222222223,AL
2013-01-01,ALASKA,284.25,244.0,31.875,4.75,3.625,0.0,0.0,108.0,51.25,20.375,2.5,0.0,52.75,176.75,52.25,AK
2013-01-01,ARIZONA,346.61538461538464,218.92307692307693,113.92307692307692,10.923076923076923,1.8461538461538463,0.6153846153846154,0.38461538461538464,240.84615384615384,74.46153846153847,44.30769230769231,0.0,1.7692307692307692,189.15384615384616,31.076923076923077,124.61538461538461,AZ
2013-01-01,ARKANSAS,247.0909090909091,193.54545454545453,53.09090909090909,0.45454545454545453,0.0,0.0,0.0,93.18181818181819,58.90909090909091,37.72727272727273,0.0,2.727272727272727,155.54545454545453,88.81818181818181,0.0,AR
2013-01-01,CALIFORNIA,346.2037037037037,191.0185185185185,127.12962962962963,22.685185185185187,5.0,0.2037037037037037,0.16666666666666666,219.2037037037037,87.03703703703704,49.425925925925924,0.2777777777777778,5.222222222222222,193.85185185185185,128.42592592592592,18.425925925925927,CA
2013-01-01,COLORADO,304.43333333333334,216.43333333333334,80.3,6.966666666666667,0.6,0.1,0.03333333333333333,164.83333333333334,67.06666666666666,39.6,0.23333333333333334,8.5,220.13333333333333,17.433333333333334,58.13333333333333,CO
2013-01-01,CONNECTICUT,315.0,213.375,91.75,8.0,1.875,0.0,0.0,156.75,70.75,44.0,0.125,5.75,175.25,133.875,0.0,CT
2013-01-01,DELAWARE,362.3333333333333,264.6666666666667,94.0,3.6666666666666665,0.0,0.0,0.0,123.0,63.333333333333336,42.0,0.0,2.0,229.66666666666666,130.66666666666666,0.0,DE
2013-01-01,DISTRICT OF COLUMBIA,365.0,203.0,161.0,1.0,0.0,0.0,0.0,101.0,70.0,48.0,0.0,26.0,129.0,210.0,0.0,DC
2013-01-01,FLORIDA,351.39473684210526,309.10526315789474,41.526315789473685,0.7368421052631579,0.0,0.02631578947368421,0.0,99.55263157894737,50.8421052631579,35.0,0.0,0.34210526315789475,225.60526315789474,114.84210526315789,10.605263157894736,FL
2013-01-01,GEORGIA,297.21875,228.34375,68.0,0.84375,0.03125,0.0,0.0,97.625,56.375,38.40625,0.03125,4.34375,110.8125,181.96875,0.0625,GA
2013-01-01,HAWAII,364.25,280.0,84.25,0.0,0.0,0.0,0.0,73.0,49.0,32.25,1.25,18.0,35.25,309.0,0.75,HI
2013-01-01,IDAHO,277.0769230769231,222.53846153846155,47.76923076923077,5.230769230769231,1.5384615384615385,0.0,0.0,122.38461538461539,53.46153846153846,25.53846153846154,0.15384615384615385,6.384615384615385,41.30769230769231,174.6153846153846,54.61538461538461,ID
2013-01-01,ILLINOIS,320.04347826086956,258.17391304347825,60.30434782608695,1.5217391304347827,0.043478260869565216,0.0,0.0,103.30434782608695,56.91304347826087,38.91304347826087,0.21739130434782608,3.5217391304347827,257.5652173913044,57.78260869565217,0.9565217391304348,IL
2013-01-01,INDIANA,261.4166666666667,180.86111111111111,79.69444444444444,0.8055555555555556,0.05555555555555555,0.0,0.0,101.63888888888889,61.44444444444444,43.0,0.3888888888888889,3.4166666666666665,134.66666666666666,121.69444444444444,1.25,IN
2013-01-01,IOWA,279.42105263157896,195.42105263157896,82.84210526315789,1.1578947368421053,0.0,0.0,0.0,101.21052631578948,59.21052631578947,40.8421052631579,0.0,0.47368421052631576,89.78947368421052,165.68421052631578,23.473684210526315,IA
2013-01-01,KANSAS,277.61538461538464,231.84615384615384,44.84615384615385,0.9230769230769231,0.0,0.0,0.0,88.23076923076923,50.07692307692308,32.38461538461539,0.15384615384615385,3.769230769230769,188.84615384615384,45.38461538461539,39.46153846153846,KS
2013-01-01,KENTUCKY,297.2758620689655,246.27586206896552,50.44827586206897,0.5517241379310345,0.0,0.0,0.0,93.3103448275862,53.06896551724138,38.48275862068966,0.10344827586206896,4.275862068965517,197.89655172413794,92.3103448275862,2.689655172413793,KY
2013-01-01,LOUISIANA,340.6818181818182,266.8636363636364,72.04545454545455,1.6363636363636365,0.13636363636363635,0.0,0.0,114.36363636363636,57.0,38.63636363636363,0.0,2.8636363636363638,210.45454545454547,127.0909090909091,0.2727272727272727,LA
2013-01-01,MAINE,306.6363636363636,278.1818181818182,26.272727272727273,2.1818181818181817,0.0,0.0,0.0,117.45454545454545,49.36363636363637,34.72727272727273,0.0,13.090909090909092,240.54545454545453,50.63636363636363,2.3636363636363638,ME
2013-01-01,MARYLAND,312.53333333333336,232.8,76.93333333333334,2.8,0.0,0.0,0.0,116.86666666666666,64.46666666666667,42.06666666666667,0.0,5.733333333333333,194.46666666666667,112.2,0.13333333333333333,MD
2013-01-01,MASSACHUSETTS,341.25,272.5833333333333,64.83333333333333,3.75,0.08333333333333333,0.0,0.0,120.08333333333333,57.916666666666664,38.333333333333336,0.0,4.333333333333333,205.91666666666666,130.58333333333334,0.4166666666666667,MA
2013-01-01,MICHIGAN,247.46428571428572,195.21428571428572,50.035714285714285,2.1785714285714284,0.03571428571428571,0.0,0.0,111.92857142857143,61.357142857142854,37.892857142857146,0.0,1.25,180.35714285714286,65.03571428571429,0.8214285714285714,MI
2013-01-01,MINNESOTA,305.8,256.15,49.4,0.25,0.0,0.0,0.0,88.05,54.2,33.9,0.05,7.9,138.6,151.15,8.1,MN
2013-01-01,MISSISSIPPI,311.6,265.6,45.4,0.6,0.0,0.0,0.0,98.8,53.4,37.3,0.0,11.8,193.8,106.0,0.0,MS
2013-01-01,MISSOURI,290.7142857142857,213.52380952380952,75.52380952380952,1.619047619047619,0.047619047619047616,0.0,0.0,109.0952380952381,62.76190476190476,41.857142857142854,0.0,3.857142857142857,164.47619047619048,111.14285714285714,11.238095238095237,MO
2013-01-01,MONTANA,298.7894736842105,253.47368421052633,42.78947368421053,2.1578947368421053,0.3684210526315789,0.0,0.0,91.21052631578948,48.31578947368421,27.68421052631579,0.0,1.0,106.47368421052632,172.05263157894737,19.263157894736842,MT
2013-01-01,NEBRASKA,205.36363636363637,173.36363636363637,31.454545454545453,0.5454545454545454,0.0,0.0,0.0,82.9090909090909,49.54545454545455,27.0,0.0,0.0,65.36363636363636,96.0909090909091,43.90909090909091,NE
2013-01-01,NEVADA,289.5,202.2,75.8,6.8,2.6,0.7,1.4,209.7,63.8,37.5,0.0,0.8,141.4,59.1,88.2,NV
2013-01-01,NEW HAMPSHIRE,326.0,267.7142857142857,57.0,1.2857142857142858,0.0,0.0,0.0,103.28571428571429,57.42857142857143,37.857142857142854,0.14285714285714285,0.0,248.42857142857142,77.42857142857143,0.0,NH
2013-01-01,NEW JERSEY,338.625,262.9375,72.6875,2.8125,0.1875,0.0,0.0,122.9375,61.625,39.125,0.0625,28.1875,209.8125,100.4375,0.125,NJ
2013-01-01,NEW MEXICO,274.1666666666667,204.05555555555554,65.16666666666667,3.6666666666666665,0.7222222222222222,0.1111111111111111,0.4444444444444444,139.5,56.888888888888886,33.5,0.0,2.5555555555555554,189.38888888888889,64.38888888888889,17.833333333333332,NM
2013-01-01,NEW YORK,354.3448275862069,302.37931034482756,50.44827586206897,1.4137931034482758,0.10344827586206896,0.0,0.0,106.55172413793103,53.37931034482759,35.44827586206897,1.0,10.758620689655173,244.6206896551724,97.96551724137932,0.0,NY
2013-01-01,NORTH CAROLINA,281.5652173913044,235.15217391304347,46.08695652173913,0.30434782608695654,0.021739130434782608,0.0,0.0,91.91304347826087,53.28260869565217,37.19565217391305,0.0,0.34782608695652173,145.47826086956522,135.58695652173913,0.15217391304347827,NC
2013-01-01,NORTH DAKOTA,363.44444444444446,325.77777777777777,37.55555555555556,0.1111111111111111,0.0,0.0,0.0,82.44444444444444,50.888888888888886,36.666666666666664,0.2222222222222222,3.5555555555555554,280.6666666666667,69.33333333333333,9.666666666666666,ND
2013-01-01,OHIO,299.7368421052632,216.89473684210526,80.97368421052632,1.8157894736842106,0.05263157894736842,0.0,0.0,110.92105263157895,59.36842105263158,40.18421052631579,3.1315789473684212,0.47368421052631576,148.21052631578948,139.1315789473684,8.789473684210526,OH
2013-01-01,OKLAHOMA,306.60869565217394,229.34782608695653,73.82608695652173,3.4347826086956523,0.0,0.0,0.0,110.34782608695652,63.30434782608695,39.26086956521739,0.0,3.6956521739130435,211.17391304347825,73.78260869565217,17.956521739130434,OK
2013-01-01,OREGON,345.3333333333333,264.8333333333333,72.54166666666667,5.75,1.9166666666666667,0.20833333333333334,0.08333333333333333,135.45833333333334,65.375,31.625,0.08333333333333333,0.2916666666666667,50.416666666666664,294.5,0.041666666666666664,OR
2013-01-01,PENNSYLVANIA,359.8157894736842,251.28947368421052,104.07894736842105,4.342105263157895,0.10526315789473684,0.0,0.0,124.5,64.10526315789474,42.473684210526315,0.02631578947368421,2.263157894736842,222.39473684210526,132.8421052631579,2.289473684210526,PA
2013-01-01,RHODE ISLAND,362.3333333333333,291.3333333333333,64.0,6.666666666666667,0.3333333333333333,0.0,0.0,154.0,57.666666666666664,39.333333333333336,0.0,1.3333333333333333,208.33333333333334,152.33333333333334,0.3333333333333333,RI
2013-01-01,SOUTH CAROLINA,282.6842105263158,241.89473684210526,40.68421052631579,0.10526315789473684,0.0,0.0,0.0,84.05263157894737,50.78947368421053,35.78947368421053,0.05263157894736842,3.1578947368421053,149.73684210526315,109.52631578947368,20.210526315789473,SC
2013-01-01,SOUTH DAKOTA,335.55555555555554,273.77777777777777,61.666666666666664,0.1111111111111111,0.0,0.0,0.0,90.11111111111111,56.111111111111114,37.44444444444444,0.1111111111111111,2.6666666666666665,187.11111111111111,116.0,29.666666666666668,SD
2013-01-01,TENNESSEE,265.96,214.0,51.56,0.4,0.0,0.0,0.0,86.88,54.84,38.4,0.12,5.92,150.96,94.16,14.8,TN
2013-01-01,TEXAS,344.09302325581393,263.3720930232558,74.67441860465117,5.604651162790698,0.4418604651162791,0.0,0.0,126.25581395348837,64.72093023255815,38.55813953488372,0.06976744186046512,3.395348837209302,206.7906976744186,132.7674418604651,1.069767441860465,TX
2013-01-01,UTAH,330.93333333333334,207.73333333333332,100.73333333333333,14.733333333333333,6.133333333333334,1.6,0.0,141.93333333333334,85.73333333333333,44.733333333333334,0.0,21.8,238.13333333333333,70.33333333333333,0.6666666666666666,UT
2013-01-01,VERMONT,302.5,254.0,47.25,1.25,0.0,0.0,0.0,103.75,50.75,30.25,0.25,4.25,136.0,162.0,0.0,VT
2013-01-01,VIRGINIA,249.0,222.0,26.61111111111111,0.3888888888888889,0.0,0.0,0.0,83.66666666666667,46.30555555555556,31.11111111111111,1.0277777777777777,34.69444444444444,136.41666666666666,67.75,9.11111111111111,VA
2013-01-01,WASHINGTON,346.62068965517244,285.3448275862069,59.172413793103445,1.793103448275862,0.27586206896551724,0.0,0.034482758620689655,112.0,56.206896551724135,27.448275862068964,0.10344827586206896,0.10344827586206896,41.58620689655172,299.37931034482756,5.448275862068965,WA
2013-01-01,WEST VIRGINIA,267.53333333333336,223.33333333333334,43.46666666666667,0.7333333333333333,0.0,0.0,0.0,98.46666666666667,54.53333333333333,36.0,1.4666666666666666,0.0,141.33333333333334,97.2,27.533333333333335,WV
2013-01-01,WISCONSIN,250.6875,195.5,53.84375,1.3125,0.0,0.03125,0.0,95.09375,56.71875,35.375,0.0,0.25,157.625,85.71875,7.09375,WI
2013-01-01,WYOMING,318.1666666666667,258.05555555555554,59.27777777777778,0.7222222222222222,0.05555555555555555,0.0,0.05555555555555555,107.88888888888889,53.27777777777778,36.72222222222222,0.0,4.611111111111111,248.72222222222223,20.444444444444443,44.388888888888886,WY
2014-01-01,ALABAMA,260.44444444444446,213.5,46.05555555555556,0.8888888888888888,0.0,0.0,0.0,93.33333333333333,55.666666666666664,38.166666666666664,0.0,0.3888888888888889,173.11111111111111,83.66666666666667,3.2777777777777777,AL
2014-01-01,ALASKA,274.25,218.25,43.625,5.875,6.25,0.25,0.0,133.0,59.0,23.375,1.25,2.0,68.25,164.0,38.75,AK
2014-01-01,ARIZONA,357.3076923076923,229.0,114.3076923076923,10.76923076923077,1.8461538461538463,0.46153846153846156,0.9230769230769231,203.69230769230768,72.92307692307692,43.61538461538461,0.0,1.6923076923076923,190.6153846153846,34.38461538461539,130.6153846153846,AZ
2014-01-01,ARKANSAS,250.1818181818182,208.36363636363637,41.54545454545455,0.2727272727272727,0.0,0.0,0.0,87.9090909090909,56.45454545454545,36.18181818181818,0.0,2.909090909090909,157.8181818181818,89.45454545454545,0.0,AR
2014-01-01,CALIFORNIA,344.462962962963,193.83333333333334,121.05555555555556,23.75925925925926,5.388888888888889,0.18518518518518517,0.24074074074074073,210.62962962962962,84.20370370370371,48.888888888888886,0.018518518518518517,5.0,207.5185185185185,117.77777777777777,14.148148148148149,CA
2014-01-01,COLORADO,302.26666666666665,235.43333333333334,63.733333333333334,2.8333333333333335,0.23333333333333334,0.03333333333333333,0.0,104.56666666666666,56.5,36.5,0.06666666666666667,7.5,215.8,19.533333333333335,59.36666666666667,CO
2014-01-01,CONNECTICUT,316.125,235.5,73.625,6.625,0.375,0.0,0.0,132.25,68.375,41.875,0.0,6.0,202.375,107.75,0.0,CT
2014-01-01,DELAWARE,364.6666666666667,253.66666666666666,106.66666666666667,4.0,0.3333333333333333,0.0,0.0,121.66666666666667,67.0,44.666666666666664,0.0,2.3333333333333335,218.33333333333334,144.0,0.0,DE
2014-01-01,DISTRICT OF COLUMBIA,365.0,225.0,136.0,4.0,0.0,0.0,0.0,140.0,67.0,47.0,0.0,19.0,181.0,165.0,0.0,DC
2014-01-01,FLORIDA,347.71794871794873,297.38461538461536,49.41025641025641,0.8717948717948718,0.05128205128205128,0.0,0.0,100.87179487179488,52.87179487179487,36.53846153846154,0.0,0.9230769230769231,238.4102564102564,100.25641025641026,8.128205128205128,FL
2014-01-01,GEORGIA,293.40625,210.46875,81.5625,1.34375,0.03125,0.0,0.0,103.46875,58.8125,40.9375,0.15625,4.78125,105.125,183.34375,0.0,GA
2014-01-01,HAWAII,349.75,293.75,55.0,0.75,0.25,0.0,0.0,126.25,43.5,30.25,0.5,13.25,57.75,274.25,4.0,HI
2014-01-01,IDAHO,330.9,277.0,49.1,4.4,0.4,0.0,0.0,115.4,51.5,26.6,0.3,6.5,60.4,188.8,74.9,ID
2014-01-01,ILLINOIS,312.04347826086956,247.34782608695653,63.0,1.6956521739130435,0.0,0.0,0.0,104.52173913043478,58.34782608695652,38.95652173913044,0.0,3.1739130434782608,241.34782608695653,65.6086956521739,1.9130434782608696,IL
2014-01-01,INDIANA,259.6666666666667,177.25641025641025,80.48717948717949,1.8461538461538463,0.07692307692307693,0.0,0.0,110.82051282051282,62.82051282051282,42.38461538461539,0.02564102564102564,4.615384615384615,119.53846153846153,134.35897435897436,1.1282051282051282,IN
2014-01-01,IOWA,279.94736842105266,199.8421052631579,79.05263157894737,1.0526315789473684,0.0,0.0,0.0,100.26315789473684,59.0,38.526315789473685,0.0,1.5789473684210527,84.63157894736842,168.10526315789474,25.63157894736842,IA
2014-01-01,KANSAS,285.5833333333333,238.0,46.416666666666664,1.0833333333333333,0.08333333333333333,0.0,0.0,100.83333333333333,49.75,32.333333333333336,0.0,4.333333333333333,194.16666666666666,46.666666666666664,40.416666666666664,KS
2014-01-01,KENTUCKY,295.44827586206895,237.31034482758622,57.62068965517241,0.4827586206896552,0.034482758620689655,0.0,0.0,95.89655172413794,56.724137931034484,38.96551724137931,0.13793103448275862,5.586206896551724,199.41379310344828,88.37931034482759,1.9310344827586208,KY
2014-01-01,LOUISIANA,335.1363636363636,261.3181818181818,71.36363636363636,2.3636363636363638,0.09090909090909091,0.0,0.0,113.54545454545455,57.72727272727273,38.18181818181818,0.045454545454545456,4.7727272727272725,199.13636363636363,130.9090909090909,0.2727272727272727,LA
2014-01-01,MAINE,300.54545454545456,273.3636363636364,26.636363636363637,0.5454545454545454,0.0,0.0,0.0,93.27272727272727,49.09090909090909,34.36363636363637,0.2727272727272727,5.636363636363637,229.0,62.09090909090909,3.5454545454545454,ME
2014-01-01,MARYLAND,310.625,228.875,80.3125,1.4375,0.0,0.0,0.0,107.25,63.625,43.0625,0.0625,6.75,185.625,118.1875,0.0,MD
2014-01-01,MASSACHUSETTS,361.38461538461536,296.7692307692308,64.3076923076923,0.3076923076923077,0.0,0.0,0.0,95.23076923076923,54.69230769230769,38.46153846153846,0.0,5.3076923076923075,232.15384615384616,123.46153846153847,0.46153846153846156,MA
2014-01-01,MICHIGAN,273.5,213.28571428571428,57.67857142857143,2.5,0.03571428571428571,0.0,0.0,111.21428571428571,61.714285714285715,38.464285714285715,0.03571428571428571,0.5,157.82142857142858,114.03571428571429,1.1071428571428572,MI
2014-01-01,MINNESOTA,312.85714285714283,268.8095238095238,43.76190476190476,0.2857142857142857,0.0,0.0,0.0,92.85714285714286,52.333333333333336,31.761904761904763,0.0,8.523809523809524,127.14285714285714,169.0,8.19047619047619,MN
2014-01-01,MISSISSIPPI,307.3,251.3,54.3,1.6,0.1,0.0,0.0,102.9,53.2,38.2,0.0,12.1,182.6,112.6,0.0,MS
2014-01-01,MISSOURI,290.6666666666667,215.8095238095238,72.80952380952381,2.0476190476190474,0.0,0.0,0.0,106.9047619047619,61.80952380952381,40.23809523809524,0.0,5.619047619047619,159.0952380952381,111.9047619047619,14.047619047619047,MO
2014-01-01,MONTANA,304.8421052631579,258.8421052631579,43.89473684210526,1.9473684210526316,0.15789473684210525,0.0,0.0,111.94736842105263,49.36842105263158,27.105263157894736,0.0,1.0526315789473684,105.3157894736842,171.31578947368422,27.157894736842106,MT
2014-01-01,NEBRASKA,201.36363636363637,175.9090909090909,25.181818181818183,0.2727272727272727,0.0,0.0,0.0,82.0909090909091,46.72727272727273,25.454545454545453,0.0,0.0,66.72727272727273,94.45454545454545,40.18181818181818,NE
2014-01-01,NEVADA,327.8888888888889,235.55555555555554,87.33333333333333,3.7777777777777777,0.6666666666666666,0.0,0.5555555555555556,213.88888888888889,65.44444444444444,41.0,0.0,1.0,176.55555555555554,81.55555555555556,68.77777777777777,NV
2014-01-01,NEW HAMPSHIRE,333.57142857142856,282.14285714285717,50.285714285714285,1.1428571428571428,0.0,0.0,0.0,106.42857142857143,53.42857142857143,37.57142857142857,0.0,0.0,248.85714285714286,84.71428571428571,0.0,NH
2014-01-01,NEW JERSEY,340.25,272.8125,64.5,2.8125,0.125,0.0,0.0,124.25,59.375,39.5625,0.1875,40.125,210.6875,89.0625,0.1875,NJ
2014-01-01,NEW MEXICO,283.11764705882354,226.23529411764707,55.0,1.3529411764705883,0.29411764705882354,0.17647058823529413,0.058823529411764705,111.11764705882354,49.588235294117645,33.11764705882353,0.0,3.6470588235294117,200.05882352941177,65.11764705882354,14.294117647058824,NM
2014-01-01,NEW YORK,355.37931034482756,310.6551724137931,43.793103448275865,0.8620689655172413,0.06896551724137931,0.0,0.0,103.6896551724138,51.41379310344828,35.172413793103445,0.41379310344827586,9.758620689655173,243.79310344827587,101.41379310344827,0.0,NY
2014-01-01,NORTH CAROLINA,284.69565217391306,225.1086956521739,59.28260869565217,0.30434782608695654,0.0,0.0,0.0,91.19565217391305,57.0,39.80434782608695,0.0,0.5652173913043478,154.7391304347826,129.34782608695653,0.043478260869565216,NC
2014-01-01,NORTH DAKOTA,362.8888888888889,338.1111111111111,23.88888888888889,0.7777777777777778,0.0,0.1111111111111111,0.0,117.0,48.111111111111114,34.888888888888886,0.0,3.2222222222222223,293.3333333333333,56.111111111111114,10.222222222222221,ND
2014-01-01,OHIO,299.7105263157895,217.78947368421052,79.6842105263158,2.210526315789474,0.02631578947368421,0.0,0.0,109.8157894736842,60.63157894736842,40.421052631578945,3.236842105263158,1.8157894736842106,152.78947368421052,132.3421052631579,9.526315789473685,OH
2014-01-01,OKLAHOMA,334.09090909090907,260.90909090909093,71.86363636363636,1.2727272727272727,0.045454545454545456,0.0,0.0,106.13636363636364,59.0,38.95454545454545,0.0,4.2727272727272725,233.45454545454547,78.54545454545455,17.818181818181817,OK
2014-01-01,OREGON,345.5217391304348,290.17391304347825,51.95652173913044,2.782608695652174,0.6086956521739131,0.0,0.0,127.21739130434783,57.82608695652174,27.695652173913043,0.0,1.0434782608695652,55.04347826086956,289.30434782608694,0.13043478260869565,OR
2014-01-01,PENNSYLVANIA,359.2631578947368,252.89473684210526,103.47368421052632,2.789473684210526,0.10526315789473684,0.0,0.0,111.21052631578948,61.55263157894737,42.81578947368421,0.13157894736842105,2.263157894736842,213.78947368421052,141.26315789473685,1.8157894736842106,PA
2014-01-01,RHODE ISLAND,364.3333333333333,317.6666666666667,45.666666666666664,1.0,0.0,0.0,0.0,106.33333333333333,52.333333333333336,37.0,0.0,13.0,221.33333333333334,129.33333333333334,0.6666666666666666,RI
2014-01-01,SOUTH CAROLINA,285.0,236.10526315789474,48.73684210526316,0.10526315789473684,0.05263157894736842,0.0,0.0,89.15789473684211,53.421052631578945,38.05263157894737,0.10526315789473684,2.5789473684210527,154.73684210526315,106.36842105263158,21.210526315789473,SC
2014-01-01,SOUTH DAKOTA,336.22222222222223,301.3333333333333,34.55555555555556,0.3333333333333333,0.0,0.0,0.0,90.88888888888889,49.888888888888886,33.22222222222222,0.1111111111111111,3.2222222222222223,198.88888888888889,76.55555555555556,57.44444444444444,SD
2014-01-01,TENNESSEE,270.9583333333333,217.45833333333334,53.0,0.5,0.0,0.0,0.0,91.5,57.25,38.125,0.20833333333333334,5.875,158.58333333333334,90.625,15.666666666666666,TN
2014-01-01,TEXAS,339.93023255813955,266.16279069767444,71.34883720930233,2.255813953488372,0.16279069767441862,0.0,0.0,109.90697674418605,58.7906976744186,37.69767441860465,0.11627906976744186,4.0,202.13953488372093,132.67441860465115,1.0,TX
2014-01-01,UTAH,333.1333333333333,251.2,76.26666666666667,5.2,0.4666666666666667,0.0,0.0,117.0,61.86666666666667,41.4,0.13333333333333333,19.466666666666665,259.53333333333336,52.86666666666667,1.1333333333333333,UT
2014-01-01,VERMONT,303.0,260.0,42.25,0.75,0.0,0.0,0.0,84.5,50.5,29.0,0.25,13.75,130.5,158.5,0.0,VT
2014-01-01,VIRGINIA,260.9714285714286,230.68571428571428,29.942857142857143,0.3142857142857143,0.02857142857142857,0.0,0.0,78.68571428571428,46.25714285714286,31.82857142857143,5.428571428571429,40.4,134.77142857142857,70.97142857142858,9.4,VA
2014-01-01,WASHINGTON,343.3448275862069,300.55172413793105,40.96551724137931,1.5517241379310345,0.27586206896551724,0.0,0.0,104.82758620689656,49.89655172413793,25.17241379310345,0.2413793103448276,3.1724137931034484,42.51724137931034,288.13793103448273,9.275862068965518,WA
2014-01-01,WEST VIRGINIA,261.4,216.0,45.2,0.2,0.0,0.0,0.0,88.46666666666667,54.0,35.266666666666666,2.4,0.0,145.8,85.73333333333333,27.466666666666665,WV
2014-01-01,WISCONSIN,292.2307692307692,236.73076923076923,52.88461538461539,2.6153846153846154,0.0,0.0,0.0,113.46153846153847,58.61538461538461,38.38461538461539,0.0,0.8461538461538461,190.34615384615384,100.6923076923077,0.34615384615384615,WI
2014-01-01,WYOMING,309.89473684210526,266.57894736842104,42.78947368421053,0.42105263157894735,0.10526315789473684,0.0,0.0,88.94736842105263,48.578947368421055,35.05263157894737,0.05263157894736842,5.315789473684211,235.73684210526315,28.42105263157895,40.36842105263158,WY
2015-01-01,ALABAMA,287.27777777777777,217.94444444444446,68.11111111111111,1.0555555555555556,0.16666666666666666,0.0,0.0,105.72222222222223,56.22222222222222,39.333333333333336,0.0,0.6666666666666666,137.66666666666666,145.72222222222223,3.2222222222222223,AL
2015-01-01,ALASKA,255.625,205.875,40.5,3.75,5.125,0.375,0.0,99.125,53.75,23.125,0.375,0.375,79.0,158.0,17.875,AK
2015-01-01,ARIZONA,359.2307692307692,256.2307692307692,94.38461538461539,7.538461538461538,0.23076923076923078,0.07692307692307693,0.7692307692307693,173.69230769230768,66.23076923076923,40.46153846153846,0.0,3.3846153846153846,207.6153846153846,45.15384615384615,103.07692307692308,AZ
2015-01-01,ARKANSAS,248.27272727272728,208.63636363636363,39.45454545454545,0.18181818181818182,0.0,0.0,0.0,83.9090909090909,54.45454545454545,35.09090909090909,0.0,2.6363636363636362,157.72727272727272,87.9090909090909,0.0,AR
2015-01-01,CALIFORNIA,344.2037037037037,197.6851851851852,120.31481481481481,21.09259259259259,4.574074074074074,0.24074074074074073,0.2962962962962963,242.46296296296296,84.53703703703704,49.425925925925924,0.07407407407407407,5.592592592592593,213.55555555555554,111.01851851851852,13.962962962962964,CA
2015-01-01,COLORADO,289.96774193548384,225.93548387096774,60.516129032258064,3.2903225806451615,0.16129032258064516,0.06451612903225806,0.0,109.48387096774194,54.774193548387096,35.45161290322581,0.0967741935483871,9.35483870967742,202.19354838709677,19.612903225806452,58.70967741935484,CO
2015-01-01,CONNECTICUT,317.625,234.125,71.75,10.5,1.25,0.0,0.0,149.5,70.5,41.0,0.25,5.875,205.75,105.375,0.375,CT
2015-01-01,DELAWARE,365.0,252.33333333333334,108.33333333333333,4.0,0.3333333333333333,0.0,0.0,129.0,69.66666666666667,43.666666666666664,0.0,2.6666666666666665,255.0,107.33333333333333,0.0,DE
2015-01-01,DISTRICT OF COLUMBIA,365.0,217.0,143.0,5.0,0.0,0.0,0.0,126.0,73.0,47.0,0.0,31.0,159.0,175.0,0.0,DC
2015-01-01,FLORIDA,353.05128205128204,315.43589743589746,37.46153846153846,0.15384615384615385,0.0,0.0,0.0,84.51282051282051,49.76923076923077,34.717948717948715,0.07692307692307693,0.8461538461538461,232.84615384615384,107.61538461538461,11.666666666666666,FL
2015-01-01,GEORGIA,294.4375,230.625,62.6875,0.96875,0.125,0.03125,0.0,106.5625,55.375,37.78125,0.03125,5.5625,115.9375,172.90625,0.0,GA
2015-01-01,HAWAII,364.25,276.5,87.75,0.0,0.0,0.0,0.0,72.0,48.5,32.75,0.0,32.5,40.25,287.25,4.25,HI
2015-01-01,IDAHO,280.4,230.95,41.15,5.6,2.35,0.3,0.05,161.5,53.85,24.75,0.2,2.55,28.9,230.75,18.0,ID
2015-01-01,ILLINOIS,315.9130434782609,253.82608695652175,60.95652173913044,1.0434782608695652,0.08695652173913043,0.0,0.0,103.95652173913044,56.91304347826087,39.52173913043478,0.0,3.130434782608696,228.8695652173913,82.82608695652173,1.0869565217391304,IL
2015-01-01,INDIANA,265.02564102564105,194.28205128205127,69.41025641025641,1.1794871794871795,0.15384615384615385,0.0,0.0,107.46153846153847,59.61538461538461,40.0,0.07692307692307693,2.0256410256410255,127.8974358974359,133.71794871794873,1.3076923076923077,IN
2015-01-01,IOWA,280.94736842105266,212.42105263157896,67.94736842105263,0.47368421052631576,0.10526315789473684,0.0,0.0,104.84210526315789,55.68421052631579,37.31578947368421,0.0,0.8947368421052632,88.3157894736842,166.0,25.736842105263158,IA
2015-01-01,KANSAS,310.90909090909093,268.72727272727275,41.72727272727273,0.45454545454545453,0.0,0.0,0.0,97.0,50.18181818181818,32.18181818181818,0.0,3.090909090909091,220.27272727272728,46.81818181818182,40.72727272727273,KS
2015-01-01,KENTUCKY,302.07142857142856,245.96428571428572,54.392857142857146,1.5714285714285714,0.14285714285714285,0.0,0.0,101.75,55.964285714285715,39.32142857142857,0.25,4.0,198.28571428571428,98.67857142857143,0.8571428571428571,KY
2015-01-01,LOUISIANA,315.1818181818182,252.27272727272728,61.09090909090909,1.6818181818181819,0.13636363636363635,0.0,0.0,108.0909090909091,56.0,36.68181818181818,0.13636363636363635,4.2272727272727275,190.86363636363637,119.63636363636364,0.3181818181818182,LA
2015-01-01,MAINE,282.8333333333333,246.08333333333334,36.083333333333336,0.6666666666666666,0.0,0.0,0.0,98.83333333333333,49.25,33.75,0.0,1.9166666666666667,191.33333333333334,88.16666666666667,1.4166666666666667,ME
2015-01-01,MARYLAND,315.4375,219.875,91.875,3.5,0.1875,0.0,0.0,124.9375,68.1875,43.4375,0.0625,16.25,186.1875,112.875,0.0625,MD
2015-01-01,MASSACHUSETTS,352.15384615384613,294.15384615384613,56.0,1.9230769230769231,0.07692307692307693,0.0,0.0,119.0,54.69230769230769,36.23076923076923,0.0,9.384615384615385,226.30769230769232,116.38461538461539,0.07692307692307693,MA
2015-01-01,MICHIGAN,275.5357142857143,219.53571428571428,53.607142857142854,2.2857142857142856,0.10714285714285714,0.0,0.0,116.35714285714286,59.42857142857143,38.357142857142854,0.0,0.4642857142857143,162.92857142857142,111.0,1.1428571428571428,MI
2015-01-01,MINNESOTA,316.9047619047619,281.3333333333333,34.523809523809526,1.0,0.047619047619047616,0.0,0.0,110.38095238095238,48.476190476190474,31.428571428571427,0.0,5.0,137.42857142857142,161.47619047619048,13.0,MN
2015-01-01,MISSISSIPPI,295.6363636363636,249.1818181818182,46.27272727272727,0.18181818181818182,0.0,0.0,0.0,87.0,51.72727272727273,35.63636363636363,0.0,7.818181818181818,166.36363636363637,121.45454545454545,0.0,MS
2015-01-01,MISSOURI,288.6190476190476,229.04761904761904,58.285714285714285,1.1904761904761905,0.09523809523809523,0.0,0.0,102.76190476190476,57.80952380952381,38.95238095238095,0.0,6.333333333333333,159.85714285714286,106.0,16.428571428571427,MO
2015-01-01,MONTANA,307.7894736842105,253.42105263157896,45.63157894736842,4.526315789473684,4.052631578947368,0.15789473684210525,0.0,172.21052631578948,53.94736842105263,28.473684210526315,0.5263157894736842,1.631578947368421,99.10526315789474,177.3684210526316,29.157894736842106,MT
2015-01-01,NEBRASKA,209.0,183.36363636363637,25.363636363636363,0.2727272727272727,0.0,0.0,0.0,84.36363636363636,44.09090909090909,26.0,0.09090909090909091,0.0,65.18181818181819,105.27272727272727,38.45454545454545,NE
2015-01-01,NEVADA,336.3333333333333,250.88888888888889,79.66666666666667,5.333333333333333,0.4444444444444444,0.0,0.0,133.22222222222223,64.77777777777777,39.55555555555556,0.0,2.5555555555555554,194.77777777777777,70.33333333333333,68.66666666666667,NV
2015-01-01,NEW HAMPSHIRE,341.2857142857143,293.2857142857143,46.142857142857146,1.7142857142857142,0.14285714285714285,0.0,0.0,119.14285714285714,53.57142857142857,37.42857142857143,0.0,0.0,268.42857142857144,72.85714285714286,0.0,NH
2015-01-01,NEW JERSEY,341.5625,257.1875,77.5625,6.5625,0.25,0.0,0.0,132.8125,67.375,39.625,0.0,39.4375,219.125,82.375,0.625,NJ
2015-01-01,NEW MEXICO,283.125,228.125,53.8125,1.0625,0.125,0.0,0.0,88.3125,47.3125,30.25,0.0,5.6875,184.125,67.8125,25.5,NM
2015-01-01,NEW YORK,352.2413793103448,295.9655172413793,53.58620689655172,2.689655172413793,0.0,0.0,0.0,111.72413793103448,54.758620689655174,35.724137931034484,0.13793103448275862,11.448275862068966,240.51724137931035,100.13793103448276,0.0,NY
2015-01-01,NORTH CAROLINA,275.29545454545456,221.36363636363637,53.45454545454545,0.4772727272727273,0.0,0.0,0.0,88.20454545454545,56.90909090909091,38.84090909090909,0.0,0.5909090909090909,158.86363636363637,115.81818181818181,0.022727272727272728,NC
2015-01-01,NORTH DAKOTA,364.3,321.1,37.1,4.6,1.5,0.0,0.0,150.0,51.4,32.8,0.0,2.8,249.7,67.7,44.1,ND
2015-01-01,OHIO,298.15384615384613,223.15384615384616,72.48717948717949,2.4871794871794872,0.02564102564102564,0.0,0.0,108.76923076923077,61.1025641025641,39.05128205128205,0.28205128205128205,6.461538461538462,158.0,123.53846153846153,9.871794871794872,OH
2015-01-01,OKLAHOMA,303.1304347826087,254.95652173913044,47.82608695652174,0.30434782608695654,0.043478260869565216,0.0,0.0,96.95652173913044,52.69565217391305,35.65217391304348,0.0,5.260869565217392,202.30434782608697,74.34782608695652,21.217391304347824,OK
2015-01-01,OREGON,345.95652173913044,282.6521739130435,56.47826086956522,4.478260869565218,2.3043478260869565,0.043478260869565216,0.0,165.47826086956522,60.73913043478261,28.869565217391305,0.0,2.3043478260869565,57.73913043478261,285.7391304347826,0.17391304347826086,OR
2015-01-01,PENNSYLVANIA,361.0810810810811,248.54054054054055,108.05405405405405,4.324324324324325,0.16216216216216217,0.0,0.0,118.16216216216216,66.45945945945945,42.62162162162162,0.0,2.4054054054054053,224.78378378378378,131.97297297297297,1.9189189189189189,PA
2015-01-01,RHODE ISLAND,361.0,286.3333333333333,69.66666666666667,4.0,1.0,0.0,0.0,161.0,58.666666666666664,39.666666666666664,0.0,20.666666666666668,195.66666666666666,144.33333333333334,0.3333333333333333,RI
2015-01-01,SOUTH CAROLINA,295.3157894736842,257.89473684210526,37.21052631578947,0.21052631578947367,0.0,0.0,0.0,84.36842105263158,51.0,35.89473684210526,0.0,1.5789473684210527,194.21052631578948,83.26315789473684,16.263157894736842,SC
2015-01-01,SOUTH DAKOTA,338.7,293.9,43.1,1.6,0.1,0.0,0.0,120.4,50.8,33.3,0.0,3.7,162.1,144.7,28.2,SD
2015-01-01,TENNESSEE,259.0,214.66666666666666,43.833333333333336,0.5,0.0,0.0,0.0,89.375,54.875,36.333333333333336,0.25,6.041666666666667,154.08333333333334,81.95833333333333,16.666666666666668,TN
2015-01-01,TEXAS,349.7560975609756,274.1707317073171,69.6829268292683,5.146341463414634,0.7317073170731707,0.024390243902439025,0.0,122.36585365853658,62.34146341463415,37.146341463414636,0.024390243902439025,4.414634146341464,219.78048780487805,125.02439024390245,0.5121951219512195,TX
2015-01-01,UTAH,341.42857142857144,250.28571428571428,85.0,5.857142857142857,0.2857142857142857,0.0,0.0,126.64285714285714,65.42857142857143,40.5,0.0,12.214285714285714,265.35714285714283,61.857142857142854,2.0,UT
2015-01-01,VERMONT,301.75,256.0,45.0,0.75,0.0,0.0,0.0,95.0,50.75,29.0,0.0,14.75,140.5,146.5,0.0,VT
2015-01-01,VIRGINIA,260.74285714285713,228.0,32.22857142857143,0.5142857142857142,0.0,0.0,0.0,79.91428571428571,47.77142857142857,32.2,1.2571428571428571,35.34285714285714,141.34285714285716,73.88571428571429,8.914285714285715,VA
2015-01-01,WASHINGTON,345.9310344827586,292.86206896551727,48.13793103448276,3.6206896551724137,1.0344827586206897,0.06896551724137931,0.20689655172413793,152.6551724137931,53.51724137931034,27.17241379310345,0.10344827586206896,2.689655172413793,47.44827586206897,290.2068965517241,5.482758620689655,WA
2015-01-01,WEST VIRGINIA,260.06666666666666,215.26666666666668,43.86666666666667,0.8666666666666667,0.06666666666666667,0.0,0.0,99.66666666666667,56.53333333333333,35.666666666666664,1.8,0.0,146.4,83.2,28.666666666666668,WV
2015-01-01,WISCONSIN,288.74074074074076,244.44444444444446,42.51851851851852,1.7037037037037037,0.07407407407407407,0.0,0.0,109.07407407407408,57.51851851851852,37.55555555555556,0.0,0.7407407407407407,198.96296296296296,88.77777777777777,0.25925925925925924,WI
2015-01-01,WYOMING,309.36842105263156,262.7894736842105,45.421052631578945,0.9473684210526315,0.21052631578947367,0.0,0.0,110.26315789473684,51.31578947368421,34.78947368421053,0.05263157894736842,1.5789473684210527,236.31578947368422,29.36842105263158,42.05263157894737,WY
2016-01-01,ALABAMA,277.55555555555554,218.44444444444446,57.5,1.3333333333333333,0.2777777777777778,0.0,0.0,111.44444444444444,54.77777777777778,39.44444444444444,0.0,0.8888888888888888,156.16666666666666,116.77777777777777,3.7222222222222223,AL
2016-01-01,ALASKA,285.2857142857143,236.85714285714286,39.857142857142854,5.285714285714286,3.2857142857142856,0.0,0.0,88.42857142857143,52.857142857142854,24.142857142857142,0.0,0.7142857142857143,105.71428571428571,150.57142857142858,28.285714285714285,AK
2016-01-01,ARIZONA,363.6923076923077,250.76923076923077,104.15384615384616,7.923076923076923,0.5384615384615384,0.15384615384615385,0.15384615384615385,228.15384615384616,65.46153846153847,42.53846153846154,0.0,2.769230769230769,209.69230769230768,36.84615384615385,114.38461538461539,AZ
2016-01-01,ARKANSAS,252.54545454545453,219.9090909090909,32.36363636363637,0.18181818181818182,0.09090909090909091,0.0,0.0,83.54545454545455,52.36363636363637,36.36363636363637,0.0,2.3636363636363638,165.54545454545453,84.63636363636364,0.0,AR
2016-01-01,CALIFORNIA,351.85185185185185,215.16666666666666,108.37037037037037,22.72222222222222,4.592592592592593,0.4074074074074074,0.5925925925925926,270.2037037037037,82.44444444444444,46.388888888888886,0.037037037037037035,4.537037037037037,220.2962962962963,110.81481481481481,16.166666666666668,CA
2016-01-01,COLORADO,288.125,227.625,57.78125,2.5,0.1875,0.03125,0.0,103.65625,53.71875,35.15625,0.03125,8.625,195.78125,24.78125,58.90625,CO
2016-01-01,CONNECTICUT,316.125,245.125,60.5,8.5,2.0,0.0,0.0,164.625,70.0,40.25,0.125,11.5,220.0,84.5,0.0,CT
2016-01-01,DELAWARE,365.3333333333333,276.0,84.33333333333333,4.666666666666667,0.3333333333333333,0.0,0.0,139.66666666666666,65.33333333333333,41.333333333333336,0.0,4.666666666666667,271.3333333333333,89.33333333333333,0.0,DE
2016-01-01,DISTRICT OF COLUMBIA,366.0,211.0,148.0,7.0,0.0,0.0,0.0,129.0,68.0,47.0,0.0,31.0,164.0,171.0,0.0,DC
2016-01-01,FLORIDA,354.28205128205127,311.2564102564103,42.58974358974359,0.358974358974359,0.07692307692307693,0.0,0.0,95.58974358974359,51.51282051282051,37.205128205128204,0.358974358974359,1.0256410256410255,242.66666666666666,98.58974358974359,11.64102564102564,FL
2016-01-01,GEORGIA,285.28125,224.40625,57.53125,2.875,0.46875,0.0,0.0,129.28125,57.75,38.46875,0.0,1.46875,129.34375,154.46875,0.0,GA
2016-01-01,HAWAII,364.0,269.75,92.75,1.5,0.0,0.0,0.0,90.25,46.5,31.75,0.0,15.5,70.5,272.75,5.25,HI
2016-01-01,IDAHO,322.35,275.3,43.4,3.35,0.3,0.0,0.0,107.1,52.5,24.55,0.0,1.2,32.95,280.9,7.3,ID
2016-01-01,ILLINOIS,319.69565217391306,260.7826086956522,55.47826086956522,3.347826086956522,0.08695652173913043,0.0,0.0,115.34782608695652,57.130434782608695,38.43478260869565,0.0,3.739130434782609,234.3913043478261,80.8695652173913,0.6956521739130435,IL
2016-01-01,INDIANA,271.05405405405406,213.1081081081081,55.13513513513514,2.7567567567567566,0.02702702702702703,0.02702702702702703,0.0,113.35135135135135,61.486486486486484,37.78378378378378,0.08108108108108109,1.7027027027027026,142.56756756756758,125.64864864864865,1.054054054054054,IN
2016-01-01,IOWA,282.2105263157895,221.31578947368422,60.31578947368421,0.47368421052631576,0.10526315789473684,0.0,0.0,97.94736842105263,53.473684210526315,35.578947368421055,0.0,0.42105263157894735,88.94736842105263,166.1578947368421,26.68421052631579,IA
2016-01-01,KANSAS,314.6363636363636,284.54545454545456,29.636363636363637,0.36363636363636365,0.09090909090909091,0.0,0.0,104.72727272727273,48.18181818181818,31.90909090909091,0.0,2.909090909090909,224.54545454545453,43.90909090909091,43.27272727272727,KS
2016-01-01,KENTUCKY,306.2857142857143,247.32142857142858,57.25,1.5714285714285714,0.14285714285714285,0.0,0.0,111.71428571428571,56.964285714285715,39.785714285714285,0.14285714285714285,2.107142857142857,198.92857142857142,104.28571428571429,0.8214285714285714,KY
2016-01-01,LOUISIANA,329.1363636363636,279.22727272727275,48.95454545454545,0.9545454545454546,0.0,0.0,0.0,97.0,52.68181818181818,37.18181818181818,0.0,3.5,221.0,104.18181818181819,0.45454545454545453,LA
2016-01-01,MAINE,329.45454545454544,303.45454545454544,25.454545454545453,0.45454545454545453,0.09090909090909091,0.0,0.0,98.36363636363636,48.36363636363637,32.09090909090909,0.0,8.0,209.63636363636363,110.72727272727273,1.0909090909090908,ME
2016-01-01,MARYLAND,317.625,239.125,72.625,5.375,0.4375,0.0625,0.0,130.9375,67.0625,41.1875,0.125,12.6875,201.6875,103.0,0.125,MD
2016-01-01,MASSACHUSETTS,363.0,320.0,40.61538461538461,2.230769230769231,0.15384615384615385,0.0,0.0,121.07692307692308,51.92307692307692,35.76923076923077,0.0,7.230769230769231,272.0,83.6923076923077,0.07692307692307693,MA
2016-01-01,MICHIGAN,274.35714285714283,223.75,44.642857142857146,5.892857142857143,0.07142857142857142,0.0,0.0,123.10714285714286,60.964285714285715,36.714285714285715,0.0,0.75,176.21428571428572,96.35714285714286,1.0357142857142858,MI
2016-01-01,MINNESOTA,335.45,306.2,28.65,0.55,0.05,0.0,0.0,102.55,46.15,28.6,0.05,6.4,153.8,159.25,15.95,MN
2016-01-01,MISSISSIPPI,287.8181818181818,251.8181818181818,35.90909090909091,0.09090909090909091,0.0,0.0,0.0,85.18181818181819,51.54545454545455,36.90909090909091,0.0,5.2727272727272725,177.72727272727272,104.81818181818181,0.0,MS
2016-01-01,MISSOURI,290.2857142857143,244.95238095238096,43.57142857142857,1.6666666666666667,0.09523809523809523,0.0,0.0,104.52380952380952,56.19047619047619,37.57142857142857,0.0,7.285714285714286,175.42857142857142,94.19047619047619,13.380952380952381,MO
2016-01-01,MONTANA,307.94736842105266,268.63157894736844,36.31578947368421,2.6842105263157894,0.2631578947368421,0.0,0.05263157894736842,116.6842105263158,45.73684210526316,26.736842105263158,0.15789473684210525,1.368421052631579,110.52631578947368,170.47368421052633,25.42105263157895,MT
2016-01-01,NEBRASKA,212.8,191.8,20.5,0.5,0.0,0.0,0.0,78.2,44.4,25.4,0.0,0.0,75.1,100.3,37.4,NE
2016-01-01,NEVADA,356.55555555555554,279.6666666666667,72.55555555555556,4.111111111111111,0.0,0.1111111111111111,0.1111111111111111,151.0,59.111111111111114,36.77777777777778,0.0,4.777777777777778,209.66666666666666,63.111111111111114,79.0,NV
2016-01-01,NEW HAMPSHIRE,349.14285714285717,315.0,32.714285714285715,1.4285714285714286,0.0,0.0,0.0,99.85714285714286,50.857142857142854,36.0,0.0,0.0,306.85714285714283,42.285714285714285,0.0,NH
2016-01-01,NEW JERSEY,344.4375,261.75,77.375,4.9375,0.375,0.0,0.0,137.4375,62.9375,39.625,0.125,26.25,202.3125,115.0625,0.6875,NJ
2016-01-01,NEW MEXICO,284.75,228.1875,55.125,1.125,0.25,0.0,0.0625,119.5625,47.1875,30.5625,0.0,1.25,185.3125,67.0625,31.125,NM
2016-01-01,NEW YORK,351.7586206896552,308.41379310344826,40.206896551724135,3.0689655172413794,0.06896551724137931,0.0,0.0,119.03448275862068,52.793103448275865,34.827586206896555,0.13793103448275862,11.96551724137931,255.48275862068965,84.17241379310344,0.0,NY
2016-01-01,NORTH CAROLINA,295.6388888888889,241.11111111111111,52.416666666666664,1.6388888888888888,0.4722222222222222,0.0,0.0,115.0,56.888888888888886,39.05555555555556,0.0,0.8333333333333334,192.47222222222223,96.52777777777777,5.805555555555555,NC
2016-01-01,NORTH DAKOTA,362.7,350.8,11.7,0.2,0.0,0.0,0.0,92.4,42.0,29.9,0.0,2.2,276.8,40.4,43.3,ND
2016-01-01,OHIO,305.84615384615387,239.17948717948718,63.15384615384615,3.5128205128205128,0.0,0.0,0.0,109.8974358974359,60.02564102564103,38.282051282051285,0.10256410256410256,9.128205128205128,171.66666666666666,116.38461538461539,8.564102564102564,OH
2016-01-01,OKLAHOMA,320.68,279.2,40.96,0.48,0.04,0.0,0.0,92.8,50.0,36.2,0.0,16.96,217.4,57.08,29.24,OK
2016-01-01,OREGON,343.45454545454544,305.40909090909093,37.68181818181818,0.3181818181818182,0.045454545454545456,0.0,0.0,90.81818181818181,49.81818181818182,24.636363636363637,0.0,2.772727272727273,65.54545454545455,274.72727272727275,0.4090909090909091,OR
2016-01-01,PENNSYLVANIA,360.6756756756757,266.2972972972973,90.10810810810811,4.216216216216216,0.02702702702702703,0.02702702702702703,0.0,126.0,61.486486486486484,41.4054054054054,0.02702702702702703,1.3243243243243243,239.0810810810811,119.13513513513513,1.1081081081081081,PA
2016-01-01,RHODE ISLAND,360.3333333333333,307.0,49.0,4.0,0.3333333333333333,0.0,0.0,146.0,54.333333333333336,37.0,0.0,15.333333333333334,213.0,132.0,0.0,RI
2016-01-01,SOUTH CAROLINA,294.0,252.4,39.9,1.15,0.55,0.0,0.0,115.8,51.5,37.3,0.0,0.6,192.1,85.0,16.3,SC
2016-01-01,SOUTH DAKOTA,339.6,312.8,26.2,0.6,0.0,0.0,0.0,90.1,47.0,30.9,0.0,5.0,185.8,105.8,43.0,SD
2016-01-01,TENNESSEE,239.41666666666666,194.91666666666666,42.458333333333336,1.625,0.4166666666666667,0.0,0.0,111.375,54.708333333333336,36.583333333333336,0.08333333333333333,4.208333333333333,159.29166666666666,73.95833333333333,1.875,TN
2016-01-01,TEXAS,343.42857142857144,290.73809523809524,50.69047619047619,1.9047619047619047,0.09523809523809523,0.0,0.0,104.97619047619048,54.26190476190476,36.166666666666664,0.023809523809523808,4.095238095238095,227.52380952380952,111.47619047619048,0.30952380952380953,TX
2016-01-01,UTAH,325.2142857142857,237.42857142857142,79.35714285714286,7.214285714285714,1.0714285714285714,0.14285714285714285,0.0,124.85714285714286,63.42857142857143,39.5,0.0,12.714285714285714,251.57142857142858,60.0,0.9285714285714286,UT
2016-01-01,VERMONT,301.5,279.75,21.5,0.25,0.0,0.0,0.0,83.0,42.75,29.0,0.0,3.0,217.0,81.5,0.0,VT
2016-01-01,VIRGINIA,254.85294117647058,227.7941176470588,25.970588235294116,1.088235294117647,0.0,0.0,0.0,91.26470588235294,45.88235294117647,30.029411764705884,1.2058823529411764,31.08823529411765,139.97058823529412,71.70588235294117,10.882352941176471,VA
2016-01-01,WASHINGTON,348.7586206896552,317.44827586206895,30.344827586206897,0.7931034482758621,0.1724137931034483,0.0,0.0,88.17241379310344,44.241379310344826,24.103448275862068,0.034482758620689655,4.0344827586206895,53.3448275862069,287.44827586206895,3.896551724137931,WA
2016-01-01,WEST VIRGINIA,272.57142857142856,237.78571428571428,34.07142857142857,0.7142857142857143,0.0,0.0,0.0,95.85714285714286,52.57142857142857,35.42857142857143,4.928571428571429,0.0,160.5,83.21428571428571,23.928571428571427,WV
2016-01-01,WISCONSIN,282.9259259259259,243.25925925925927,35.851851851851855,3.5555555555555554,0.25925925925925924,0.0,0.0,118.5925925925926,57.55555555555556,35.96296296296296,0.0,1.3333333333333333,195.40740740740742,85.88888888888889,0.2962962962962963,WI
2016-01-01,WYOMING,329.3888888888889,286.22222222222223,42.94444444444444,0.16666666666666666,0.05555555555555555,0.0,0.0,94.77777777777777,51.05555555555556,37.27777777777778,0.0,1.7777777777777777,267.05555555555554,16.055555555555557,44.5,WY
2017-01-01,ALABAMA,286.44444444444446,228.44444444444446,57.111111111111114,0.7777777777777778,0.05555555555555555,0.05555555555555555,0.0,104.33333333333333,53.94444444444444,38.44444444444444,0.0,0.1111111111111111,155.72222222222223,127.33333333333333,3.2777777777777777,AL
2017-01-01,ALASKA,285.14285714285717,245.42857142857142,32.285714285714285,4.428571428571429,3.0,0.0,0.0,92.0,50.857142857142854,22.0,0.8571428571428571,1.7142857142857142,98.42857142857143,158.57142857142858,25.571428571428573,AK
2017-01-01,ARIZONA,362.0,233.76923076923077,115.3076923076923,11.461538461538462,1.2307692307692308,0.15384615384615385,0.07692307692307693,147.69230769230768,70.07692307692308,44.15384615384615,0.23076923076923078,1.5384615384615385,210.23076923076923,36.30769230769231,113.6923076923077,AZ
2017-01-01,ARKANSAS,274.72727272727275,226.0,48.54545454545455,0.18181818181818182,0.0,0.0,0.0,84.0909090909091,53.27272727272727,37.09090909090909,0.0,0.8181818181818182,140.27272727272728,133.63636363636363,0.0,AR
2017-01-01,CALIFORNIA,357.3207547169811,205.30188679245282,118.62264150943396,24.849056603773583,6.981132075471698,1.0377358490566038,0.5283018867924528,288.3018867924528,88.43396226415095,49.0188679245283,0.03773584905660377,3.981132075471698,212.8490566037736,122.98113207547169,17.471698113207548,CA
2017-01-01,COLORADO,292.84375,216.3125,73.09375,3.34375,0.09375,0.0,0.0,99.5,57.25,36.4375,0.0,6.75,208.40625,27.15625,50.53125,CO
2017-01-01,CONNECTICUT,322.625,271.75,43.875,5.625,1.375,0.0,0.0,151.5,57.0,38.25,0.5,13.125,230.25,78.375,0.375,CT
2017-01-01,DELAWARE,363.6666666666667,284.6666666666667,75.0,4.0,0.0,0.0,0.0,122.33333333333333,61.0,41.333333333333336,0.0,2.0,249.0,112.66666666666667,0.0,DE
2017-01-01,DISTRICT OF COLUMBIA,365.0,179.0,182.0,4.0,0.0,0.0,0.0,119.0,66.0,51.0,0.0,26.0,136.0,203.0,0.0,DC
2017-01-01,FLORIDA,353.5128205128205,305.3076923076923,47.15384615384615,1.0512820512820513,0.0,0.0,0.0,105.84615384615384,52.58974358974359,37.0,0.2564102564102564,1.1282051282051282,227.87179487179486,113.74358974358974,10.512820512820513,FL
2017-01-01,GEORGIA,274.6774193548387,223.4516129032258,50.61290322580645,0.5161290322580645,0.06451612903225806,0.0,0.03225806451612903,106.87096774193549,53.83870967741935,37.225806451612904,0.0,2.2580645161290325,128.06451612903226,144.19354838709677,0.16129032258064516,GA
2017-01-01,HAWAII,363.25,308.0,55.25,0.0,0.0,0.0,0.0,75.25,45.0,28.75,0.25,23.0,71.75,268.25,0.0,HI
2017-01-01,IDAHO,334.15,258.4,62.75,8.65,3.15,1.15,0.05,204.5,65.0,28.4,0.15,0.75,38.0,289.45,5.8,ID
2017-01-01,ILLINOIS,334.39130434782606,263.5217391304348,68.26086956521739,2.5652173913043477,0.043478260869565216,0.0,0.0,112.73913043478261,59.56521739130435,40.78260869565217,0.0,2.8260869565217392,236.95652173913044,94.34782608695652,0.2608695652173913,IL
2017-01-01,INDIANA,293.36842105263156,241.92105263157896,49.973684210526315,1.4473684210526316,0.02631578947368421,0.0,0.0,99.65789473684211,55.28947368421053,38.26315789473684,0.05263157894736842,0.9210526315789473,179.1578947368421,112.23684210526316,1.0,IN
2017-01-01,IOWA,271.22222222222223,204.33333333333334,66.72222222222223,0.16666666666666666,0.0,0.0,0.0,85.05555555555556,55.05555555555556,36.77777777777778,0.0,0.2777777777777778,85.44444444444444,165.94444444444446,19.555555555555557,IA
2017-01-01,KANSAS,329.45454545454544,289.6363636363636,39.54545454545455,0.18181818181818182,0.09090909090909091,0.0,0.0,93.9090909090909,48.09090909090909,32.63636363636363,0.18181818181818182,1.2727272727272727,204.27272727272728,60.27272727272727,63.45454545454545,KS
2017-01-01,KENTUCKY,304.42857142857144,254.92857142857142,49.142857142857146,0.35714285714285715,0.0,0.0,0.0,91.42857142857143,52.857142857142854,39.5,0.0,2.0714285714285716,196.75,104.82142857142857,0.7857142857142857,KY
2017-01-01,LOUISIANA,328.77272727272725,279.1363636363636,48.5,1.1363636363636365,0.0,0.0,0.0,103.5,53.18181818181818,36.40909090909091,0.0,4.7272727272727275,216.63636363636363,107.0909090909091,0.3181818181818182,LA
2017-01-01,MAINE,323.27272727272725,293.27272727272725,28.636363636363637,1.1818181818181819,0.18181818181818182,0.0,0.0,121.72727272727273,48.72727272727273,33.81818181818182,0.09090909090909091,10.818181818181818,212.1818181818182,99.27272727272727,0.9090909090909091,ME
2017-01-01,MARYLAND,325.9375,260.6875,61.875,3.125,0.25,0.0,0.0,117.5625,60.75,40.9375,0.125,12.5,215.0625,97.0,1.25,MD
2017-01-01,MASSACHUSETTS,361.7692307692308,314.0,44.69230769230769,2.8461538461538463,0.23076923076923078,0.0,0.0,129.6153846153846,51.76923076923077,37.46153846153846,0.0,6.0,262.61538461538464,93.15384615384616,0.0,MA
2017-01-01,MICHIGAN,296.9642857142857,250.78571428571428,44.5,1.6785714285714286,0.0,0.0,0.0,104.25,55.785714285714285,36.57142857142857,0.0,0.5,208.14285714285714,87.32142857142857,1.0,MI
2017-01-01,MINNESOTA,338.65,298.55,40.05,0.05,0.0,0.0,0.0,86.3,49.25,31.55,0.05,6.15,155.5,160.65,16.3,MN
2017-01-01,MISSISSIPPI,294.09090909090907,258.27272727272725,35.63636363636363,0.18181818181818182,0.0,0.0,0.0,78.0909090909091,50.18181818181818,35.81818181818182,0.0,8.090909090909092,170.0,116.0,0.0,MS
2017-01-01,MISSOURI,303.23809523809524,247.76190476190476,54.57142857142857,0.8571428571428571,0.047619047619047616,0.0,0.0,98.95238095238095,57.04761904761905,39.76190476190476,0.0,5.095238095238095,195.9047619047619,84.9047619047619,17.333333333333332,MO
2017-01-01,MONTANA,306.36842105263156,231.1578947368421,62.21052631578947,6.894736842105263,3.789473684210526,1.3157894736842106,1.0,188.78947368421052,69.63157894736842,30.894736842105264,0.10526315789473684,1.2105263157894737,99.21052631578948,191.73684210526315,14.105263157894736,MT
2017-01-01,NEBRASKA,237.77777777777777,204.22222222222223,33.44444444444444,0.1111111111111111,0.0,0.0,0.0,89.33333333333333,48.77777777777778,28.88888888888889,0.0,0.0,78.11111111111111,117.0,42.666666666666664,NE
2017-01-01,NEVADA,358.6666666666667,274.44444444444446,78.66666666666667,5.0,0.5555555555555556,0.0,0.0,144.11111111111111,60.888888888888886,38.111111111111114,0.0,6.0,223.11111111111111,62.55555555555556,67.0,NV
2017-01-01,NEW HAMPSHIRE,355.2857142857143,324.42857142857144,30.0,0.7142857142857143,0.14285714285714285,0.0,0.0,104.85714285714286,50.142857142857146,36.0,0.14285714285714285,0.0,304.85714285714283,50.285714285714285,0.0,NH
2017-01-01,NEW JERSEY,349.3125,278.4375,67.375,3.5,0.0,0.0,0.0,115.625,57.6875,38.4375,0.0,26.25,200.75,122.3125,0.0,NJ
2017-01-01,NEW MEXICO,285.25,209.6875,71.125,4.0,0.25,0.0,0.1875,133.8125,53.5,31.875,0.0,0.75,184.375,67.875,32.25,NM
2017-01-01,NEW YORK,350.9655172413793,315.6551724137931,33.724137931034484,1.4827586206896552,0.10344827586206896,0.0,0.0,101.51724137931035,49.89655172413793,34.37931034482759,0.10344827586206896,12.344827586206897,251.17241379310346,87.3103448275862,0.034482758620689655,NY
2017-01-01,NORTH CAROLINA,310.8888888888889,264.97222222222223,45.77777777777778,0.1388888888888889,0.0,0.0,0.0,87.02777777777777,53.27777777777778,38.94444444444444,0.0,0.5277777777777778,203.61111111111111,101.30555555555556,5.444444444444445,NC
2017-01-01,NORTH DAKOTA,357.27272727272725,323.72727272727275,32.0,1.0,0.5454545454545454,0.0,0.0,139.36363636363637,48.36363636363637,33.0,0.09090909090909091,1.3636363636363635,252.1818181818182,66.54545454545455,37.09090909090909,ND
2017-01-01,OHIO,315.1025641025641,256.46153846153845,57.205128205128204,1.4102564102564104,0.02564102564102564,0.0,0.0,105.6923076923077,54.743589743589745,37.48717948717949,0.5384615384615384,8.282051282051283,189.48717948717947,107.6923076923077,9.102564102564102,OH
2017-01-01,OKLAHOMA,302.962962962963,249.62962962962962,52.333333333333336,0.9629629629629629,0.037037037037037035,0.0,0.0,92.33333333333333,52.81481481481482,36.81481481481482,0.0,6.296296296296297,207.11111111111111,68.22222222222223,21.333333333333332,OK
2017-01-01,OREGON,343.60869565217394,267.04347826086956,62.91304347826087,7.434782608695652,4.956521739130435,0.9565217391304348,0.30434782608695654,215.1304347826087,69.78260869565217,28.695652173913043,0.0,2.3043478260869565,53.95652173913044,287.0869565217391,0.2608695652173913,OR
2017-01-01,PENNSYLVANIA,361.3783783783784,267.05405405405406,92.24324324324324,2.0,0.08108108108108109,0.0,0.0,106.05405405405405,59.5945945945946,41.486486486486484,0.02702702702702703,1.6756756756756757,217.40540540540542,140.83783783783784,1.4324324324324325,PA
2017-01-01,RHODE ISLAND,358.6666666666667,318.6666666666667,35.333333333333336,4.333333333333333,0.3333333333333333,0.0,0.0,144.66666666666666,50.666666666666664,34.333333333333336,0.0,8.333333333333334,204.0,146.33333333333334,0.0,RI
2017-01-01,SOUTH CAROLINA,305.6842105263158,270.36842105263156,35.0,0.3157894736842105,0.0,0.0,0.0,84.15789473684211,49.31578947368421,35.578947368421055,0.0,0.5263157894736842,201.68421052631578,85.3157894736842,18.157894736842106,SC
2017-01-01,SOUTH DAKOTA,339.5,305.0,33.5,0.8,0.2,0.0,0.0,107.9,47.7,31.6,0.0,3.0,185.9,122.4,28.2,SD
2017-01-01,TENNESSEE,302.5652173913044,258.2173913043478,43.95652173913044,0.34782608695652173,0.043478260869565216,0.0,0.0,89.69565217391305,53.34782608695652,36.82608695652174,0.0,1.2173913043478262,155.3913043478261,143.04347826086956,2.9130434782608696,TN
2017-01-01,TEXAS,343.6904761904762,284.1666666666667,56.19047619047619,3.1666666666666665,0.16666666666666666,0.0,0.0,113.83333333333333,56.95238095238095,37.19047619047619,0.07142857142857142,3.761904761904762,211.85714285714286,127.83333333333333,0.16666666666666666,TX
2017-01-01,UTAH,336.92857142857144,214.35714285714286,109.92857142857143,11.071428571428571,1.4285714285714286,0.14285714285714285,0.0,136.71428571428572,73.85714285714286,44.214285714285715,0.0,10.357142857142858,268.14285714285717,57.214285714285715,1.2142857142857142,UT
2017-01-01,VERMONT,303.0,277.25,25.5,0.25,0.0,0.0,0.0,76.75,43.75,29.25,0.5,2.25,203.25,96.75,0.25,VT
2017-01-01,VIRGINIA,262.1515151515151,240.57575757575756,21.393939393939394,0.15151515151515152,0.030303030303030304,0.0,0.0,74.96969696969697,43.81818181818182,31.181818181818183,0.7272727272727273,28.848484848484848,161.63636363636363,61.60606060606061,9.333333333333334,VA
2017-01-01,WASHINGTON,346.0,285.03333333333336,50.733333333333334,5.766666666666667,3.933333333333333,0.5333333333333333,0.0,183.5,59.53333333333333,26.666666666666668,0.0,3.533333333333333,47.53333333333333,289.73333333333335,5.2,WA
2017-01-01,WEST VIRGINIA,289.57142857142856,253.85714285714286,35.5,0.21428571428571427,0.0,0.0,0.0,82.0,51.0,36.0,0.07142857142857142,0.0,175.14285714285714,91.28571428571429,23.071428571428573,WV
2017-01-01,WISCONSIN,308.51851851851853,269.037037037037,37.407407407407405,2.074074074074074,0.0,0.0,0.0,100.66666666666667,54.925925925925924,36.96296296296296,0.0,0.5185185185185185,228.62962962962962,79.33333333333333,0.037037037037037035,WI
2017-01-01,WYOMING,327.05882352941177,256.05882352941177,68.58823529411765,1.7058823529411764,0.5294117647058824,0.11764705882352941,0.058823529411764705,167.58823529411765,59.23529411764706,38.588235294117645,0.0,2.9411764705882355,262.47058823529414,18.88235294117647,42.76470588235294,WY
2018-01-01,ALABAMA,294.5882352941176,235.76470588235293,58.294117647058826,0.4117647058823529,0.11764705882352941,0.0,0.0,98.52941176470588,54.35294117647059,36.76470588235294,0.0,0.11764705882352941,161.47058823529412,132.7058823529412,0.29411764705882354,AL
2018-01-01,ALASKA,281.625,248.0,28.25,4.0,1.375,0.0,0.0,84.125,47.5,22.0,0.25,3.5,87.125,166.375,24.375,AK
2018-01-01,ARIZONA,364.0769230769231,240.30769230769232,110.15384615384616,11.538461538461538,1.0,0.46153846153846156,0.6153846153846154,199.53846153846155,72.07692307692308,43.07692307692308,0.0,1.1538461538461537,220.92307692307693,36.07692307692308,105.92307692307692,AZ
2018-01-01,ARKANSAS,260.0,213.75,45.5,0.75,0.0,0.0,0.0,94.33333333333333,55.333333333333336,35.416666666666664,0.0,0.6666666666666666,131.08333333333334,128.25,0.0,AR
2018-01-01,CALIFORNIA,359.20754716981133,206.56603773584905,118.37735849056604,23.20754716981132,9.69811320754717,1.1320754716981132,0.22641509433962265,231.11320754716982,87.35849056603773,48.79245283018868,0.03773584905660377,4.113207547169812,201.66037735849056,138.67924528301887,14.716981132075471,CA
2018-01-01,COLORADO,293.969696969697,202.21212121212122,82.9090909090909,7.96969696969697,0.8181818181818182,0.06060606060606061,0.0,128.6060606060606,67.51515151515152,39.06060606060606,0.030303030303030304,6.2727272727272725,212.93939393939394,31.90909090909091,42.81818181818182,CO
2018-01-01,CONNECTICUT,319.0,264.875,46.0,7.0,1.125,0.0,0.0,144.0,60.0,37.625,0.25,9.25,236.125,73.0,0.375,CT
2018-01-01,DELAWARE,365.0,288.3333333333333,72.66666666666667,4.0,0.0,0.0,0.0,141.0,60.0,40.0,0.0,1.3333333333333333,267.3333333333333,96.33333333333333,0.0,DE
2018-01-01,DISTRICT OF COLUMBIA,365.0,235.0,124.0,5.0,1.0,0.0,0.0,164.0,71.0,44.0,0.0,16.0,184.0,165.0,0.0,DC
2018-01-01,FLORIDA,352.94871794871796,311.1025641025641,41.0,0.7948717948717948,0.05128205128205128,0.0,0.0,101.38461538461539,51.205128205128204,34.82051282051282,0.07692307692307693,0.717948717948718,241.30769230769232,102.0,8.846153846153847,FL
2018-01-01,GEORGIA,285.3448275862069,235.89655172413794,48.689655172413794,0.7586206896551724,0.0,0.0,0.0,94.62068965517241,53.44827586206897,34.793103448275865,0.034482758620689655,2.4482758620689653,128.13793103448276,154.3793103448276,0.3448275862068966,GA
2018-01-01,HAWAII,361.5,318.5,39.5,3.0,0.5,0.0,0.0,86.0,46.25,27.5,0.25,42.0,67.75,249.75,1.75,HI
2018-01-01,IDAHO,342.5,277.3,59.4,4.8,0.9,0.1,0.0,150.65,58.3,27.0,0.15,0.0,42.6,287.2,12.55,ID
2018-01-01,ILLINOIS,350.2173913043478,265.69565217391306,80.47826086956522,3.608695652173913,0.43478260869565216,0.0,0.0,124.43478260869566,60.82608695652174,40.69565217391305,0.08695652173913043,6.869565217391305,227.1304347826087,115.47826086956522,0.6521739130434783,IL
2018-01-01,INDIANA,335.1621621621622,275.7567567567568,56.24324324324324,3.054054054054054,0.10810810810810811,0.0,0.0,115.37837837837837,55.945945945945944,36.270270270270274,0.0,0.6486486486486487,232.83783783783784,100.91891891891892,0.7567567567567568,IN
2018-01-01,IOWA,288.3125,213.6875,73.5625,1.0625,0.0,0.0,0.0,97.1875,57.5,38.1875,0.0,0.375,97.8125,176.25,13.875,IA
2018-01-01,KANSAS,338.90909090909093,283.45454545454544,55.0,0.36363636363636365,0.09090909090909091,0.0,0.0,104.72727272727273,53.45454545454545,32.63636363636363,0.0,3.5454545454545454,197.0,66.63636363636364,71.72727272727273,KS
2018-01-01,KENTUCKY,307.9259259259259,254.33333333333334,52.888888888888886,0.5925925925925926,0.1111111111111111,0.0,0.0,101.07407407407408,55.0,38.333333333333336,0.07407407407407407,2.8518518518518516,200.96296296296296,103.37037037037037,0.6666666666666666,KY
2018-01-01,LOUISIANA,329.95454545454544,271.54545454545456,56.63636363636363,1.7272727272727273,0.045454545454545456,0.0,0.0,103.72727272727273,56.59090909090909,34.95454545454545,0.0,3.5454545454545454,213.9090909090909,111.95454545454545,0.5454545454545454,LA
2018-01-01,MAINE,332.0,304.3,27.0,0.5,0.2,0.0,0.0,113.8,49.3,35.0,0.0,12.8,237.0,81.1,1.1,ME
2018-01-01,MARYLAND,324.375,257.0,63.9375,3.3125,0.125,0.0,0.0,122.0625,61.75,39.625,0.0,7.5625,218.25,97.25,1.3125,MD
2018-01-01,MASSACHUSETTS,363.0769230769231,310.3076923076923,50.07692307692308,2.6923076923076925,0.0,0.0,0.0,117.23076923076923,53.23076923076923,36.92307692307692,0.0,5.769230769230769,254.30769230769232,103.0,0.0,MA
2018-01-01,MICHIGAN,291.7142857142857,242.96428571428572,45.0,3.5357142857142856,0.21428571428571427,0.0,0.0,121.39285714285714,57.25,35.964285714285715,0.0,0.32142857142857145,206.89285714285714,81.14285714285714,3.357142857142857,MI
2018-01-01,MINNESOTA,329.6666666666667,279.1904761904762,49.80952380952381,0.6666666666666666,0.0,0.0,0.0,99.85714285714286,52.476190476190474,32.0,0.19047619047619047,3.9047619047619047,127.47619047619048,180.47619047619048,17.61904761904762,MN
2018-01-01,MISSISSIPPI,309.09090909090907,253.36363636363637,54.54545454545455,1.0909090909090908,0.09090909090909091,0.0,0.0,105.36363636363636,56.27272727272727,36.54545454545455,0.0,0.18181818181818182,158.72727272727272,150.1818181818182,0.0,MS
2018-01-01,MISSOURI,294.76190476190476,235.33333333333334,57.04761904761905,2.3333333333333335,0.047619047619047616,0.0,0.0,109.23809523809524,60.04761904761905,38.0,0.0,5.095238095238095,184.28571428571428,90.71428571428571,14.666666666666666,MO
2018-01-01,MONTANA,308.89473684210526,252.73684210526315,50.73684210526316,4.052631578947368,1.368421052631579,0.0,0.0,140.42105263157896,55.26315789473684,29.473684210526315,0.0,0.47368421052631576,108.78947368421052,187.26315789473685,12.368421052631579,MT
2018-01-01,NEBRASKA,239.33333333333334,209.88888888888889,29.0,0.4444444444444444,0.0,0.0,0.0,82.0,47.77777777777778,28.0,0.0,0.0,87.44444444444444,113.11111111111111,38.77777777777778,NE
2018-01-01,NEVADA,357.44444444444446,265.22222222222223,80.11111111111111,11.222222222222221,0.7777777777777778,0.1111111111111111,0.0,140.0,66.0,37.0,0.0,6.444444444444445,215.33333333333334,63.55555555555556,72.11111111111111,NV
2018-01-01,NEW HAMPSHIRE,318.14285714285717,290.57142857142856,26.714285714285715,0.8571428571428571,0.0,0.0,0.0,95.42857142857143,50.57142857142857,36.857142857142854,0.14285714285714285,0.0,263.57142857142856,54.42857142857143,0.0,NH
2018-01-01,NEW JERSEY,344.0625,268.5,70.875,4.1875,0.5,0.0,0.0,140.125,61.6875,38.4375,0.3125,24.0625,192.3125,127.375,0.0,NJ
2018-01-01,NEW MEXICO,285.625,200.6875,77.5,6.9375,0.5,0.0,0.0,107.625,60.6875,33.1875,0.0,1.0,184.75,70.5,29.375,NM
2018-01-01,NEW YORK,349.9642857142857,305.64285714285717,40.964285714285715,3.142857142857143,0.17857142857142858,0.03571428571428571,0.0,122.67857142857143,53.392857142857146,34.035714285714285,0.10714285714285714,6.035714285714286,247.25,96.57142857142857,0.0,NY
2018-01-01,NORTH CAROLINA,294.47222222222223,247.25,46.833333333333336,0.3888888888888889,0.0,0.0,0.0,90.75,55.861111111111114,37.77777777777778,0.05555555555555555,0.3333333333333333,193.36111111111111,96.58333333333333,4.138888888888889,NC
2018-01-01,NORTH DAKOTA,359.6,313.2,45.0,1.2,0.2,0.0,0.0,109.9,53.6,35.0,0.4,2.3,270.8,82.2,3.9,ND
2018-01-01,OHIO,309.525,245.15,61.825,2.5,0.05,0.0,0.0,107.775,57.825,36.85,2.75,7.6,180.025,110.575,8.575,OH
2018-01-01,OKLAHOMA,314.52,248.48,62.92,3.0,0.12,0.0,0.0,122.52,60.28,37.48,0.0,0.76,198.36,86.32,29.08,OK
2018-01-01,OREGON,342.5217391304348,274.39130434782606,57.30434782608695,6.0,4.478260869565218,0.34782608695652173,0.0,164.43478260869566,67.0,29.130434782608695,0.0,3.0434782608695654,47.65217391304348,291.2173913043478,0.6086956521739131,OR
2018-01-01,PENNSYLVANIA,349.2564102564103,277.43589743589746,69.38461538461539,2.3076923076923075,0.1282051282051282,0.0,0.0,111.61538461538461,58.94871794871795,37.717948717948715,0.0,1.435897435897436,233.28205128205127,114.07692307692308,0.46153846153846156,PA
2018-01-01,RHODE ISLAND,360.0,309.3333333333333,44.333333333333336,6.333333333333333,0.0,0.0,0.0,134.0,53.666666666666664,35.0,0.0,6.666666666666667,183.66666666666666,169.33333333333334,0.3333333333333333,RI
2018-01-01,SOUTH CAROLINA,323.8333333333333,290.6111111111111,32.94444444444444,0.2777777777777778,0.0,0.0,0.0,84.77777777777777,49.333333333333336,34.166666666666664,0.0,1.0,205.16666666666666,98.77777777777777,18.88888888888889,SC
2018-01-01,SOUTH DAKOTA,339.2,297.5,40.3,1.3,0.0,0.0,0.1,135.0,50.4,32.1,0.0,4.8,178.2,116.5,39.7,SD
2018-01-01,TENNESSEE,334.0,283.7826086956522,49.04347826086956,1.1304347826086956,0.043478260869565216,0.0,0.0,97.52173913043478,55.56521739130435,35.26086956521739,0.0,1.6521739130434783,154.30434782608697,178.04347826086956,0.0,TN
2018-01-01,TEXAS,346.2142857142857,274.2142857142857,66.16666666666667,5.214285714285714,0.5714285714285714,0.047619047619047616,0.0,130.14285714285714,60.285714285714285,36.214285714285715,0.023809523809523808,3.9761904761904763,211.38095238095238,130.57142857142858,0.2619047619047619,TX
2018-01-01,UTAH,347.8,214.13333333333333,122.6,10.133333333333333,0.9333333333333333,0.0,0.0,131.13333333333333,78.4,44.266666666666666,0.0,11.066666666666666,282.46666666666664,53.13333333333333,1.1333333333333333,UT
2018-01-01,VERMONT,303.0,269.25,33.5,0.25,0.0,0.0,0.0,82.75,46.0,29.75,0.25,0.25,199.0,103.5,0.0,VT
2018-01-01,VIRGINIA,262.8125,236.53125,26.0625,0.21875,0.0,0.0,0.0,80.09375,45.6875,30.15625,0.4375,26.46875,163.625,63.625,8.65625,VA
2018-01-01,WASHINGTON,355.6,298.56666666666666,47.166666666666664,5.033333333333333,4.4,0.36666666666666664,0.06666666666666667,196.2,56.6,25.733333333333334,0.0,5.133333333333334,46.06666666666667,296.4,8.0,WA
2018-01-01,WEST VIRGINIA,279.85714285714283,248.0,31.642857142857142,0.21428571428571427,0.0,0.0,0.0,86.35714285714286,51.857142857142854,33.714285714285715,0.14285714285714285,0.0,174.78571428571428,81.07142857142857,23.857142857142858,WV
2018-01-01,WISCONSIN,312.25925925925924,256.1111111111111,53.074074074074076,2.5925925925925926,0.48148148148148145,0.0,0.0,124.51851851851852,60.629629629629626,39.333333333333336,0.0,0.6296296296296297,222.25925925925927,89.22222222222223,0.14814814814814814,WI
2018-01-01,WYOMING,329.6666666666667,255.66666666666666,72.61111111111111,1.2222222222222223,0.16666666666666666,0.0,0.0,106.5,58.611111111111114,39.611111111111114,0.0,2.8333333333333335,270.27777777777777,14.833333333333334,41.72222222222222,WY
2019-01-01,ALABAMA,290.2352941176471,229.0,60.23529411764706,1.0,0.0,0.0,0.0,88.82352941176471,54.88235294117647,39.23529411764706,0.0,0.11764705882352941,164.47058823529412,125.11764705882354,0.5294117647058824,AL
2019-01-01,ALASKA,275.44444444444446,236.33333333333334,32.77777777777778,3.4444444444444446,2.3333333333333335,0.1111111111111111,0.4444444444444444,146.33333333333334,45.888888888888886,19.22222222222222,0.8888888888888888,1.4444444444444444,53.55555555555556,181.88888888888889,37.666666666666664,AK
2019-01-01,ARIZONA,363.61538461538464,256.6923076923077,99.61538461538461,6.384615384615385,0.15384615384615385,0.23076923076923078,0.5384615384615384,162.46153846153845,63.92307692307692,41.84615384615385,0.0,0.3076923076923077,232.46153846153845,38.84615384615385,92.0,AZ
2019-01-01,ARKANSAS,237.53846153846155,197.92307692307693,39.46153846153846,0.15384615384615385,0.0,0.0,0.0,83.61538461538461,53.84615384615385,36.15384615384615,0.0,0.7692307692307693,121.92307692307692,114.84615384615384,0.0,AR
2019-01-01,CALIFORNIA,359.6792452830189,247.9056603773585,95.33962264150944,13.264150943396226,2.660377358490566,0.22641509433962265,0.2830188679245283,226.26415094339623,73.05660377358491,43.83018867924528,0.11320754716981132,3.69811320754717,244.03773584905662,98.39622641509433,13.433962264150944,CA
2019-01-01,COLORADO,287.25,221.21428571428572,64.0,1.9642857142857142,0.07142857142857142,0.0,0.0,95.03571428571429,51.32142857142857,34.07142857142857,0.07142857142857142,7.285714285714286,197.10714285714286,37.607142857142854,45.17857142857143,CO
2019-01-01,CONNECTICUT,325.125,276.75,40.875,6.75,0.75,0.0,0.0,131.625,57.5,39.5,0.0,6.25,248.625,69.5,0.75,CT
2019-01-01,DELAWARE,365.0,283.6666666666667,80.33333333333333,1.0,0.0,0.0,0.0,104.0,61.333333333333336,42.333333333333336,0.0,2.3333333333333335,268.3333333333333,94.33333333333333,0.0,DE
2019-01-01,DISTRICT OF COLUMBIA,365.0,242.0,118.0,4.0,1.0,0.0,0.0,157.0,71.0,44.0,0.0,32.0,221.0,112.0,0.0,DC
2019-01-01,FLORIDA,350.0769230769231,309.71794871794873,39.87179487179487,0.48717948717948717,0.0,0.0,0.0,92.7948717948718,51.1025641025641,35.794871794871796,0.10256410256410256,0.8461538461538461,236.23076923076923,103.05128205128206,9.846153846153847,FL
2019-01-01,GEORGIA,293.44827586206895,225.0344827586207,66.86206896551724,1.4482758620689655,0.10344827586206896,0.0,0.0,105.37931034482759,57.275862068965516,38.58620689655172,0.0,1.8275862068965518,131.75862068965517,159.24137931034483,0.6206896551724138,GA
2019-01-01,HAWAII,363.75,358.0,4.75,0.75,0.25,0.0,0.0,93.0,30.5,17.75,0.25,37.25,78.25,247.75,0.25,HI
2019-01-01,IDAHO,345.55,303.3,41.0,1.1,0.15,0.0,0.0,89.75,48.15,24.35,0.0,0.4,40.65,286.1,18.4,ID
2019-01-01,ILLINOIS,336.7826086956522,258.30434782608694,77.08695652173913,1.2608695652173914,0.13043478260869565,0.0,0.0,106.04347826086956,58.52173913043478,41.52173913043478,0.043478260869565216,8.695652173913043,204.17391304347825,123.30434782608695,0.5652173913043478,IL
2019-01-01,INDIANA,334.2972972972973,280.0,53.75675675675676,0.5405405405405406,0.0,0.0,0.0,89.45945945945945,54.108108108108105,37.108108108108105,0.0,0.13513513513513514,236.2972972972973,97.27027027027027,0.5945945945945946,IN
2019-01-01,IOWA,288.125,235.6875,52.3125,0.125,0.0,0.0,0.0,85.25,54.0625,34.4375,0.0,0.25,110.6875,163.1875,14.0,IA
2019-01-01,KANSAS,335.72727272727275,299.0,36.36363636363637,0.2727272727272727,0.09090909090909091,0.0,0.0,100.54545454545455,47.36363636363637,32.0,0.0,3.4545454545454546,189.63636363636363,80.72727272727273,61.90909090909091,KS
2019-01-01,KENTUCKY,302.6666666666667,261.22222222222223,41.25925925925926,0.18518518518518517,0.0,0.0,0.0,81.51851851851852,52.666666666666664,40.22222222222222,0.0,2.111111111111111,220.37037037037038,79.33333333333333,0.8518518518518519,KY
2019-01-01,LOUISIANA,328.59090909090907,274.90909090909093,53.09090909090909,0.5909090909090909,0.0,0.0,0.0,91.63636363636364,54.45454545454545,35.77272727272727,0.0,5.818181818181818,208.9090909090909,112.81818181818181,1.0454545454545454,LA
2019-01-01,MAINE,332.0,314.7,16.9,0.3,0.1,0.0,0.0,92.8,46.9,33.7,0.2,12.9,236.4,79.2,3.3,ME
2019-01-01,MARYLAND,324.375,265.0,56.5,2.875,0.0,0.0,0.0,108.75,58.375,40.5625,0.125,11.3125,228.875,82.75,1.3125,MD
2019-01-01,MASSACHUSETTS,362.61538461538464,328.15384615384613,34.07692307692308,0.38461538461538464,0.0,0.0,0.0,96.0,49.61538461538461,37.53846153846154,0.15384615384615385,7.846153846153846,271.9230769230769,82.6923076923077,0.0,MA
2019-01-01,MICHIGAN,290.5,253.28571428571428,36.392857142857146,0.8214285714285714,0.0,0.0,0.0,90.82142857142857,50.892857142857146,34.75,0.10714285714285714,3.4642857142857144,208.03571428571428,75.92857142857143,2.9642857142857144,MI
2019-01-01,MINNESOTA,330.14285714285717,294.6666666666667,35.142857142857146,0.2857142857142857,0.047619047619047616,0.0,0.0,96.42857142857143,48.523809523809526,29.476190476190474,0.09523809523809523,4.476190476190476,141.85714285714286,173.47619047619048,10.238095238095237,MN
2019-01-01,MISSISSIPPI,337.8,279.4,58.2,0.2,0.0,0.0,0.0,92.1,54.9,38.6,0.0,0.1,174.4,163.3,0.0,MS
2019-01-01,MISSOURI,294.3809523809524,249.8095238095238,43.857142857142854,0.6666666666666666,0.047619047619047616,0.0,0.0,91.19047619047619,52.57142857142857,37.57142857142857,0.0,3.0476190476190474,184.9047619047619,90.66666666666667,15.761904761904763,MO
2019-01-01,MONTANA,304.7368421052632,268.7368421052632,35.421052631578945,0.47368421052631576,0.10526315789473684,0.0,0.0,94.63157894736842,45.89473684210526,26.42105263157895,0.21052631578947367,1.3157894736842106,109.78947368421052,179.73684210526315,13.68421052631579,MT
2019-01-01,NEBRASKA,237.88888888888889,221.0,16.88888888888889,0.0,0.0,0.0,0.0,68.22222222222223,41.666666666666664,24.88888888888889,0.0,0.0,90.66666666666667,107.55555555555556,39.666666666666664,NE
2019-01-01,NEVADA,361.3333333333333,303.1111111111111,57.44444444444444,0.7777777777777778,0.0,0.0,0.0,93.0,51.666666666666664,34.0,0.1111111111111111,2.6666666666666665,211.77777777777777,64.44444444444444,82.33333333333333,NV
2019-01-01,NEW HAMPSHIRE,330.0,317.7142857142857,12.142857142857142,0.14285714285714285,0.0,0.0,0.0,75.71428571428571,45.285714285714285,35.42857142857143,0.0,0.0,283.0,47.0,0.0,NH
2019-01-01,NEW JERSEY,344.625,274.5,68.5625,1.5625,0.0,0.0,0.0,114.5,57.9375,39.4375,0.0,28.5,209.25,106.875,0.0,NJ
2019-01-01,NEW MEXICO,283.0625,210.5,69.1875,2.75,0.3125,0.125,0.1875,149.6875,52.5,31.1875,0.0,1.0625,185.25,66.5625,30.1875,NM
2019-01-01,NEW YORK,340.4642857142857,311.2142857142857,28.464285714285715,0.7857142857142857,0.0,0.0,0.0,86.53571428571429,48.642857142857146,34.785714285714285,0.0,6.464285714285714,245.46428571428572,88.53571428571429,0.0,NY
2019-01-01,NORTH CAROLINA,298.5833333333333,249.02777777777777,49.19444444444444,0.3611111111111111,0.0,0.0,0.0,84.08333333333333,54.77777777777778,38.861111111111114,0.027777777777777776,0.7222222222222222,196.61111111111111,97.11111111111111,4.111111111111111,NC
2019-01-01,NORTH DAKOTA,364.4,343.7,20.5,0.1,0.1,0.0,0.0,88.0,46.7,32.7,0.0,2.8,298.2,61.6,1.8,ND
2019-01-01,OHIO,309.9,251.65,57.35,0.9,0.0,0.0,0.0,92.575,53.75,37.525,6.275,6.65,183.45,104.75,8.775,OH
2019-01-01,OKLAHOMA,298.3636363636364,245.0909090909091,52.77272727272727,0.45454545454545453,0.045454545454545456,0.0,0.0,94.45454545454545,52.81818181818182,36.22727272727273,0.045454545454545456,1.1818181818181819,191.22727272727272,87.22727272727273,18.681818181818183,OK
2019-01-01,OREGON,345.5,290.0416666666667,53.5,1.6666666666666667,0.2916666666666667,0.0,0.0,106.25,55.416666666666664,26.708333333333332,0.0,1.0,50.541666666666664,293.1666666666667,0.7916666666666666,OR
2019-01-01,PENNSYLVANIA,351.875,292.025,58.2,1.475,0.175,0.0,0.0,102.15,56.225,38.425,0.1,2.4,244.85,104.225,0.3,PA
2019-01-01,RHODE ISLAND,356.0,316.0,39.333333333333336,0.6666666666666666,0.0,0.0,0.0,103.0,51.666666666666664,37.0,0.0,4.333333333333333,219.0,132.33333333333334,0.3333333333333333,RI
2019-01-01,SOUTH CAROLINA,287.6666666666667,228.0,58.77777777777778,0.8888888888888888,0.0,0.0,0.0,95.16666666666667,57.22222222222222,38.0,0.0,0.16666666666666666,193.33333333333334,88.61111111111111,5.555555555555555,SC
2019-01-01,SOUTH DAKOTA,338.6,305.9,31.7,1.0,0.0,0.0,0.0,89.5,48.8,31.2,0.0,3.3,197.0,103.0,35.3,SD
2019-01-01,TENNESSEE,338.0,287.69565217391306,49.91304347826087,0.391304347826087,0.0,0.0,0.0,85.0,53.47826086956522,36.21739130434783,0.0,1.434782608695652,156.2173913043478,180.1304347826087,0.21739130434782608,TN
2019-01-01,TEXAS,352.1951219512195,281.390243902439,67.41463414634147,3.1463414634146343,0.21951219512195122,0.024390243902439025,0.0,115.51219512195122,57.75609756097561,38.0,0.024390243902439025,3.048780487804878,224.97560975609755,123.8780487804878,0.2682926829268293,TX
2019-01-01,UTAH,339.46666666666664,255.2,79.46666666666667,4.2,0.5333333333333333,0.06666666666666667,0.0,114.33333333333333,61.46666666666667,42.2,0.0,14.0,282.93333333333334,42.06666666666667,0.4666666666666667,UT
2019-01-01,VERMONT,299.75,276.5,23.25,0.0,0.0,0.0,0.0,75.5,42.0,29.0,0.0,0.25,208.0,91.25,0.25,VT
2019-01-01,VIRGINIA,263.71875,242.53125,21.0625,0.125,0.0,0.0,0.0,73.96875,44.40625,32.21875,0.625,29.25,169.5625,54.75,9.53125,VA
2019-01-01,WASHINGTON,353.48387096774195,312.3225806451613,40.58064516129032,0.5806451612903226,0.0,0.0,0.0,85.38709677419355,48.41935483870968,24.93548387096774,0.0,2.5483870967741935,44.806451612903224,296.258064516129,9.870967741935484,WA
2019-01-01,WEST VIRGINIA,263.2857142857143,239.0,24.071428571428573,0.21428571428571427,0.0,0.0,0.0,80.57142857142857,50.57142857142857,35.92857142857143,1.5,0.0,180.42857142857142,61.357142857142854,20.0,WV
2019-01-01,WISCONSIN,298.44444444444446,259.0740740740741,38.666666666666664,0.7037037037037037,0.0,0.0,0.0,99.29629629629629,53.111111111111114,36.18518518518518,0.0,0.4074074074074074,198.37037037037038,99.37037037037037,0.2962962962962963,WI
2019-01-01,WYOMING,343.8888888888889,298.1111111111111,44.666666666666664,0.9444444444444444,0.16666666666666666,0.0,0.0,98.0,51.94444444444444,38.833333333333336,0.0,1.7222222222222223,295.05555555555554,6.611111111111111,40.5,WY
2020-01-01,ALABAMA,289.26666666666665,241.93333333333334,47.0,0.3333333333333333,0.0,0.0,0.0,85.06666666666666,50.266666666666666,35.2,0.0,0.13333333333333333,147.33333333333334,141.46666666666667,0.3333333333333333,AL
2020-01-01,ALASKA,259.1111111111111,238.11111111111111,16.666666666666668,2.111111111111111,2.2222222222222223,0.0,0.0,77.0,39.0,15.777777777777779,0.7777777777777778,0.0,49.333333333333336,166.22222222222223,42.77777777777778,AK
2020-01-01,ARIZONA,362.0769230769231,244.46153846153845,92.6923076923077,13.076923076923077,5.846153846153846,5.769230769230769,0.23076923076923078,238.30769230769232,74.92307692307692,47.07692307692308,0.0,0.0,222.69230769230768,35.84615384615385,103.53846153846153,AZ
2020-01-01,ARKANSAS,251.63636363636363,225.0,26.09090909090909,0.5454545454545454,0.0,0.0,0.0,95.63636363636364,50.18181818181818,33.0,0.0,1.0,147.63636363636363,103.0,0.0,AR
2020-01-01,CALIFORNIA,363.3018867924528,218.83018867924528,105.47169811320755,21.735849056603772,14.20754716981132,2.056603773584906,1.0,287.1320754716981,93.69811320754717,48.0188679245283,0.05660377358490566,2.660377358490566,205.9433962264151,141.66037735849056,12.981132075471699,CA
2020-01-01,COLORADO,289.4642857142857,219.28571428571428,63.785714285714285,5.75,0.6071428571428571,0.03571428571428571,0.0,117.17857142857143,57.5,34.57142857142857,0.0,6.571428571428571,204.25,40.0,38.642857142857146,CO
2020-01-01,CONNECTICUT,324.375,273.5,46.875,3.5,0.5,0.0,0.0,124.75,58.25,39.125,0.5,6.375,234.75,82.125,0.625,CT
2020-01-01,DELAWARE,364.6666666666667,320.3333333333333,43.666666666666664,0.6666666666666666,0.0,0.0,0.0,90.66666666666667,52.333333333333336,38.0,0.0,3.0,261.3333333333333,100.33333333333333,0.0,DE
2020-01-01,DISTRICT OF COLUMBIA,366.0,314.0,51.0,0.0,1.0,0.0,0.0,166.0,53.0,40.0,0.0,45.0,216.0,105.0,0.0,DC
2020-01-01,FLORIDA,352.20512820512823,310.35897435897436,41.15384615384615,0.5384615384615384,0.15384615384615385,0.0,0.0,100.0,50.84615384615385,35.76923076923077,0.10256410256410256,0.20512820512820512,211.15384615384616,129.48717948717947,11.256410256410257,FL
2020-01-01,GEORGIA,291.44827586206895,255.3793103448276,35.55172413793103,0.5172413793103449,0.0,0.0,0.0,95.20689655172414,50.275862068965516,33.10344827586207,0.0,1.9310344827586208,124.17241379310344,164.82758620689654,0.5172413793103449,GA
2020-01-01,HAWAII,361.5,358.5,3.0,0.0,0.0,0.0,0.0,58.75,28.5,17.25,0.0,21.5,77.0,262.25,0.75,HI
2020-01-01,IDAHO,342.3,283.5,50.85,3.65,3.4,0.65,0.25,209.4,54.5,25.9,0.0,1.1,44.6,286.7,9.9,ID
2020-01-01,ILLINOIS,338.5652173913044,272.4782608695652,63.04347826086956,2.6956521739130435,0.34782608695652173,0.0,0.0,118.3913043478261,57.34782608695652,39.08695652173913,0.0,9.826086956521738,192.17391304347825,134.8695652173913,1.6956521739130435,IL
2020-01-01,INDIANA,331.20588235294116,284.1764705882353,45.64705882352941,1.2352941176470589,0.14705882352941177,0.0,0.0,103.88235294117646,52.588235294117645,35.76470588235294,0.0,0.20588235294117646,224.73529411764707,105.5,0.7647058823529411,IN
2020-01-01,IOWA,286.625,240.625,45.5,0.3125,0.1875,0.0,0.0,97.875,52.1875,33.9375,0.0,0.8125,102.875,167.5625,15.375,IA
2020-01-01,KANSAS,332.0,284.27272727272725,45.90909090909091,1.6363636363636365,0.18181818181818182,0.0,0.0,109.63636363636364,49.72727272727273,31.545454545454547,0.0,1.0,168.54545454545453,100.27272727272727,62.18181818181818,KS
2020-01-01,KENTUCKY,314.8076923076923,286.96153846153845,27.423076923076923,0.4230769230769231,0.0,0.0,0.0,86.5,48.92307692307692,36.15384615384615,0.15384615384615385,1.5769230769230769,229.30769230769232,83.34615384615384,0.4230769230769231,KY
2020-01-01,LOUISIANA,327.8181818181818,286.40909090909093,40.63636363636363,0.7727272727272727,0.0,0.0,0.0,100.04545454545455,51.36363636363637,33.90909090909091,0.09090909090909091,6.454545454545454,213.27272727272728,106.95454545454545,1.0454545454545454,LA
2020-01-01,MAINE,311.1,295.2,15.7,0.1,0.1,0.0,0.0,87.8,46.0,33.5,0.0,1.6,241.4,65.4,2.7,ME
2020-01-01,MARYLAND,324.375,300.0625,23.9375,0.375,0.0,0.0,0.0,88.1875,48.625,35.6875,0.3125,14.8125,231.125,76.6875,1.4375,MD
2020-01-01,MASSACHUSETTS,364.0769230769231,330.2307692307692,33.38461538461539,0.46153846153846156,0.0,0.0,0.0,95.46153846153847,49.84615384615385,36.46153846153846,0.0,7.153846153846154,250.6153846153846,106.23076923076923,0.07692307692307693,MA
2020-01-01,MICHIGAN,298.2962962962963,259.51851851851853,35.03703703703704,3.4814814814814814,0.25925925925925924,0.0,0.0,126.29629629629629,51.7037037037037,33.55555555555556,0.037037037037037035,4.2592592592592595,214.0,77.03703703703704,2.962962962962963,MI
2020-01-01,MINNESOTA,329.85714285714283,305.4761904761905,23.952380952380953,0.3333333333333333,0.09523809523809523,0.0,0.0,94.38095238095238,44.857142857142854,29.38095238095238,0.0,1.8095238095238095,144.1904761904762,176.52380952380952,7.333333333333333,MN
2020-01-01,MISSISSIPPI,335.7,280.8,54.7,0.2,0.0,0.0,0.0,82.4,52.9,37.2,0.0,0.5,160.2,175.0,0.0,MS
2020-01-01,MISSOURI,292.6666666666667,255.04761904761904,36.38095238095238,1.1428571428571428,0.09523809523809523,0.0,0.0,103.66666666666667,50.38095238095238,34.95238095238095,0.0,2.761904761904762,181.9047619047619,89.19047619047619,18.80952380952381,MO
2020-01-01,MONTANA,303.89473684210526,259.63157894736844,39.0,2.736842105263158,2.263157894736842,0.21052631578947367,0.05263157894736842,149.68421052631578,47.94736842105263,25.894736842105264,0.15789473684210525,0.5263157894736842,110.6842105263158,175.0,17.526315789473685,MT
2020-01-01,NEBRASKA,280.8888888888889,257.1111111111111,23.11111111111111,0.5555555555555556,0.1111111111111111,0.0,0.0,98.22222222222223,44.111111111111114,25.22222222222222,0.2222222222222222,0.0,85.44444444444444,152.77777777777777,42.44444444444444,NE
2020-01-01,NEVADA,363.6666666666667,285.8888888888889,66.11111111111111,7.0,4.111111111111111,0.4444444444444444,0.1111111111111111,202.55555555555554,62.55555555555556,36.22222222222222,0.0,2.3333333333333335,195.11111111111111,78.77777777777777,87.44444444444444,NV
2020-01-01,NEW HAMPSHIRE,343.14285714285717,325.85714285714283,17.285714285714285,0.0,0.0,0.0,0.0,75.71428571428571,46.142857142857146,36.142857142857146,0.0,0.0,282.14285714285717,61.0,0.0,NH
2020-01-01,NEW JERSEY,342.0,297.375,44.0,0.625,0.0,0.0,0.0,97.875,51.9375,36.9375,0.375,25.0,207.5625,109.0625,0.0,NJ
2020-01-01,NEW MEXICO,285.25,222.1875,59.625,2.875,0.25,0.125,0.1875,128.75,51.125,31.9375,0.0,0.75,181.6875,70.1875,32.625,NM
2020-01-01,NEW YORK,357.1111111111111,328.74074074074076,27.666666666666668,0.6296296296296297,0.07407407407407407,0.0,0.0,91.4074074074074,48.2962962962963,33.629629629629626,0.07407407407407407,3.814814814814815,258.962962962963,94.25925925925925,0.0,NY
2020-01-01,NORTH CAROLINA,309.6111111111111,288.8888888888889,20.555555555555557,0.16666666666666666,0.0,0.0,0.0,79.05555555555556,46.69444444444444,33.27777777777778,0.027777777777777776,1.3888888888888888,193.66666666666666,107.83333333333333,6.694444444444445,NC
2020-01-01,NORTH DAKOTA,365.3333333333333,351.6666666666667,13.666666666666666,0.0,0.0,0.0,0.0,69.11111111111111,44.888888888888886,33.44444444444444,0.0,2.3333333333333335,296.22222222222223,64.88888888888889,1.8888888888888888,ND
2020-01-01,OHIO,306.65,264.425,40.65,1.5,0.075,0.0,0.0,101.025,51.025,34.925,6.475,7.5,186.975,97.075,8.625,OH
2020-01-01,OKLAHOMA,335.55555555555554,281.5,53.05555555555556,0.8888888888888888,0.1111111111111111,0.0,0.0,110.88888888888889,54.0,37.44444444444444,0.05555555555555555,1.6666666666666667,211.94444444444446,119.55555555555556,2.3333333333333335,OK
2020-01-01,OREGON,360.8695652173913,292.60869565217394,55.95652173913044,3.0,3.9565217391304346,1.7391304347826086,3.608695652173913,430.3478260869565,61.0,27.434782608695652,0.0,0.4782608695652174,51.26086956521739,304.39130434782606,4.739130434782608,OR
2020-01-01,PENNSYLVANIA,357.0,312.15,43.75,1.075,0.025,0.0,0.0,98.275,52.0,36.425,0.1,2.6,231.375,121.5,1.425,PA
2020-01-01,RHODE ISLAND,363.3333333333333,326.3333333333333,35.333333333333336,1.3333333333333333,0.3333333333333333,0.0,0.0,133.0,50.0,34.333333333333336,0.0,4.666666666666667,200.33333333333334,158.33333333333334,0.0,RI
2020-01-01,SOUTH CAROLINA,319.2857142857143,295.92857142857144,22.857142857142858,0.5,0.0,0.0,0.0,89.71428571428571,47.142857142857146,33.57142857142857,0.0,0.5,187.57142857142858,130.07142857142858,1.1428571428571428,SC
2020-01-01,SOUTH DAKOTA,364.5,324.4,39.7,0.4,0.0,0.0,0.0,95.4,50.4,33.1,0.0,4.4,205.5,104.7,49.9,SD
2020-01-01,TENNESSEE,337.82608695652175,308.6521739130435,28.695652173913043,0.391304347826087,0.08695652173913043,0.0,0.0,94.65217391304348,47.47826086956522,32.43478260869565,0.0,0.9565217391304348,153.7391304347826,183.1304347826087,0.0,TN
2020-01-01,TEXAS,352.26666666666665,288.06666666666666,61.022222222222226,2.6666666666666665,0.5111111111111111,0.0,0.0,122.04444444444445,56.28888888888889,35.48888888888889,0.0,19.355555555555554,199.9111111111111,132.0888888888889,0.9111111111111111,TX
2020-01-01,UTAH,346.53333333333336,265.26666666666665,76.26666666666667,4.466666666666667,0.5333333333333333,0.0,0.0,125.8,61.6,41.266666666666666,0.0,13.466666666666667,269.53333333333336,61.13333333333333,2.4,UT
2020-01-01,VERMONT,302.75,281.5,21.25,0.0,0.0,0.0,0.0,73.75,40.5,29.25,0.0,0.0,210.0,92.75,0.0,VT
2020-01-01,VIRGINIA,273.61290322580646,264.8709677419355,8.709677419354838,0.03225806451612903,0.0,0.0,0.0,63.645161290322584,41.064516129032256,28.903225806451612,0.5806451612903226,21.903225806451612,181.7741935483871,64.03225806451613,5.32258064516129,VA
2020-01-01,WASHINGTON,345.3225806451613,306.06451612903226,30.677419354838708,1.4193548387096775,3.5483870967741935,2.225806451612903,1.3870967741935485,340.0967741935484,47.58064516129032,23.806451612903224,0.0,2.064516129032258,39.58064516129032,291.9032258064516,11.774193548387096,WA
2020-01-01,WEST VIRGINIA,264.14285714285717,249.71428571428572,14.285714285714286,0.14285714285714285,0.0,0.0,0.0,80.35714285714286,46.357142857142854,32.214285714285715,0.0,0.0,181.14285714285714,62.285714285714285,20.714285714285715,WV
2020-01-01,WISCONSIN,298.9259259259259,257.5925925925926,38.74074074074074,2.3703703703703702,0.2222222222222222,0.0,0.0,120.48148148148148,54.333333333333336,36.18518518518518,0.0,0.6296296296296297,193.85185185185185,104.22222222222223,0.2222222222222222,WI
2020-01-01,WYOMING,339.8888888888889,291.6666666666667,44.388888888888886,2.888888888888889,0.8333333333333334,0.05555555555555555,0.05555555555555555,193.83333333333334,51.77777777777778,35.5,0.0,17.944444444444443,239.05555555555554,16.11111111111111,66.77777777777777,WY
2021-01-01,ALABAMA,291.0,243.13333333333333,47.2,0.5333333333333333,0.13333333333333333,0.0,0.0,90.8,52.4,35.4,0.0,0.06666666666666667,150.73333333333332,139.26666666666668,0.9333333333333333,AL
2021-01-01,ALASKA,243.625,215.75,23.0,3.125,1.75,0.0,0.0,90.125,41.5,17.5,0.25,0.0,57.75,160.125,25.5,AK
2021-01-01,ARIZONA,360.9230769230769,232.23076923076923,105.07692307692308,12.692307692307692,5.230769230769231,5.615384615384615,0.07692307692307693,158.69230769230768,76.15384615384616,48.69230769230769,0.0,0.07692307692307693,224.84615384615384,31.076923076923077,104.92307692307692,AZ
2021-01-01,ARKANSAS,250.36363636363637,206.72727272727272,43.0,0.6363636363636364,0.0,0.0,0.0,88.63636363636364,54.72727272727273,35.72727272727273,0.0,1.1818181818181819,138.27272727272728,110.9090909090909,0.0,AR
2021-01-01,CALIFORNIA,358.35849056603774,215.18867924528303,112.83018867924528,20.150943396226417,8.471698113207546,1.0377358490566038,0.6792452830188679,269.3207547169811,87.75471698113208,47.81132075471698,0.24528301886792453,1.7924528301886793,212.16981132075472,129.26415094339623,14.88679245283019,CA
2021-01-01,COLORADO,297.2857142857143,208.25,75.60714285714286,12.071428571428571,1.3214285714285714,0.0,0.03571428571428571,134.28571428571428,65.64285714285714,35.785714285714285,0.03571428571428571,6.571428571428571,217.89285714285714,27.107142857142858,45.67857142857143,CO
2021-01-01,CONNECTICUT,323.625,269.625,46.625,6.25,1.125,0.0,0.0,142.875,61.25,38.0,0.125,8.125,230.25,84.5,0.625,CT
2021-01-01,DELAWARE,271.6666666666667,218.0,51.666666666666664,2.0,0.0,0.0,0.0,117.33333333333333,61.0,40.666666666666664,0.3333333333333333,1.0,201.66666666666666,68.66666666666667,0.0,DE
2021-01-01,DISTRICT OF COLUMBIA,365.0,252.0,105.0,7.0,1.0,0.0,0.0,153.0,68.0,44.0,0.0,35.0,175.0,155.0,0.0,DC
2021-01-01,FLORIDA,361.92105263157896,324.7368421052632,37.05263157894737,0.13157894736842105,0.0,0.0,0.0,84.10526315789474,49.94736842105263,36.28947368421053,0.05263157894736842,1.105263157894737,221.81578947368422,129.42105263157896,9.526315789473685,FL
2021-01-01,GEORGIA,295.9655172413793,238.0,56.6551724137931,1.2758620689655173,0.034482758620689655,0.0,0.0,100.34482758620689,55.44827586206897,36.41379310344828,0.0,1.6551724137931034,123.58620689655173,170.68965517241378,0.034482758620689655,GA
2021-01-01,HAWAII,363.75,361.5,2.25,0.0,0.0,0.0,0.0,51.25,29.75,18.25,0.25,13.25,77.25,270.5,2.5,HI
2021-01-01,IDAHO,344.7894736842105,268.7368421052632,65.57894736842105,7.578947368421052,2.8947368421052633,0.0,0.0,153.52631578947367,63.26315789473684,29.31578947368421,0.0,0.6842105263157895,51.0,283.36842105263156,9.736842105263158,ID
2021-01-01,ILLINOIS,343.17391304347825,255.2608695652174,85.34782608695652,2.4782608695652173,0.08695652173913043,0.0,0.0,111.65217391304348,60.95652173913044,41.30434782608695,0.0,7.173913043478261,187.65217391304347,146.7826086956522,1.565217391304348,IL
2021-01-01,INDIANA,340.6060606060606,275.4848484848485,64.0909090909091,1.0,0.030303030303030304,0.0,0.0,101.66666666666667,56.878787878787875,37.121212121212125,0.0,0.6666666666666666,221.84848484848484,117.36363636363636,0.7272727272727273,IN
2021-01-01,IOWA,286.0,217.875,67.0625,0.875,0.1875,0.0,0.0,106.3125,57.0625,37.25,0.0,0.8125,94.25,177.75,13.1875,IA
2021-01-01,KANSAS,329.3636363636364,260.45454545454544,65.81818181818181,2.8181818181818183,0.09090909090909091,0.09090909090909091,0.09090909090909091,152.54545454545453,54.27272727272727,34.81818181818182,0.0,1.2727272727272727,151.27272727272728,107.72727272727273,69.0909090909091,KS
2021-01-01,KENTUCKY,320.61538461538464,269.9230769230769,49.88461538461539,0.7692307692307693,0.038461538461538464,0.0,0.0,99.38461538461539,54.61538461538461,37.88461538461539,0.11538461538461539,1.7307692307692308,205.0,113.65384615384616,0.11538461538461539,KY
2021-01-01,LOUISIANA,323.09090909090907,282.90909090909093,39.45454545454545,0.5909090909090909,0.13636363636363635,0.0,0.0,99.0909090909091,50.59090909090909,34.54545454545455,0.09090909090909091,5.863636363636363,201.95454545454547,114.04545454545455,1.1363636363636365,LA
2021-01-01,MAINE,322.4,300.9,20.0,1.4,0.1,0.0,0.0,120.6,47.1,33.4,0.1,1.0,250.4,68.4,2.5,ME
2021-01-01,MARYLAND,324.75,272.25,50.0625,2.4375,0.0,0.0,0.0,110.625,57.8125,38.8125,0.0,17.6875,224.375,81.3125,1.375,MD
2021-01-01,MASSACHUSETTS,362.46153846153845,315.46153846153845,45.30769230769231,1.6153846153846154,0.07692307692307693,0.0,0.0,121.6923076923077,52.07692307692308,36.15384615384615,0.0,6.230769230769231,242.30769230769232,113.76923076923077,0.15384615384615385,MA
2021-01-01,MICHIGAN,302.81481481481484,236.40740740740742,64.22222222222223,2.185185185185185,0.0,0.0,0.0,107.18518518518519,57.888888888888886,36.851851851851855,0.0,0.8148148148148148,196.4814814814815,103.18518518518519,2.3333333333333335,MI
2021-01-01,MINNESOTA,324.57142857142856,267.95238095238096,52.19047619047619,2.761904761904762,1.4761904761904763,0.19047619047619047,0.0,157.85714285714286,56.904761904761905,33.04761904761905,0.0,4.428571428571429,143.14285714285714,170.8095238095238,6.190476190476191,MN
2021-01-01,MISSISSIPPI,337.6,285.5,52.0,0.1,0.0,0.0,0.0,85.0,51.8,36.8,0.0,0.0,169.2,168.4,0.0,MS
2021-01-01,MISSOURI,286.85714285714283,241.33333333333334,44.0,1.4285714285714286,0.09523809523809523,0.0,0.0,104.23809523809524,52.80952380952381,36.57142857142857,0.0,3.238095238095238,184.0,78.80952380952381,20.80952380952381,MO
2021-01-01,MONTANA,290.5263157894737,222.42105263157896,56.31578947368421,9.157894736842104,2.6315789473684212,0.0,0.0,131.0,60.78947368421053,29.63157894736842,0.10526315789473684,0.3684210526315789,101.73684210526316,177.1578947368421,11.157894736842104,MT
2021-01-01,NEBRASKA,271.6,235.9,34.1,1.6,0.0,0.0,0.0,103.2,49.2,28.5,0.0,0.0,80.6,153.8,37.2,NE
2021-01-01,NEVADA,353.77777777777777,256.44444444444446,80.55555555555556,9.222222222222221,6.111111111111111,1.4444444444444444,0.0,180.77777777777777,73.66666666666667,37.44444444444444,0.0,1.2222222222222223,198.88888888888889,69.66666666666667,84.0,NV
2021-01-01,NEW HAMPSHIRE,342.2857142857143,311.0,29.571428571428573,1.7142857142857142,0.0,0.0,0.0,124.0,49.0,35.42857142857143,0.0,0.0,265.7142857142857,76.42857142857143,0.14285714285714285,NH
2021-01-01,NEW JERSEY,345.9375,283.375,59.75,2.75,0.0625,0.0,0.0,119.625,56.75,38.3125,0.0,25.25,208.125,112.5,0.0625,NJ
2021-01-01,NEW MEXICO,260.9375,185.3125,69.3125,5.3125,0.75,0.0625,0.1875,161.3125,53.625,32.8125,0.0,0.875,177.25,44.5625,38.25,NM
2021-01-01,NEW YORK,360.1111111111111,319.22222222222223,38.55555555555556,2.111111111111111,0.2222222222222222,0.0,0.0,121.88888888888889,51.81481481481482,34.592592592592595,0.0,3.8518518518518516,255.77777777777777,100.48148148148148,0.0,NY
2021-01-01,NORTH CAROLINA,306.0833333333333,261.80555555555554,44.02777777777778,0.25,0.0,0.0,0.0,90.66666666666667,53.0,36.888888888888886,0.0,0.5,193.47222222222223,108.44444444444444,3.6666666666666665,NC
2021-01-01,NORTH DAKOTA,363.1111111111111,294.3333333333333,57.22222222222222,7.555555555555555,4.0,0.0,0.0,171.66666666666666,66.55555555555556,35.77777777777778,0.0,1.7777777777777777,255.11111111111111,104.11111111111111,2.111111111111111,ND
2021-01-01,OHIO,306.3333333333333,242.07692307692307,63.1025641025641,1.1282051282051282,0.02564102564102564,0.0,0.0,98.82051282051282,56.87179487179487,37.15384615384615,4.487179487179487,7.17948717948718,174.74358974358975,111.0,8.923076923076923,OH
2021-01-01,OKLAHOMA,318.15,238.75,75.55,3.55,0.3,0.0,0.0,122.65,60.4,40.15,0.0,1.2,192.9,123.1,0.95,OK
2021-01-01,OREGON,361.2173913043478,299.4782608695652,51.26086956521739,4.869565217391305,5.173913043478261,0.391304347826087,0.043478260869565216,162.30434782608697,61.04347826086956,27.73913043478261,0.0,0.5217391304347826,51.47826086956522,308.7391304347826,0.4782608695652174,OR
2021-01-01,PENNSYLVANIA,343.2,269.725,71.25,2.1,0.125,0.0,0.0,120.525,59.475,38.325,0.175,3.1,178.85,159.8,1.275,PA
2021-01-01,RHODE ISLAND,360.3333333333333,312.3333333333333,45.0,3.0,0.0,0.0,0.0,139.66666666666666,52.0,34.666666666666664,0.0,4.666666666666667,192.66666666666666,163.0,0.0,RI
2021-01-01,SOUTH CAROLINA,325.57142857142856,273.64285714285717,51.642857142857146,0.2857142857142857,0.0,0.0,0.0,91.35714285714286,54.42857142857143,37.214285714285715,0.0,0.42857142857142855,197.42857142857142,126.57142857142857,1.1428571428571428,SC
2021-01-01,SOUTH DAKOTA,351.5,288.8,58.0,2.9,1.4,0.4,0.0,194.1,58.6,32.7,0.0,3.8,181.6,112.0,54.1,SD
2021-01-01,TENNESSEE,338.30434782608694,284.5652173913044,52.78260869565217,0.9565217391304348,0.0,0.0,0.0,101.95652173913044,54.869565217391305,35.130434782608695,0.0,1.1304347826086956,150.3913043478261,186.7826086956522,0.0,TN
2021-01-01,TEXAS,357.02222222222224,287.4888888888889,65.95555555555555,3.2,0.35555555555555557,0.022222222222222223,0.0,112.42222222222222,57.37777777777778,36.333333333333336,0.044444444444444446,18.8,200.62222222222223,136.64444444444445,0.9111111111111111,TX
2021-01-01,UTAH,343.4,234.6,97.06666666666666,10.533333333333333,1.2,0.0,0.0,139.13333333333333,73.0,42.2,0.13333333333333333,7.2,287.4,45.53333333333333,3.1333333333333333,UT
2021-01-01,VERMONT,286.5,254.75,31.0,0.75,0.0,0.0,0.0,99.0,43.5,28.25,0.0,0.25,186.25,100.0,0.0,VT
2021-01-01,VIRGINIA,275.71875,248.65625,26.5625,0.5,0.0,0.0,0.0,86.125,44.78125,30.78125,0.375,31.0625,172.15625,68.09375,4.03125,VA
2021-01-01,WASHINGTON,346.0,305.38709677419354,34.87096774193548,2.5483870967741935,2.838709677419355,0.3225806451612903,0.03225806451612903,140.67741935483872,48.645161290322584,25.548387096774192,0.0,1.5806451612903225,54.12903225806452,279.16129032258067,11.129032258064516,WA
2021-01-01,WEST VIRGINIA,285.35714285714283,246.5,38.785714285714285,0.07142857142857142,0.0,0.0,0.0,83.42857142857143,53.214285714285715,34.357142857142854,0.0,0.0,174.0,87.85714285714286,23.5,WV
2021-01-01,WISCONSIN,296.0689655172414,233.10344827586206,60.206896551724135,2.586206896551724,0.1724137931034483,0.0,0.0,117.65517241379311,61.310344827586206,37.96551724137931,0.0,0.2413793103448276,176.20689655172413,119.17241379310344,0.4482758620689655,WI
2021-01-01,WYOMING,349.77777777777777,274.8333333333333,68.44444444444444,5.944444444444445,0.2222222222222222,0.05555555555555555,0.2777777777777778,158.55555555555554,64.55555555555556,35.22222222222222,0.1111111111111111,20.27777777777778,237.77777777777777,18.88888888888889,72.72222222222223,WY
2022-01-01,ALABAMA,46.1,40.0,6.1,0.0,0.0,0.0,0.0,69.7,52.1,29.7,0.0,0.0,5.1,41.0,0.0,AL
2022-01-01,ALASKA,90.0,90.0,0.0,0.0,0.0,0.0,0.0,45.0,44.0,39.0,0.0,0.0,90.0,0.0,0.0,AK
2022-01-01,ARIZONA,92.3076923076923,78.61538461538461,10.76923076923077,2.076923076923077,0.8461538461538461,0.0,0.0,90.6923076923077,56.76923076923077,37.61538461538461,0.0,0.6153846153846154,56.23076923076923,7.3076923076923075,28.153846153846153,AZ
2022-01-01,ARKANSAS,84.33333333333333,78.5,5.0,0.8333333333333334,0.0,0.0,0.0,95.66666666666667,47.333333333333336,36.666666666666664,0.16666666666666666,0.0,79.5,4.666666666666667,0.0,AR
2022-01-01,CALIFORNIA,75.05128205128206,53.61538461538461,19.333333333333332,1.5897435897435896,0.20512820512820512,0.1282051282051282,0.1794871794871795,112.0,63.76923076923077,44.35897435897436,0.28205128205128205,0.5384615384615384,37.30769230769231,30.666666666666668,6.256410256410256,CA
2022-01-01,COLORADO,90.91304347826087,77.78260869565217,13.08695652173913,0.043478260869565216,0.0,0.0,0.0,72.43478260869566,46.08695652173913,34.82608695652174,0.2608695652173913,4.565217391304348,64.3913043478261,8.91304347826087,12.782608695652174,CO
2022-01-01,CONNECTICUT,56.0,56.0,0.0,0.0,0.0,0.0,0.0,44.0,40.0,34.0,0.0,0.0,56.0,0.0,0.0,CT
2022-01-01,FLORIDA,83.6,72.85,10.75,0.0,0.0,0.0,0.0,77.4,51.5,38.15,0.05,0.0,53.55,25.5,4.5,FL
2022-01-01,GEORGIA,70.28571428571429,53.0,16.892857142857142,0.35714285714285715,0.03571428571428571,0.0,0.0,85.64285714285714,59.67857142857143,39.285714285714285,2.2142857142857144,0.7857142857142857,18.357142857142858,48.92857142857143,0.0,GA
2022-01-01,HAWAII,85.0,85.0,0.0,0.0,0.0,0.0,0.0,38.0,28.0,9.0,0.0,0.0,0.0,85.0,0.0,HI
2022-01-01,IDAHO,80.5,77.5,3.0,0.0,0.0,0.0,0.0,57.75,37.75,25.75,0.0,0.0,28.25,37.0,15.25,ID
2022-01-01,ILLINOIS,78.31818181818181,64.04545454545455,14.272727272727273,0.0,0.0,0.0,0.0,71.72727272727273,54.0,36.68181818181818,0.045454545454545456,3.5454545454545454,25.90909090909091,48.36363636363637,0.45454545454545453,IL
2022-01-01,INDIANA,32.1875,27.4375,4.75,0.0,0.0,0.0,0.0,71.0625,52.625,34.1875,0.0,0.0,7.375,24.5625,0.25,IN
2022-01-01,IOWA,93.1875,80.8125,12.25,0.125,0.0,0.0,0.0,68.0625,49.625,32.5,0.0625,0.75,28.75,60.1875,3.4375,IA
2022-01-01,KANSAS,333.0909090909091,283.3636363636364,48.527272727272724,1.0545454545454547,0.10909090909090909,0.01818181818181818,0.01818181818181818,112.27272727272728,50.58181818181818,32.72727272727273,0.03636363636363636,2.1090909090909093,182.14545454545453,83.12727272727273,65.67272727272727,KS
2022-01-01,KENTUCKY,36.111111111111114,35.44444444444444,0.6666666666666666,0.0,0.0,0.0,0.0,43.111111111111114,36.888888888888886,25.333333333333332,0.3333333333333333,0.0,29.11111111111111,3.3333333333333335,3.3333333333333335,KY
2022-01-01,LOUISIANA,118.15789473684211,99.52631578947368,18.526315789473685,0.10526315789473684,0.0,0.0,0.0,87.63157894736842,55.21052631578947,39.78947368421053,0.3157894736842105,3.5789473684210527,92.63157894736842,21.157894736842106,0.47368421052631576,LA
2022-01-01,MAINE,100.18181818181819,95.9090909090909,4.2727272727272725,0.0,0.0,0.0,0.0,61.63636363636363,46.72727272727273,38.09090909090909,0.09090909090909091,0.5454545454545454,78.63636363636364,20.636363636363637,0.2727272727272727,ME
2022-01-01,MARYLAND,67.75,61.5625,6.1875,0.0,0.0,0.0,0.0,60.9375,48.8125,38.4375,0.25,3.9375,42.5,20.5,0.5625,MD
2022-01-01,MASSACHUSETTS,58.69230769230769,49.07692307692308,9.615384615384615,0.0,0.0,0.0,0.0,62.76923076923077,53.84615384615385,38.30769230769231,0.15384615384615385,2.8461538461538463,31.923076923076923,23.76923076923077,0.0,MA
2022-01-01,MICHIGAN,58.0,58.0,0.0,0.0,0.0,0.0,0.0,44.333333333333336,39.333333333333336,33.666666666666664,0.0,0.0,58.0,0.0,0.0,MI
2022-01-01,MINNESOTA,90.0,90.0,0.0,0.0,0.0,0.0,0.0,47.0,41.0,34.0,0.0,0.0,90.0,0.0,0.0,MN
2022-01-01,MISSISSIPPI,74.7,60.8,13.5,0.4,0.0,0.0,0.0,92.7,55.1,40.3,0.1,0.1,26.3,48.2,0.0,MS
2022-01-01,MISSOURI,64.15789473684211,55.1578947368421,8.947368421052632,0.05263157894736842,0.0,0.0,0.0,73.73684210526316,52.526315789473685,36.78947368421053,0.10526315789473684,1.5789473684210527,28.526315789473685,26.36842105263158,7.578947368421052,MO
2022-01-01,MONTANA,39.0,31.733333333333334,7.0,0.26666666666666666,0.0,0.0,0.0,67.26666666666667,52.8,36.266666666666666,0.2,1.4,15.2,21.466666666666665,0.7333333333333333,MT
2022-01-01,NEBRASKA,93.33333333333333,90.66666666666667,2.6666666666666665,0.0,0.0,0.0,0.0,56.666666666666664,38.111111111111114,21.444444444444443,0.1111111111111111,0.0,14.666666666666666,61.333333333333336,17.22222222222222,NE
2022-01-01,NEVADA,78.66666666666667,55.666666666666664,22.333333333333332,0.6666666666666666,0.0,0.0,0.0,87.66666666666667,63.0,49.0,0.6666666666666666,1.6666666666666667,50.666666666666664,22.333333333333332,3.3333333333333335,NV
2022-01-01,NEW HAMPSHIRE,58.0,58.0,0.0,0.0,0.0,0.0,0.0,42.0,37.0,34.0,0.0,0.0,58.0,0.0,0.0,NH
2022-01-01,NEW JERSEY,58.0,58.0,0.0,0.0,0.0,0.0,0.0,43.0,37.0,33.0,0.0,0.0,58.0,0.0,0.0,NJ
2022-01-01,NEW MEXICO,89.375,75.875,11.75,1.125,0.125,0.125,0.375,229.125,50.75,29.125,0.125,1.25,21.875,39.875,26.25,NM
2022-01-01,NEW YORK,115.37037037037037,105.96296296296296,9.407407407407407,0.0,0.0,0.0,0.0,66.85185185185185,48.148148148148145,36.55555555555556,0.25925925925925924,1.8518518518518519,76.66666666666667,36.592592592592595,0.0,NY
2022-01-01,NORTH CAROLINA,75.77777777777777,70.33333333333333,5.333333333333333,0.1111111111111111,0.0,0.0,0.0,68.55555555555556,41.111111111111114,32.44444444444444,0.2222222222222222,19.0,44.888888888888886,11.666666666666666,0.0,NC
2022-01-01,NORTH DAKOTA,91.22222222222223,89.55555555555556,1.6666666666666667,0.0,0.0,0.0,0.0,55.22222222222222,39.888888888888886,33.333333333333336,0.1111111111111111,1.0,76.66666666666667,13.333333333333334,0.1111111111111111,ND
2022-01-01,OHIO,66.82051282051282,54.717948717948715,12.076923076923077,0.02564102564102564,0.0,0.0,0.0,71.41025641025641,51.17948717948718,36.05128205128205,0.10256410256410256,2.1025641025641026,28.307692307692307,34.07692307692308,2.230769230769231,OH
2022-01-01,OKLAHOMA,66.44444444444444,54.666666666666664,10.944444444444445,0.8333333333333334,0.0,0.0,0.0,105.5,60.166666666666664,38.0,0.1111111111111111,1.3888888888888888,28.72222222222222,35.94444444444444,0.2777777777777778,OK
2022-01-01,OREGON,89.6923076923077,74.53846153846153,14.923076923076923,0.23076923076923078,0.0,0.0,0.0,75.92307692307692,51.92307692307692,27.153846153846153,0.0,0.0,0.0,89.6923076923077,0.0,OR
2022-01-01,PENNSYLVANIA,64.0,57.666666666666664,6.166666666666667,0.16666666666666666,0.0,0.0,0.0,58.833333333333336,46.5,36.166666666666664,0.16666666666666666,0.0,54.166666666666664,9.666666666666666,0.0,PA
2022-01-01,RHODE ISLAND,83.0,77.66666666666667,5.333333333333333,0.0,0.0,0.0,0.0,59.333333333333336,48.666666666666664,26.666666666666668,0.3333333333333333,0.6666666666666666,29.333333333333332,52.333333333333336,0.3333333333333333,RI
2022-01-01,SOUTH CAROLINA,77.28571428571429,67.85714285714286,9.428571428571429,0.0,0.0,0.0,0.0,72.07142857142857,51.0,37.92857142857143,0.07142857142857142,0.42857142857142855,36.285714285714285,40.42857142857143,0.07142857142857142,SC
2022-01-01,SOUTH DAKOTA,346.66,304.32,40.64,1.28,0.31999999999999995,0.08,0.02,124.38,51.17999999999999,32.14,0.0,3.8600000000000003,189.64000000000001,111.71999999999998,41.44,SD
2022-01-01,TENNESSEE,82.28571428571429,68.0,14.285714285714286,0.0,0.0,0.0,0.0,81.42857142857143,51.857142857142854,39.42857142857143,0.5714285714285714,0.14285714285714285,53.857142857142854,27.714285714285715,0.0,TN
2022-01-01,TEXAS,42.11363636363637,37.88636363636363,4.181818181818182,0.022727272727272728,0.022727272727272728,0.0,0.0,62.18181818181818,46.15909090909091,32.75,0.13636363636363635,2.4545454545454546,22.136363636363637,17.25,0.13636363636363635,TX
2022-01-01,UTAH,113.92857142857143,97.28571428571429,15.857142857142858,0.7142857142857143,0.07142857142857142,0.0,0.0,97.07142857142857,56.5,41.57142857142857,0.21428571428571427,4.714285714285714,90.64285714285714,17.5,0.8571428571428571,UT
2022-01-01,VERMONT,299.0,271.85,26.9,0.25,0.0,0.0,0.0,81.55,43.15,29.1,0.15,0.6,201.3,96.85,0.1,VT
2022-01-01,VIRGINIA,60.96875,57.46875,3.5,0.0,0.0,0.0,0.0,51.96875,41.34375,30.15625,0.21875,10.25,29.6875,18.78125,2.03125,VA
2022-01-01,WASHINGTON,30.2,23.366666666666667,6.633333333333334,0.16666666666666666,0.03333333333333333,0.0,0.0,65.7,52.233333333333334,33.166666666666664,0.03333333333333333,0.06666666666666667,2.5,27.266666666666666,0.3333333333333333,WA
2022-01-01,WEST VIRGINIA,41.75,40.0,1.75,0.0,0.0,0.0,0.0,61.0,44.625,37.5,0.125,0.0,36.0,5.625,0.0,WV
2022-01-01,WISCONSIN,31.4375,27.25,4.1875,0.0,0.0,0.0,0.0,70.3125,50.75,36.0,0.125,0.0625,7.5,23.3125,0.4375,WI
2022-01-01,WYOMING,83.5,81.7,1.7,0.1,0.0,0.0,0.0,54.6,41.1,32.3,0.2,0.1,48.0,33.5,1.7,WY
