year,period,state,colonies_inventory,colonies_inventory_max,colonies_added_replaced,colonies_renovated,colonies_loss_deadout,colonies_loss_ccd,colonies_renovated_pct,colonies_loss_deadout_pct,colonies_disease_pct,colonies_varroa_mites_pct,colonies_other_causes_pct,colonies_pesticides_pct,colonies_other_pests_pct,colonies_unknown_causes_pct
2022,Q2,ALABAMA,12000,12000,4600,1900,1300,270,16,11,1,36,17.9,6.9,14.3,3.7
2022,Q2,ARIZONA,31000,32000,17500,2800,3100,820,9,10,1.3,8.4,4.8,0,0,0
2022,Q2,ARKANSAS,19000,22000,5000,1100,2800,380,5,13,2,22.2,6.5,11.2,14.4,3.8
2022,Q2,CALIFORNIA,980000,1030000,154000,121000,82000,6000,12,8,4.8,41.1,19.8,6.7,16,3.7
2022,Q2,COLORADO,8000,19500,7500,2300,1400,60,12,7,0.6,27,16.6,0,0,0
2022,Q2,CONNECTICUT,4100,4100,130,30,30,0,1,1,0,1.9,1.1,0,0,0
2022,Q2,FLORIDA,290000,300000,40000,39000,34000,5500,13,11,5.9,28.4,12.7,8.5,15.8,6.5
2022,Q2,GEORGIA,132000,134000,27000,47000,25000,4900,35,19,1.4,35,8.1,5.9,8.8,5.6
2022,Q2,HAWAII,22000,22000,2200,2100,420,130,10,2,4.6,63.1,0.5,0,61.2,0
2022,Q2,IDAHO,103000,111000,35000,8500,14500,2800,8,13,5.6,32.6,9.5,13.7,13.1,3.5
2022,Q2,ILLINOIS,9000,9500,4300,2100,1100,110,22,12,3.2,18.3,7.3,1.6,7.4,10.6
2022,Q2,INDIANA,8000,10000,5500,620,1600,0,6,16,0.5,25.9,6.7,3.9,4.6,4.3
2022,Q2,IOWA,27000,28000,5000,2400,2300,100,9,8,1.6,49.3,4.6,0.9,1.1,8.2
2022,Q2,KANSAS,4600,4900,6000,580,650,400,12,13,1.7,41.6,23,16.1,1,1.9
2022,Q2,KENTUCKY,6500,10500,3600,460,610,80,4,6,10.7,39.9,2.5,2.4,15.1,12.9
2022,Q2,LOUISIANA,43000,43000,8500,11500,1900,960,27,4,4.6,30.6,2.3,4.6,9.5,2.4
2022,Q2,MAINE,7000,19000,1300,300,890,100,2,5,0,0,0,0,0,0
2022,Q2,MARYLAND,7500,8500,1600,1100,390,150,13,5,2.4,15,14.7,0.8,7.9,1.7
2022,Q2,MASSACHUSETTS,5500,14000,1200,910,290,40,7,2,0.9,3.7,0.6,0,0.9,0
2022,Q2,MICHIGAN,74000,90000,13000,3500,3200,3000,4,4,3,10.4,2.7,6.9,0,0
2022,Q2,MINNESOTA,102000,110000,6000,2000,1500,410,2,1,0,4.9,2.6,0,0.7,0
2022,Q2,MISSISSIPPI,46000,47000,16000,7000,4000,570,15,9,0,25.4,15.2,0.7,15.3,8.9
2022,Q2,MISSOURI,10500,10500,6000,4800,1500,110,46,14,0.9,11.5,2.8,0.5,3.1,1.2
2022,Q2,MONTANA,38000,102000,5500,8000,970,4300,8,1,0,9.2,8.8,1.8,0,0
2022,Q2,NEBRASKA,19000,45000,8000,5000,2400,10,11,5,0.8,26.6,0.6,0,22.1,0
2022,Q2,NEW JERSEY,16000,19000,2600,70,140,0,0,1,0.7,7,0,0.6,0.8,0
2022,Q2,NEW MEXICO,7000,7000,4200,2200,1600,340,31,23,8.6,52,1.5,0.9,8.6,0.7
2022,Q2,NEW YORK,35000,53000,6000,4400,2000,470,8,4,0.8,23.2,1.7,0,3.4,1
2022,Q2,NORTH CAROLINA,25000,30000,7500,3300,1200,50,11,4,3.5,23.9,0,0,2.8,1
2022,Q2,NORTH DAKOTA,90000,455000,12000,9000,16500,7000,2,4,0.9,38.7,9.7,4.7,22.4,0.5
2022,Q2,OHIO,14500,14500,4300,1200,400,140,8,3,5.1,51.2,2.3,3.3,5.6,2.1
2022,Q2,OKLAHOMA,12500,20000,10500,2100,1100,30,11,6,0,8.4,7.8,1.4,2.6,0.7
2022,Q2,OREGON,94000,96000,12500,19500,4200,2800,20,4,9.5,49.3,17.5,16.1,23.2,0
2022,Q2,OTHER STATES,4390,4690,900,400,120,,9,3,4.5,7.9,3,2.1,3.8,4.1
2022,Q2,PENNSYLVANIA,23000,24000,7000,2300,730,590,10,3,0.6,19,1.1,0,3.3,2.1
2022,Q2,SOUTH CAROLINA,22000,23000,3500,3200,2500,100,14,11,0,29.9,1.2,12.8,13.2,0.9
2022,Q2,SOUTH DAKOTA,13500,184000,2100,19000,4100,150,10,2,0,44.5,12.9,2.5,29.3,1.2
2022,Q2,TENNESSEE,9500,11500,9000,1200,4400,220,10,38,1,30.9,14.4,0,23.7,1.7
2022,Q2,TEXAS,345000,415000,83000,114000,41000,3000,27,10,0,39.2,5.2,0.7,30,0.9
2022,Q2,UTAH,23000,29000,8500,5000,4300,2200,17,15,6.9,40.1,13.8,7.9,0.8,8.3
2022,Q2,VERMONT,7500,8500,3300,160,150,280,2,2,0,21.2,1.3,0.7,1.5,0
2022,Q2,VIRGINIA,9000,10500,2900,680,580,100,6,6,0.9,30.8,18.1,0.6,21.7,1.7
2022,Q2,WASHINGTON,97000,109000,12500,23000,6000,2000,21,6,4.3,50.8,14.2,3.4,7.3,1.6
2022,Q2,WEST VIRGINIA,5000,7500,2400,2600,260,120,35,3,3.6,13.1,1,0,7.4,0.9
2022,Q2,WISCONSIN,52000,62000,6000,1300,1600,130,2,3,4.9,27,9.6,11.8,14.6,6
2022,Q2,WYOMING,8000,23000,4500,1800,1900,580,8,8,5.1,5.6,3,0,2.5,1
2022,Q1,ALABAMA,8000,11500,1600,520,1100,70,5,10,0,36.9,10.8,3.7,17,5.3
2022,Q1,ARIZONA,25000,28000,4700,10,2300,1300,0,8,3,14.8,0,0,0,0.5
2022,Q1,ARKANSAS,18500,21000,780,20,2600,540,0,12,0,39.8,1.3,13.1,28.1,8.9
2022,Q1,CALIFORNIA,1020000,1330000,139000,95000,163000,14000,7,12,3.3,29.7,3.9,5.3,7.2,4.2
2022,Q1,COLORADO,3800,8500,0,10,540,120,0,6,3.8,4,3.4,0.6,0,2.6
2022,Q1,CONNECTICUT,4000,4000,500,170,420,70,4,11,1.4,10.2,3.5,0,2.3,1.2
2022,Q1,FLORIDA,295000,295000,50000,13500,24000,3700,5,8,3.7,39,6.4,9.8,13.1,8.2
2022,Q1,GEORGIA,118000,119000,26000,18000,14000,7000,15,12,0.6,41.2,5.9,5.1,17.4,3
2022,Q1,HAWAII,21000,21000,2600,1000,1600,0,5,8,0,76.1,3,0,76,0
2022,Q1,IDAHO,194000,215000,7500,1000,8000,4700,0,4,0,57,1.4,15.5,1.1,1.3
2022,Q1,ILLINOIS,11500,11500,900,140,2200,390,1,19,2,20.1,5.4,4.3,6.9,10.6
2022,Q1,INDIANA,11000,11000,130,30,2900,200,0,26,1.7,28.5,9.7,3.6,11.5,5.9
2022,Q1,IOWA,26000,29000,610,30,2800,500,0,10,0.7,29.7,1.6,0.9,13,5.1
2022,Q1,KANSAS,5000,5000,140,60,520,110,1,10,3.7,37.8,4.2,1.7,21.8,5.1
2022,Q1,KENTUCKY,8500,9500,50,160,1300,280,2,14,3,15.6,5.6,2.8,3.9,11
2022,Q1,LOUISIANA,35000,42000,7000,2200,6000,770,5,14,0,61.1,0.6,0,48.1,7.6
2022,Q1,MAINE,3100,7000,300,120,340,170,2,5,0,7.3,7,0,1.2,1.2
2022,Q1,MARYLAND,6500,7500,1800,1000,1900,130,13,25,0.6,13.7,12.1,2.3,7.4,13.6
2022,Q1,MASSACHUSETTS,6000,6000,350,510,950,40,9,16,0.7,13.4,1.6,0,2.9,2.7
2022,Q1,MICHIGAN,66000,77000,1400,2500,4500,2900,3,6,1.9,6.1,4.2,1.4,1.9,0
2022,Q1,MINNESOTA,95000,98000,6000,80,1500,5500,0,2,0,1.1,0,0,0,1
2022,Q1,MISSISSIPPI,20000,38000,12000,2100,3300,610,6,9,6.5,39.7,1.8,2,13.2,9.4
2022,Q1,MISSOURI,7000,11000,310,570,730,160,5,7,0,11.1,5.3,0.5,8.6,5.2
2022,Q1,MONTANA,45000,54000,30,0,300,20,0,1,0,0.5,0,0,0,0
2022,Q1,NEBRASKA,24000,30000,30,0,840,760,0,3,0.7,3.2,0,0,0,2.3
2022,Q1,NEW JERSEY,15000,15000,1500,30,550,40,0,4,0,13.3,0.6,0,3.9,1.8
2022,Q1,NEW MEXICO,5500,8000,1000,0,1900,1200,0,24,0,48.7,0.5,0,0,0
2022,Q1,NEW YORK,44000,44000,370,730,5500,910,2,13,0,16.6,7.7,3.1,4.1,6.6
2022,Q1,NORTH CAROLINA,20000,24000,3100,520,2300,130,2,10,0,23.4,2.4,0,7.6,1
2022,Q1,NORTH DAKOTA,75000,89000,300,0,120,9500,0,0,0,33.1,0,0,0,0
2022,Q1,OHIO,16000,16000,30,530,1800,980,3,11,0.7,18,2.2,1.7,4.8,7.2
2022,Q1,OKLAHOMA,20000,20000,50,3500,3000,20,18,15,0,18.8,0,0,0,0
2022,Q1,OREGON,92000,95000,2400,310,5000,6500,0,5,0,11.4,0,1.4,0,1.1
2022,Q1,OTHER STATES,6870,7230,320,60,710,,1,10,4.3,11.6,2.1,1,2.4,0.8
2022,Q1,PENNSYLVANIA,23000,25000,470,360,2800,840,1,11,0,14.6,3.1,0.6,3.9,3
2022,Q1,SOUTH CAROLINA,17000,20000,4500,830,2500,200,4,13,0,38,4.5,0,3.8,3.1
2022,Q1,SOUTH DAKOTA,21000,28000,40,0,1000,490,0,4,0,4.2,1.8,0,3.4,0
2022,Q1,TENNESSEE,10500,10500,1300,200,2300,590,2,22,1,12.9,3.3,0,5.1,3
2022,Q1,TEXAS,270000,400000,80000,34000,37000,10500,9,9,0.6,21.2,6,3.6,2.1,1.5
2022,Q1,UTAH,28000,32000,4600,740,4100,1700,2,13,3,3.2,0,0,1.5,0.5
2022,Q1,VERMONT,7000,8000,0,0,380,20,0,5,1.3,15.2,2.7,4,1.9,0.5
2022,Q1,VIRGINIA,7500,10000,940,200,1700,660,2,17,2.5,25.7,12,0,13.9,7.8
2022,Q1,WASHINGTON,70000,102000,1400,6000,7500,3400,6,7,3.6,8.3,2.6,0,4,0
2022,Q1,WEST VIRGINIA,5500,5500,420,200,1000,370,4,18,1.7,15.8,6,1.2,7.4,0.9
2022,Q1,WISCONSIN,39000,53000,1400,240,2800,3200,0,5,0,7.9,2,6.5,0,0.5
2022,Q1,WYOMING,6000,8000,20,0,180,760,0,2,0,1.3,1.2,0,0,0.8
2021,Q4,ALABAMA,9000,9000,360,10,1100,160,0,12,3.5,60.8,2.5,6.8,44.7,1.4
2021,Q4,ARIZONA,23000,23000,7500,,5500,380,0,24,0,67.2,1.8,3.3,35.2,0.9
2021,Q4,ARKANSAS,18000,18000,920,100,480,250,1,3,0,35.7,0.6,25.6,28.2,0.7
2021,Q4,CALIFORNIA,640000,1210000,15000,29000,50000,10000,2,4,3.7,14.6,2.8,1.9,4.8,2
2021,Q4,COLORADO,12000,13000,200,,1600,1300,0,12,0,4.6,2.6,0,0,3.7
2021,Q4,CONNECTICUT,4000,4000,140,130,180,90,3,5,0.6,20.6,0.6,0.6,0.6,2.8
2021,Q4,FLORIDA,255000,310000,20000,11000,38000,10500,4,12,5.9,28.9,8.8,9.1,19,13.6
2021,Q4,GEORGIA,131000,132000,12500,12000,24000,7500,9,18,0.5,41,5.7,7.8,24.7,7.2
2021,Q4,HAWAII,20000,20000,1100,530,100,0,3,1,19.7,66.1,0,0,64.2,0
2021,Q4,IDAHO,141000,230000,250,4300,22000,10500,2,10,4.9,58.1,4,12,8,11.2
2021,Q4,ILLINOIS,12500,12500,180,810,1300,340,6,10,2.4,31.9,2.3,1.4,9.1,7.2
2021,Q4,INDIANA,14500,14500,130,2400,1700,180,17,12,11.3,43.6,1.5,21.3,19.6,1.9
2021,Q4,IOWA,51000,51000,170,90,4000,2100,0,8,0.9,17.9,1,17,1.2,1.7
2021,Q4,KANSAS,8000,8000,140,50,2100,200,1,26,1.5,30.5,14.6,15.5,20.1,13.9
2021,Q4,KENTUCKY,10500,10500,120,460,880,160,4,8,2.3,54.1,13.2,0,39,12
2021,Q4,LOUISIANA,30000,36000,1400,1300,2800,450,4,8,0,28.2,0,0,5.4,5.3
2021,Q4,MAINE,5500,5500,70,160,700,30,3,13,0,29.3,15.2,0,18.1,2
2021,Q4,MARYLAND,5500,6000,1200,,720,120,0,12,0,21.2,3.1,0,12.2,0.7
2021,Q4,MASSACHUSETTS,10500,10500,20,50,290,20,0,3,0.5,5.4,0,0,0,0.6
2021,Q4,MICHIGAN,105000,105000,140,2200,6000,1000,2,6,0,8.7,0.9,3.1,2.2,1.5
2021,Q4,MINNESOTA,100000,100000,4900,350,10500,1900,0,11,0,8,0.6,3.4,0,1.4
2021,Q4,MISSISSIPPI,15500,23000,30,240,3000,600,1,13,0,27.8,0,5.8,8.6,8.3
2021,Q4,MISSOURI,6000,7500,190,120,590,260,2,8,0,17.3,1.3,1.1,6.3,0.8
2021,Q4,MONTANA,92000,102000,3200,8000,17000,180,8,17,3.1,27.2,4.9,0,2.9,0
2021,Q4,NEBRASKA,43000,43000,10,250,7500,2200,1,17,2.8,28,1.8,4.2,1.5,0
2021,Q4,NEW JERSEY,19500,19500,350,,430,0,0,2,0,8.6,0,0,5.9,0
2021,Q4,NEW MEXICO,5500,5500,2000,,1900,0,0,35,0,65.6,0,14.1,44.4,0.7
2021,Q4,NEW YORK,65000,66000,440,26000,21000,1900,39,32,1,48,13.6,1.3,34.5,3.5
2021,Q4,NORTH CAROLINA,21000,22000,260,360,2100,1900,2,10,0,24.1,0,0,1.4,5.1
2021,Q4,NORTH DAKOTA,485000,485000,11000,8000,27000,8500,2,6,2.8,28,7.8,0,0.9,0
2021,Q4,OHIO,13500,17000,300,460,1600,460,3,9,0,36.6,1.5,2.5,10.9,6.6
2021,Q4,OKLAHOMA,3300,21000,230,950,1400,190,5,7,0,5.6,0,0.5,3.2,0.8
2021,Q4,OREGON,103000,103000,680,29000,10500,6000,28,10,8.7,28.8,1.3,2,23.3,0
2021,Q4,OTHER STATES,8990,8990,140,110,510,,1,6,0.9,14.2,4.2,0,0,0
2021,Q4,PENNSYLVANIA,26000,26000,250,150,2400,830,1,9,3.5,30.3,7,3.4,8.2,1.1
2021,Q4,SOUTH CAROLINA,20000,21000,70,150,3200,120,1,15,0,28.1,0.8,11.3,5.5,2
2021,Q4,SOUTH DAKOTA,190000,190000,1400,120,11500,1300,0,6,0,45.8,1.7,7.4,9,1.6
2021,Q4,TENNESSEE,15500,15500,20,1200,1400,280,8,9,0.5,33.5,2.5,1.4,5.1,1
2021,Q4,TEXAS,146000,290000,2100,1700,23000,2600,1,8,1.2,19.4,4.1,9.8,8.3,5.5
2021,Q4,UTAH,37000,37000,1500,1400,3200,310,4,9,0.7,4.8,2,0.7,0.7,4.7
2021,Q4,VERMONT,7000,7000,0,50,40,20,1,1,0,16.1,0,0,0.6,0.8
2021,Q4,VIRGINIA,8500,8500,160,210,930,280,2,11,0.8,31.8,5.2,0.5,19.1,3.2
2021,Q4,WASHINGTON,79000,83000,1400,2300,6500,4500,3,8,2,42.3,7.6,2.5,2.7,0.8
2021,Q4,WEST VIRGINIA,7500,7500,10,100,560,260,1,7,0.6,13.8,1,1.9,6.3,3.1
2021,Q4,WISCONSIN,47000,47000,1100,150,5500,1600,0,12,0.5,28.4,2.5,0.7,0,0.7
2021,Q4,WYOMING,21000,22000,660,560,2400,870,3,11,9.3,14.7,2.3,0,2.3,0.6
2021,Q3,ALABAMA,9500,9500,950,280,1400,170,3,15,0.9,37.4,16.3,11,25.9,1.9
2021,Q3,ARIZONA,31000,31000,2000,2300,6500,2700,7,21,0.7,20.3,5.4,6.6,1.5,10.6
2021,Q3,ARKANSAS,20000,20000,2400,1700,1800,300,9,9,3.2,42.3,5.8,30.6,32.9,4.9
2021,Q3,CALIFORNIA,650000,680000,47000,51000,25000,10500,8,4,14.2,39.6,11,13,16.5,5
2021,Q3,COLORADO,22000,22000,1500,750,1700,350,3,8,2.9,7.8,6.4,0,0,0.8
2021,Q3,CONNECTICUT,4200,4200,140,170,120,30,4,3,0.7,16.4,2.4,3.9,0.8,5.9
2021,Q3,FLORIDA,235000,255000,34000,27000,39000,10000,11,15,7.1,43.4,11.4,14.1,20.5,8.7
2021,Q3,GEORGIA,116000,123000,28000,35000,22000,6500,28,18,4.8,63.9,13.4,12,32.2,7.6
2021,Q3,HAWAII,21000,21000,100,520,1100,0,2,5,0,29.6,0,18,19,0.9
2021,Q3,IDAHO,86000,135000,7000,3000,3500,1000,2,3,2.6,55.2,7,7,1.8,1.5
2021,Q3,ILLINOIS,14500,14500,640,1200,680,170,8,5,1.4,37.7,4.4,3.3,9.5,5.7
2021,Q3,INDIANA,16500,16500,770,1400,1700,40,8,10,5.2,39.3,1.9,17.4,23.7,2.3
2021,Q3,IOWA,37000,54000,1000,130,4500,60,0,8,2.8,7.5,0,5.9,1.6,2.2
2021,Q3,KANSAS,9000,9000,500,1300,1600,450,14,18,10.1,66.8,17.7,14.9,31.1,14.7
2021,Q3,KENTUCKY,10500,10500,900,740,1100,150,7,10,0.6,39.4,1.2,0,18.2,11
2021,Q3,LOUISIANA,29000,31000,1300,2800,2300,1400,9,7,0,8,0.6,0,2.3,6
2021,Q3,MAINE,10000,10000,380,210,1400,50,2,14,0,18.7,17,5,0,0
2021,Q3,MARYLAND,6000,6000,300,170,490,320,3,8,0,20,0.7,0.5,13.6,1.5
2021,Q3,MASSACHUSETTS,13000,13000,1700,1200,1100,20,9,8,0.6,23,0.5,1.5,8.7,4.5
2021,Q3,MICHIGAN,120000,120000,7500,4800,8500,2800,4,7,0,63.5,2.7,17,4.2,0.8
2021,Q3,MINNESOTA,106000,106000,5000,1300,7000,2300,1,7,0,27.5,2.3,10.5,1.1,1.8
2021,Q3,MISSISSIPPI,18500,18500,770,310,1900,460,2,10,1.3,25.3,3,0,1.1,7.8
2021,Q3,MISSOURI,6500,7000,420,900,480,50,13,7,0,24,2.1,1.3,14.4,8.7
2021,Q3,MONTANA,103000,114000,870,7500,6000,670,7,5,1.2,19.5,14.8,0,1.5,0.5
2021,Q3,NEBRASKA,45000,49000,1200,1800,6000,480,4,12,0,13.7,3.2,1.8,0,1.8
2021,Q3,NEW JERSEY,19500,19500,390,480,400,40,2,2,0,10.7,0.7,1.8,4.9,1.9
2021,Q3,NEW MEXICO,5500,5500,40,130,30,10,2,1,1.1,22.5,0,0,4.4,0
2021,Q3,NEW YORK,62000,67000,2200,5000,5500,2200,7,8,3,37.7,11.8,5.6,14.1,11.2
2021,Q3,NORTH CAROLINA,23000,25000,3800,2200,3000,730,9,12,0.9,29.3,6.6,0,10.4,1
2021,Q3,NORTH DAKOTA,510000,580000,7500,14500,67000,1800,3,12,2.2,31.7,7,4.1,6.1,5.5
2021,Q3,OHIO,21000,21000,1300,4100,1700,450,20,8,0.7,78.7,8.2,23,49.9,4.1
2021,Q3,OKLAHOMA,3300,3300,340,20,260,80,1,8,0.5,14.5,6.2,0,9.4,1.4
2021,Q3,OREGON,130000,132000,9000,13500,14000,4100,10,11,3.4,39.4,9.6,10.9,8.4,1.3
2021,Q3,OTHER STATES,8890,10990,210,1460,530,,13,5,0,31.7,4.6,11,10.9,2.2
2021,Q3,PENNSYLVANIA,25000,28000,740,980,1600,350,4,6,1,40.5,4.2,2.6,15.3,3.8
2021,Q3,SOUTH CAROLINA,17000,20000,2500,460,2200,90,2,11,2.8,15.8,4.3,1.3,5.3,3.2
2021,Q3,SOUTH DAKOTA,230000,235000,7000,3100,29000,470,1,12,1.1,18.3,14.1,3.9,4.6,1.3
2021,Q3,TENNESSEE,13500,15500,850,740,1100,230,5,7,0,16,1.8,0.7,11.6,0
2021,Q3,TEXAS,138000,144000,3100,6000,4000,18500,4,3,0.5,20.2,4.4,4.4,6,0.5
2021,Q3,UTAH,37000,37000,2200,1900,2900,340,5,8,0,40,1.9,3.9,0,0.5
2021,Q3,VERMONT,7000,7000,310,100,10,0,1,0,1.5,25.4,1.6,0,3,0.6
2021,Q3,VIRGINIA,10500,10500,530,750,890,330,7,8,0.9,19.2,4.6,0.8,12.1,1.9
2021,Q3,WASHINGTON,72000,79000,4300,15500,4900,1500,20,6,4.9,34.3,12.7,2.3,2.2,1.6
2021,Q3,WEST VIRGINIA,8000,8000,320,220,570,180,3,7,10.2,24.7,2.8,9.9,15.1,1.2
2021,Q3,WISCONSIN,66000,66000,1500,4300,7000,2100,7,11,20.3,56,15.3,31.2,36.8,8
2021,Q3,WYOMING,27000,36000,430,3900,2200,410,11,6,0,4.7,0.8,0.5,0,0.8
2021,Q2,ALABAMA,9500,9500,3400,930,2700,90,10,28,0.5,55.2,5.8,2.1,35,7.4
2021,Q2,ARIZONA,26000,26000,12000,3700,4300,1300,14,17,3.6,7.4,7.1,1.2,0,6.9
2021,Q2,ARKANSAS,12500,12500,9000,5500,1600,410,44,13,5.7,42.2,2,2.8,21.9,3.6
2021,Q2,CALIFORNIA,1090000,1060000,165000,180000,114000,10000,17,11,7.7,42.4,11.6,16.1,11.5,3.8
2021,Q2,COLORADO,17000,25000,6000,1100,8500,120,4,34,0,56.1,0.5,0,0,2.9
2021,Q2,CONNECTICUT,3800,4000,1100,340,60,10,9,2,0.1,16.5,1,0,6,0
2021,Q2,FLORIDA,280000,300000,53000,31000,33000,9000,10,11,4.3,43.4,6.4,10.1,22.9,7.7
2021,Q2,GEORGIA,134000,135000,25000,18500,21000,3900,14,16,5.2,44.7,5.2,2.8,13.8,5.8
2021,Q2,HAWAII,21000,21000,490,1200,490,180,6,2,0,92.6,0,0,60.8,0
2021,Q2,IDAHO,86000,120000,40000,19000,19500,3400,16,16,5.4,31.9,2,9.9,1.9,6.2
2021,Q2,ILLINOIS,12500,13000,3700,2100,1100,90,16,8,1.6,32.5,4.1,3.5,4.5,7.4
2021,Q2,INDIANA,11000,13000,4000,1000,560,230,8,4,0.6,22.8,6.1,7,7.3,1.3
2021,Q2,IOWA,25000,29000,11000,3900,2200,1200,13,8,1.2,13.7,2.6,0.8,2.5,8.2
2021,Q2,KANSAS,7500,8000,4800,1600,1900,740,20,24,7.2,47.8,1.5,8.6,21.6,6.5
2021,Q2,KENTUCKY,10000,11500,2100,4500,270,50,39,2,1,21.5,4.2,2.2,4,2.6
2021,Q2,LOUISIANA,29000,29000,8000,2000,2300,230,7,8,0,29.1,10.6,0,3.7,0.9
2021,Q2,MAINE,2200,18000,430,260,1100,50,1,6,0,13.9,1.5,0,0,0
2021,Q2,MARYLAND,6500,7500,2600,690,320,50,9,4,0,17.2,2,0.6,8.9,1.4
2021,Q2,MASSACHUSETTS,3700,12000,2000,310,810,30,3,7,0,45.5,0,34,34.3,0
2021,Q2,MICHIGAN,74000,112000,10000,8000,3500,1300,7,3,0.8,44.8,0.8,3.5,2.7,0
2021,Q2,MINNESOTA,69000,98000,29000,4000,5500,730,4,6,0,13.1,1.1,12.8,0,1.1
2021,Q2,MISSISSIPPI,34000,35000,9500,8000,4600,310,23,13,3.2,46.7,3.2,0.5,11.3,9.9
2021,Q2,MISSOURI,4800,4800,2300,670,670,40,14,14,1.8,21.9,8.3,0.9,8.8,4.8
2021,Q2,MONTANA,38000,116000,13500,15500,3200,820,13,3,1.5,20.8,5.2,13.3,0,3
2021,Q2,NEBRASKA,18500,37000,9000,810,1800,1200,2,5,0,17.3,3.2,7.4,0,1.3
2021,Q2,NEW JERSEY,14500,19500,1400,140,410,50,1,2,0,11.8,1.8,2.6,5.5,1.3
2021,Q2,NEW MEXICO,5500,5500,560,2300,670,370,42,12,1.3,60,0,2.5,1.2,0
2021,Q2,NEW YORK,28000,50000,15000,4100,3000,820,8,6,0.5,35.8,2.3,1.7,3.9,3.5
2021,Q2,NORTH CAROLINA,22000,23000,6000,3300,1700,150,14,7,0,35.8,0,0,3.5,0
2021,Q2,NORTH DAKOTA,42000,495000,11500,3600,6000,7000,1,1,0,29.2,2,0,0.7,0
2021,Q2,OHIO,13000,13500,8000,2400,820,100,18,6,6.6,62.1,7.1,4.1,37.8,3.1
2021,Q2,OKLAHOMA,17000,17000,4200,190,3600,0,1,21,0,3.1,7,0,2.1,1
2021,Q2,OREGON,60000,108000,25000,19500,3300,530,18,3,6.2,17.2,6.5,10.1,8.3,1.8
2021,Q2,OTHER STATES,6020,8460,2880,3130,140,,37,2,0,42.8,5.7,4.6,0,4.7
2021,Q2,PENNSYLVANIA,20000,23000,7000,2700,2000,430,12,9,1.4,21.4,1.2,2.6,5,0.5
2021,Q2,SOUTH CAROLINA,18000,19000,4200,4900,1700,140,26,9,2.1,48.4,9.1,0,32.7,5
2021,Q2,SOUTH DAKOTA,16500,210000,39000,19000,7000,170,9,3,3.6,49.4,27.3,4.2,12,0.7
2021,Q2,TENNESSEE,12000,12000,4800,3400,720,80,28,6,0,22.4,3.1,2.4,10.3,0
2021,Q2,TEXAS,365000,425000,67000,72000,74000,780,17,17,0,38.1,5.7,11.5,3.4,0
2021,Q2,UTAH,20000,31000,9500,3700,3800,540,12,12,10.3,40,0,18.7,25.7,1.4
2021,Q2,VERMONT,7000,7000,770,570,40,10,8,1,0.5,28.1,1.5,0,0.8,0
2021,Q2,VIRGINIA,8000,8500,3100,820,530,120,10,6,3.6,13.3,2.7,2.1,6.3,3.7
2021,Q2,WASHINGTON,66000,122000,9500,2600,2900,240,2,2,8.4,31.7,4.7,1.2,19.1,0
2021,Q2,WEST VIRGINIA,8000,9000,1900,390,170,40,4,2,1.1,5.2,1,0,3.9,2.2
2021,Q2,WISCONSIN,42000,57000,10000,7500,2100,670,13,4,1.2,26.1,1.1,15.1,19.3,2.2
2021,Q2,WYOMING,13500,30000,7500,4900,2700,1700,16,9,0,8.3,1.5,6.9,0.9,2.4
2021,Q1,ALABAMA,10000,10000,670,200,1100,270,2,11,0,52.2,3.1,0,30.3,4
2021,Q1,ARIZONA,28000,28000,4500,4500,6500,1000,16,23,6,6.7,0.5,0,6.1,3.8
2021,Q1,ARKANSAS,21000,21000,690,130,4900,1200,1,23,0,27.2,3.8,13.2,18.3,2.5
2021,Q1,CALIFORNIA,1180000,1600000,189000,84000,275000,6000,5,17,1.7,29.9,6.2,7.2,5.7,3.4
2021,Q1,COLORADO,3000,16500,1000,30,700,3100,0,4,0,7.9,1,0,0,7
2021,Q1,CONNECTICUT,4200,4200,400,50,800,160,1,19,0,17.8,1.6,0.5,3.5,1
2021,Q1,FLORIDA,300000,305000,47000,17000,31000,7500,6,10,5.6,34.6,6.3,6.6,11.9,3.4
2021,Q1,GEORGIA,120000,120000,34000,14500,20000,6500,12,17,8.9,47.9,4.1,1.5,14.4,4.6
2021,Q1,HAWAII,19500,19500,2300,1600,800,40,8,4,0,53,4.7,0,52.2,0
2021,Q1,IDAHO,167000,193000,11000,9000,14500,5000,5,8,0,30,1.6,8.9,9.9,1.5
2021,Q1,ILLINOIS,11500,13000,2500,200,3000,270,2,23,1.6,28.8,17.9,1.3,12.9,9.4
2021,Q1,INDIANA,10000,11000,2400,20,2600,450,0,24,0,34.1,4.8,0.7,5.4,4.4
2021,Q1,IOWA,15000,26000,1100,30,2100,790,0,8,0,18.9,7.8,3.7,0.7,3.8
2021,Q1,KANSAS,5000,8000,1000,10,1400,190,0,18,0,25.7,19.1,0,2.8,2.2
2021,Q1,KENTUCKY,11000,11000,1000,80,2100,240,1,19,0,27.5,5.1,0,16.9,9.3
2021,Q1,LOUISIANA,51000,53000,3600,3000,7000,450,6,13,0,62.1,10,1.6,3.8,1.1
2021,Q1,MAINE,2900,2900,60,80,300,170,3,10,0,7.2,2.2,0,2.6,2.1
2021,Q1,MARYLAND,7000,7000,1300,240,1800,110,3,26,0,34.6,19.7,0,1.1,2.7
2021,Q1,MASSACHUSETTS,5000,5000,30,90,980,210,2,20,1,28.9,7.8,0.5,3.6,4.5
2021,Q1,MICHIGAN,78000,78000,320,4100,1500,3300,5,2,0,2.3,0.7,0,0,1.6
2021,Q1,MINNESOTA,61000,73000,1300,140,3200,6000,0,4,0,6.3,2.8,2.5,0.6,0
2021,Q1,MISSISSIPPI,31000,36000,14000,70,5500,300,0,15,0,19.7,15.5,1,3.8,4.7
2021,Q1,MISSOURI,5500,5500,110,40,900,160,1,16,0,16.6,13.1,0.8,5.6,5.3
2021,Q1,MONTANA,40000,51000,820,20,330,1000,0,1,0,15,0,0,0,0
2021,Q1,NEBRASKA,11000,18000,930,0,640,540,0,4,0,11,1.7,1.5,0,0.7
2021,Q1,NEW JERSEY,14000,14000,900,80,350,600,1,3,1,18.7,1.2,1.3,1.5,0.8
2021,Q1,NEW MEXICO,3500,5500,170,0,270,10,0,5,0,14.2,6.5,0,0,1.9
2021,Q1,NEW YORK,30000,30000,2600,380,4900,1800,1,16,0.6,15,5.7,0.5,3.9,4.8
2021,Q1,NORTH CAROLINA,18000,24000,1900,110,4000,70,0,17,0,23.5,0.6,0,7.2,0.5
2021,Q1,NORTH DAKOTA,51000,65000,2700,0,180,8500,0,0,1,12,1.5,0,0.5,0
2021,Q1,OHIO,17500,17500,120,20,4000,180,0,23,2.9,26.6,8.2,2,14.4,4.9
2021,Q1,OKLAHOMA,28000,28000,4100,360,2600,1100,1,9,0,7.6,4.2,0,0,2
2021,Q1,OREGON,76000,80000,1600,610,3100,4500,1,4,1.4,12.8,1.2,0,10.7,0.6
2021,Q1,OTHER STATES,6640,6640,750,70,540,,1,8,4.1,19.4,6.6,0,1.2,1.1
2021,Q1,PENNSYLVANIA,23000,24000,1100,40,5500,1900,0,23,0,18.1,6.8,0,11.6,8.6
2021,Q1,SOUTH CAROLINA,15500,18000,930,190,1200,160,1,7,0,48.5,4.1,3.2,10.1,0.9
2021,Q1,SOUTH DAKOTA,28000,34000,0,0,450,2100,0,1,0,8.6,0,0,0,0.8
2021,Q1,TENNESSEE,12000,13500,460,310,2200,830,2,16,1.4,34.4,2.6,0.8,5.2,8.9
2021,Q1,TEXAS,240000,355000,61000,13500,30000,5000,4,8,1.5,17.7,7.4,5.8,13,0
2021,Q1,UTAH,17500,19500,2700,0,2600,230,0,13,0,45.4,1,2.4,0.9,6.3
2021,Q1,VERMONT,7500,7500,700,70,1300,140,1,17,3.7,21.1,10.1,0,0,0
2021,Q1,VIRGINIA,7500,7500,1800,50,1400,840,1,19,0,11.9,3.9,1.9,1,4.9
2021,Q1,WASHINGTON,48000,70000,9500,850,5500,1500,1,8,1,14.8,4.5,0,2.3,0
2021,Q1,WEST VIRGINIA,7000,9000,200,460,1200,480,5,13,0.7,13.6,1.2,2.6,3.3,3.1
2021,Q1,WISCONSIN,42000,44000,230,170,2500,1700,0,6,0,16.1,3.6,0,0,3.2
2021,Q1,WYOMING,13000,14500,3000,1200,2200,530,8,15,0,8.4,3.3,0,0,7.9
2020,Q4,ALABAMA,17000,17000,750,60,1100,70,0,6,15.4,50.8,2.3,2,43.2,16.9
2020,Q4,ARIZONA,25000,27000,5500,600,4000,1000,2,15,0,22.5,2.3,4.5,0,18.3
2020,Q4,ARKANSAS,22000,23000,380,780,2100,820,3,9,1.7,43.1,5.9,12.8,12.9,5.7
2020,Q4,CALIFORNIA,700000,1400000,120000,58000,164000,21000,4,12,7.1,45.5,4.2,4.8,11.1,4
2020,Q4,COLORADO,19000,19000,930,20,5000,150,0,26,0,14.9,0.9,0,0,1.5
2020,Q4,CONNECTICUT,4300,4600,20,20,500,0,0,11,0.1,49.4,4.3,0,0.9,8.2
2020,Q4,FLORIDA,240000,290000,50000,17500,29000,13500,6,10,10.4,45.7,2.3,19.6,21.7,7.5
2020,Q4,GEORGIA,165000,174000,11000,11000,30000,10000,6,17,1.8,35.5,1.9,7.5,12.9,6.7
2020,Q4,HAWAII,22000,22000,200,370,2700,40,2,12,0,57.2,2.9,0,65.2,0
2020,Q4,IDAHO,94000,180000,8000,1700,19000,4400,1,11,4.3,52.1,4.8,4.8,8.9,5.4
2020,Q4,ILLINOIS,13000,13000,330,410,1700,310,3,13,1.1,26.4,2.7,2.9,9.8,6.9
2020,Q4,INDIANA,10000,11000,240,260,930,210,2,8,0,26.3,2.4,1.9,4.1,5.7
2020,Q4,IOWA,38000,38000,700,850,4800,1100,2,13,2.6,39.8,1.8,0,0.9,1.4
2020,Q4,KANSAS,6000,7000,460,170,2400,620,2,34,1.2,37.7,26.4,33.3,30.3,25.9
2020,Q4,KENTUCKY,11500,11500,380,520,1100,150,5,10,0,23.8,8.2,0,8.8,9
2020,Q4,LOUISIANA,46000,52000,30,620,1700,20,1,3,0,22.2,2.9,0,2.9,0
2020,Q4,MAINE,9000,9000,180,250,100,40,3,1,0.5,30.8,1.2,0,0,0.6
2020,Q4,MARYLAND,6000,8000,60,460,980,100,6,12,1.5,27.5,6.2,0.7,1.8,2.1
2020,Q4,MASSACHUSETTS,10000,10000,270,90,390,250,1,4,0,17.4,0,0,1.2,0.9
2020,Q4,MICHIGAN,97000,101000,2400,1600,10500,4500,2,10,5.3,42.9,3.6,3.1,5.4,4.3
2020,Q4,MINNESOTA,99000,105000,1200,340,9500,5000,0,9,1,17.2,1.8,19.2,1.6,2.6
2020,Q4,MISSISSIPPI,30000,37000,300,30,3800,300,0,10,0,7.8,7.8,0.6,1.5,5.9
2020,Q4,MISSOURI,6500,7000,20,110,750,190,2,11,0,13.1,3.1,0.5,7.9,0.8
2020,Q4,MONTANA,81000,92000,3500,290,14000,1000,0,15,11.6,15.1,4.4,2.6,11.6,6
2020,Q4,NEBRASKA,43000,43000,280,2500,7000,4700,6,16,0.5,3.6,1.4,0,0,6.3
2020,Q4,NEW JERSEY,18000,18000,2000,480,310,60,3,2,0.5,6.8,0.2,0.6,2.1,0.7
2020,Q4,NEW MEXICO,2400,3600,80,50,190,2800,1,5,1,15.7,2,0,0,0.9
2020,Q4,NEW YORK,52000,52000,2400,5000,4100,1700,10,8,0,19.2,4.5,0,7.2,4.1
2020,Q4,NORTH CAROLINA,16500,22000,200,9000,2500,2300,41,11,0,37.7,0.6,5.1,14,1.9
2020,Q4,NORTH DAKOTA,445000,445000,12500,,45000,16000,0,10,5.1,60.2,1.1,11.5,0.5,5.5
2020,Q4,OHIO,21000,21000,10,490,1600,240,2,8,0.9,42.4,2.5,6.4,12.4,1.7
2020,Q4,OKLAHOMA,7000,28000,250,,300,20,0,1,0,2.3,0,0,1.1,0.8
2020,Q4,OREGON,122000,123000,7000,2600,15500,3700,2,13,3.7,28.5,3.8,1.6,4.6,3.9
2020,Q4,OTHER STATES,10640,10740,80,1300,2470,,12,23,0,44.5,12.5,0,1.1,7.4
2020,Q4,PENNSYLVANIA,23000,25000,580,440,1900,350,2,8,1.3,28.1,1.8,1.9,3.9,2.6
2020,Q4,SOUTH CAROLINA,11500,18500,270,210,2600,440,1,14,0,22.9,2.7,1.3,4.2,3.8
2020,Q4,SOUTH DAKOTA,197000,197000,1000,150,16000,1000,0,8,6.5,22.6,0,4.5,1.4,1.8
2020,Q4,TENNESSEE,13500,13500,20,640,680,80,5,5,0,33.8,2.1,5.1,25.4,5.2
2020,Q4,TEXAS,144000,255000,27000,1700,43000,3000,1,17,0,27.4,5.7,5,6.5,9.6
2020,Q4,UTAH,29000,29000,1800,50,3800,400,0,13,0,49.5,0.7,6.8,0,17.6
2020,Q4,VERMONT,8000,8000,30,,270,10,0,3,0.5,10,0.6,0,0,0
2020,Q4,VIRGINIA,8000,8500,70,450,1000,160,5,12,1.6,30.3,5.4,2,13.6,2.9
2020,Q4,WASHINGTON,102000,103000,6000,2000,16500,10500,2,16,22.9,25.5,4.7,2.6,20.2,4.4
2020,Q4,WEST VIRGINIA,7500,7500,120,800,550,150,11,7,0,7.2,4.5,1,4.3,1.1
2020,Q4,WISCONSIN,60000,60000,2800,4700,8000,2700,8,13,0,29.3,1.8,7.4,0.6,1.2
2020,Q4,WYOMING,23000,25000,160,380,1600,1800,2,6,0,19.2,2.2,2.4,0,1.4
2020,Q3,ALABAMA,9000,19000,1800,990,3700,240,5,19,0,64.9,5.4,12,29.1,11.7
2020,Q3,ARIZONA,28000,30000,2600,1800,8000,5500,6,27,1.9,24.1,9.3,1.7,0,12.2
2020,Q3,ARKANSAS,19000,22000,1500,390,1700,900,2,8,3.9,33.9,1.3,13.9,15.6,8.6
2020,Q3,CALIFORNIA,640000,700000,61000,108000,69000,10500,15,10,7.3,33.9,8.1,6.3,11.4,3.6
2020,Q3,COLORADO,29000,29000,3800,5500,7000,70,19,24,0,23.1,6.3,0,1.1,19.8
2020,Q3,CONNECTICUT,4700,4700,130,150,300,80,3,6,0,20.2,4,0,1.4,0
2020,Q3,FLORIDA,220000,230000,36000,31000,29000,10000,13,13,12.8,42.2,7.9,14.8,19.9,10.9
2020,Q3,GEORGIA,150000,163000,22000,35000,23000,10000,21,14,3.5,49.6,5.3,3.4,22.5,13
2020,Q3,HAWAII,18500,18500,4000,3400,500,30,18,3,0,62.7,0.5,0,63.5,0
2020,Q3,IDAHO,70000,85000,18500,8500,11000,1900,10,13,6.7,45,9,10.9,2.6,3.8
2020,Q3,ILLINOIS,14000,14000,770,690,1400,180,5,10,1.8,28.1,6.6,4.9,15.6,8.4
2020,Q3,INDIANA,15000,15000,1200,2700,1600,90,18,11,1.7,41.4,0.7,24.5,12,1.3
2020,Q3,IOWA,34000,38000,1100,2900,1800,430,8,5,3.9,49.1,4.5,6.3,29.4,0
2020,Q3,KANSAS,7000,7000,600,730,910,310,10,13,15.6,93.8,2.1,34.1,24.8,0
2020,Q3,KENTUCKY,11500,12000,800,510,1400,220,4,12,1.4,23.3,2.4,1.6,4,5.1
2020,Q3,LOUISIANA,48000,48000,1200,3100,2600,1200,6,5,4.7,27.2,3.6,0.8,14.4,3.4
2020,Q3,MAINE,9500,10000,700,820,1500,10,8,15,0.7,65.2,4.6,0,2.5,6.2
2020,Q3,MARYLAND,7500,7500,1200,220,690,60,3,9,0,17.6,0.6,0,4.8,2.9
2020,Q3,MASSACHUSETTS,11000,11000,840,810,330,40,7,3,1.5,29.7,1.2,0.8,1.6,0.7
2020,Q3,MICHIGAN,96000,106000,37000,11000,34000,8500,10,32,3.4,53.1,5.9,8.9,14.5,1
2020,Q3,MINNESOTA,114000,119000,1800,3700,10500,1900,3,9,0,46.3,2.2,8.2,3.7,1.7
2020,Q3,MISSISSIPPI,26000,29000,2500,130,1600,890,0,6,0,45.7,3.3,0,41.8,6.2
2020,Q3,MISSOURI,8000,8000,290,820,730,250,10,9,0,30.8,2.4,1.1,8.8,2.4
2020,Q3,MONTANA,138000,139000,6500,28000,8500,360,20,6,0.9,36.6,8.6,0,2.1,1.2
2020,Q3,NEBRASKA,47000,48000,3000,3100,4300,300,6,9,3.3,23.4,21.4,19.8,0.8,0
2020,Q3,NEW JERSEY,17500,18500,1500,1800,2300,30,10,12,0,21.7,0,16.3,5.6,0
2020,Q3,NEW MEXICO,5500,5500,3300,760,1600,0,14,29,0,33.8,0.5,0,32.9,0
2020,Q3,NEW YORK,61000,61000,5500,1600,3600,850,3,6,6.3,18.2,2.1,3.3,7.8,1.1
2020,Q3,NORTH CAROLINA,26000,27000,950,5500,4600,1100,20,17,0,70.5,0,0,17.9,0
2020,Q3,NORTH DAKOTA,455000,495000,57000,33000,53000,7000,7,11,12.3,61.3,9.3,4.1,15.9,1.4
2020,Q3,OHIO,22000,22000,730,2100,1900,200,10,9,0.8,28.6,10.8,3.7,10.4,1.4
2020,Q3,OKLAHOMA,7000,8000,150,930,1100,120,12,14,0.9,52.4,2.4,1.7,8,0.8
2020,Q3,OREGON,102000,124000,13000,28000,12000,5500,23,10,3.8,42.4,7.1,0.5,2.5,2.4
2020,Q3,OTHER STATES,10630,11630,2230,700,2080,,6,18,0,76.4,14.1,6.3,7.1,0
2020,Q3,PENNSYLVANIA,27000,27000,2500,1200,2200,460,4,8,1.2,32.2,5.5,1.6,12.3,2.3
2020,Q3,SOUTH CAROLINA,12000,13500,1200,2200,1800,550,16,13,0,27.1,1.5,6.2,28.9,0.9
2020,Q3,SOUTH DAKOTA,230000,235000,30000,12500,66000,470,5,28,2.1,87,61.4,64.9,7,2
2020,Q3,TENNESSEE,15000,15000,460,860,2200,470,6,15,2.3,37.7,2.4,0.5,15.5,2.2
2020,Q3,TEXAS,167000,173000,9000,7500,9500,1800,4,5,2,20.2,1.6,6.7,13.6,0.6
2020,Q3,UTAH,24000,30000,1500,2300,2000,200,8,7,0,61.7,3.7,31.6,0,3.9
2020,Q3,VERMONT,7500,7500,700,180,210,30,2,3,0.9,26.6,0.9,3.8,0.7,0
2020,Q3,VIRGINIA,8500,8500,910,730,1200,160,9,14,0,27.5,4.1,0,8.3,5.8
2020,Q3,WASHINGTON,94000,104000,5000,8500,7000,2500,8,7,0,19.2,1.3,10.5,0,0.6
2020,Q3,WEST VIRGINIA,8000,8000,210,800,540,480,10,7,4.7,17.7,1.7,4.7,10.1,2.6
2020,Q3,WISCONSIN,68000,68000,970,9000,8000,2000,13,12,12.9,43.1,13.8,26.1,22.8,20.4
2020,Q3,WYOMING,33000,34000,640,7500,3600,310,22,11,0.7,13.4,1.8,5.9,0,0.9
2020,Q2,ALABAMA,8500,8500,4700,2600,4100,410,31,48,1.6,28.5,7.9,7.7,18,9.5
2020,Q2,ARIZONA,26000,26000,14500,4700,1300,140,18,5,0,22.1,5.5,4.2,0,0.6
2020,Q2,ARKANSAS,17000,17000,4900,800,1800,900,5,11,5.1,40.5,2.1,24.6,15.3,12.4
2020,Q2,CALIFORNIA,1200000,1200000,175000,240000,100000,3200,20,8,3.9,33.6,7.6,5.5,4.8,3.1
2020,Q2,COLORADO,16500,27000,7000,2800,2100,310,10,8,0,35.4,0.5,0,0,2.5
2020,Q2,CONNECTICUT,3900,4300,1200,450,30,0,10,1,0,14.8,0.1,0,2.1,0.6
2020,Q2,FLORIDA,310000,310000,25000,18500,40000,12000,6,13,3.4,33.1,5.9,5.8,16,7.9
2020,Q2,GEORGIA,145000,147000,18500,20000,10000,3300,14,7,6.9,47.9,7.9,2.9,19.6,13.4
2020,Q2,HAWAII,15500,15500,3000,2300,0,0,15,0,1,43.1,1.1,0,41.1,0
2020,Q2,IDAHO,48000,81000,22000,29000,18000,2400,36,22,11.1,44.2,6.9,8.6,10.9,5.8
2020,Q2,ILLINOIS,12000,12000,4200,1700,1500,190,14,13,1,23.5,11.9,8.3,8.2,4
2020,Q2,INDIANA,11000,12000,4500,1800,920,30,15,8,1.8,26.8,5.4,20.2,12.5,1.5
2020,Q2,IOWA,21000,29000,17000,4700,3600,440,16,12,16.6,30.6,3.5,0.8,24.7,0.5
2020,Q2,KANSAS,7500,8000,1900,1800,680,270,23,9,24,68.4,28.9,32.8,34.1,14.3
2020,Q2,KENTUCKY,11000,11000,4200,3500,1200,120,32,11,0,18.3,2.9,1.2,10.9,3.2
2020,Q2,LOUISIANA,53000,53000,2300,4700,1800,650,9,3,0.5,23.7,3.5,0,4.7,1.3
2020,Q2,MAINE,1600,22000,520,110,700,0,1,3,26.8,47.1,0.5,0,0,0
2020,Q2,MARYLAND,7000,8000,4400,1700,670,0,21,8,0.1,14.3,3.2,1.1,1.1,0.5
2020,Q2,MASSACHUSETTS,4400,13500,870,540,630,40,4,5,0,14.7,1.1,0,2.1,0
2020,Q2,MICHIGAN,64000,85000,11000,10000,1500,420,12,2,2.2,38,3.2,6,11.5,1.1
2020,Q2,MINNESOTA,59000,126000,9000,2600,13000,870,2,10,0.7,20.6,4.4,8.8,2.9,0
2020,Q2,MISSISSIPPI,34000,37000,1500,570,4500,260,2,12,0,93.1,8.5,0.9,57.8,0
2020,Q2,MISSOURI,6500,6500,2800,1200,390,200,18,6,5.7,17.4,11.2,3.1,1.5,1.9
2020,Q2,MONTANA,48000,120000,18000,16000,2000,1500,13,2,5.9,12.1,4.6,0,5.6,0
2020,Q2,NEBRASKA,16500,41000,7000,1100,1900,700,3,5,4.8,17.5,0,12.2,1.1,2.7
2020,Q2,NEW JERSEY,7000,21000,1500,650,710,10,3,3,21.5,15.4,21.7,0,0.8,0
2020,Q2,NEW MEXICO,3100,6000,400,40,1000,0,1,17,0,3,0,0,0,0
2020,Q2,NEW YORK,34000,58000,6000,2800,4000,20,5,7,0.6,20.7,3.5,0,2.5,0.5
2020,Q2,NORTH CAROLINA,24000,25000,6000,1300,1600,290,5,6,1.9,23,1.8,0,5.5,1.4
2020,Q2,NORTH DAKOTA,67000,415000,53000,38000,20000,9000,9,5,2.5,28.8,3,3.1,1.7,1.9
2020,Q2,OHIO,15500,16500,9500,3700,1700,130,22,10,6.2,23.8,7.3,5.8,12,13.3
2020,Q2,OKLAHOMA,16000,16000,6000,3100,1500,40,19,9,0,16.2,15.1,0.9,3.9,5.1
2020,Q2,OREGON,89000,96000,11000,19000,2500,1500,20,3,7.5,28,5.9,2.2,1.7,0.7
2020,Q2,OTHER STATES,6500,9840,1400,1500,260,,15,3,0.5,12.8,0,0,0.8,0
2020,Q2,PENNSYLVANIA,24000,28000,5500,1500,930,120,5,3,1.4,26.6,3.3,0,2.6,1.3
2020,Q2,SOUTH CAROLINA,18500,18500,2700,2500,1700,310,14,9,0.5,29.1,5.7,0,6.2,0.5
2020,Q2,SOUTH DAKOTA,9500,220000,10000,14500,4600,2800,7,2,4.8,53.3,52.5,0,46.4,5.3
2020,Q2,TENNESSEE,13500,13500,4200,3200,1200,210,24,9,0,31.2,3.3,6.8,7.8,3
2020,Q2,TEXAS,360000,385000,15000,136000,35000,4100,35,9,3.3,30.2,5.7,4.6,7.7,5.8
2020,Q2,UTAH,21000,31000,8500,13000,2800,130,42,9,0,38.4,0,13.1,0,7.7
2020,Q2,VERMONT,7000,7000,680,110,200,0,2,3,0.1,10.7,1.1,0,0.5,0
2020,Q2,VIRGINIA,7500,8000,4800,1300,1200,170,16,15,0,33.7,7.9,0,7.9,1.1
2020,Q2,WASHINGTON,50000,114000,5000,3300,3500,370,3,3,0.7,10.6,1.3,1,0,0
2020,Q2,WEST VIRGINIA,7500,7500,1600,1500,570,130,20,8,0.7,46.2,2.8,0.5,1.8,1.9
2020,Q2,WISCONSIN,27000,55000,14000,4600,1700,90,8,3,25,46.1,25.8,25.1,27.3,26.1
2020,Q2,WYOMING,17500,30000,4400,2100,2000,500,7,7,0.1,28.8,3.5,1.1,0,1.2
2020,Q1,ALABAMA,5500,7000,1900,780,410,70,11,6,0,12.4,1.7,0.1,3.4,4.3
2020,Q1,ARIZONA,29000,31000,3000,120,8500,4300,0,27,0,31.7,10.1,0,0,9
2020,Q1,ARKANSAS,16500,16500,1800,30,1600,390,0,10,0,31.7,0,2.6,22.7,11.2
2020,Q1,CALIFORNIA,1350000,1710000,240000,66000,230000,19000,4,13,5,22.4,5.3,5.3,6,4.2
2020,Q1,COLORADO,4500,13000,4000,500,670,620,4,5,0,20.8,10.8,0,0,2.4
2020,Q1,CONNECTICUT,3700,3800,360,,330,10,0,9,0,11.2,2.8,0,2.9,3
2020,Q1,FLORIDA,295000,305000,41000,8000,30000,11500,3,10,5.5,28,8.7,5.3,14.2,10.9
2020,Q1,GEORGIA,115000,119000,41000,22000,14500,8500,18,12,0,50.9,0,0,3.4,7.5
2020,Q1,HAWAII,16000,16000,1300,2200,1800,260,14,11,0,75.3,0,0,60.8,0
2020,Q1,IDAHO,156000,168000,4400,920,18500,5500,1,11,0,10.4,2.1,2.8,0.8,1.9
2020,Q1,ILLINOIS,11500,11500,2900,160,2400,520,1,21,0,17.2,7.3,0,8.9,10
2020,Q1,INDIANA,11000,11000,1500,420,1600,210,4,15,0,8.2,1.9,2.9,0.5,6.2
2020,Q1,IOWA,9000,17000,6000,420,1600,620,2,9,0,22.3,5.7,0,1.9,5.5
2020,Q1,KANSAS,4500,6500,2000,130,760,700,2,12,7.8,13.3,3.1,7.8,8.1,11.3
2020,Q1,KENTUCKY,7000,11000,1400,120,1200,140,1,11,2,17.4,7.6,0,2.6,6.5
2020,Q1,LOUISIANA,44000,48000,9000,20000,4800,640,42,10,0.7,26.5,1.4,1.2,7,0.6
2020,Q1,MAINE,1300,1300,460,,160,60,0,12,0.7,19.6,2.2,0,1.2,3
2020,Q1,MARYLAND,7000,7000,1900,30,1900,380,0,27,0,19.9,8.5,0,1.5,2.4
2020,Q1,MASSACHUSETTS,3800,3800,1100,100,470,150,3,12,1.8,13.9,4.5,0,0.5,2.2
2020,Q1,MICHIGAN,60000,60000,10000,100,7000,1400,0,12,0,8.1,0,0,0.5,0.7
2020,Q1,MINNESOTA,21000,58000,1300,40,920,6500,0,2,0,3.5,4.3,0,0,0
2020,Q1,MISSISSIPPI,26000,28000,16000,660,5000,800,2,18,0,58.6,14.5,1.8,50.9,3.6
2020,Q1,MISSOURI,8500,8500,3400,0,5500,160,0,65,0.9,8.4,2.1,1.6,3.4,3.4
2020,Q1,MONTANA,18000,47000,500,,150,4500,0,0,0,4,0.5,0,0,0
2020,Q1,NEBRASKA,9000,17000,70,,670,1500,0,4,0,2.2,0,0,0,0.8
2020,Q1,NEW JERSEY,6500,6500,800,40,430,60,1,7,0.5,9.4,3.2,0,2.9,2.3
2020,Q1,NEW MEXICO,6000,6000,120,0,40,0,0,1,0,2.1,0.7,0,0,0
2020,Q1,NEW YORK,29000,36000,230,370,2500,940,1,7,0,6.6,1.7,0,2.9,7.7
2020,Q1,NORTH CAROLINA,15000,24000,2600,490,2500,1900,2,10,4.8,35.7,1.4,0.6,7.1,5.1
2020,Q1,NORTH DAKOTA,53000,82000,0,,7500,11500,0,9,0,0.6,3.1,0,0,0
2020,Q1,OHIO,15500,21000,840,1100,6000,3900,5,29,1.1,17.6,3,0,3.6,13.4
2020,Q1,OKLAHOMA,19500,19500,5000,,700,60,0,4,0,11.4,0,0.5,0.6,0
2020,Q1,OREGON,97000,108000,9000,1700,4800,950,2,4,10.8,24.4,1.3,14.5,10.4,0
2020,Q1,OTHER STATES,7800,7800,560,20,440,,0,6,0,5.8,0.8,0,0,0
2020,Q1,PENNSYLVANIA,18500,26000,370,320,2100,430,1,8,2.8,15.5,2.7,1.8,3.9,3.2
2020,Q1,SOUTH CAROLINA,13000,17000,2700,1100,1400,160,6,8,9.6,15.5,6.4,0,11.5,5.4
2020,Q1,SOUTH DAKOTA,20000,20000,20,,1200,1100,0,6,0,14.7,0,2.1,0,0
2020,Q1,TENNESSEE,8000,14000,2200,130,2700,410,1,19,1,18.9,4.1,0,17.3,7.8
2020,Q1,TEXAS,235000,340000,83000,24000,35000,4200,7,10,1.3,12.2,5.2,3.4,6.8,4.6
2020,Q1,UTAH,12000,19000,3000,,1100,960,0,6,17.1,38.9,15.7,2.3,17.2,22.4
2020,Q1,VERMONT,6500,7000,500,70,520,60,1,7,0.6,9.1,2,0.9,0.8,3.1
2020,Q1,VIRGINIA,6000,7000,1600,60,1100,370,1,16,0,17.5,3.8,0,10.6,3.5
2020,Q1,WASHINGTON,49000,74000,580,150,1500,6500,0,2,0,1.7,0,0.5,0,0
2020,Q1,WEST VIRGINIA,6000,8000,600,680,1100,200,9,14,1.3,17.3,2.6,0.6,7,0
2020,Q1,WISCONSIN,16000,28000,700,370,1900,1600,1,7,0,9,2.7,0,1.9,3.1
2020,Q1,WYOMING,4000,17000,450,60,140,1500,0,1,0.1,0,0.8,0,0,1.7
2019,Q4,ALABAMA,6000,6000,240,70,660,110,1,11,0.6,46.7,9,4.9,26.7,11.3
2019,Q4,ARIZONA,34000,36000,300,300,7000,3400,1,19,0.4,53.9,4,23.3,1.5,2.9
2019,Q4,ARKANSAS,19000,19500,430,310,1600,560,2,8,1.4,47.7,12.5,7.8,39.7,32.8
2019,Q4,CALIFORNIA,700000,1300000,160000,37000,136000,18500,3,10,5.2,40.5,8,11.3,10.9,5
2019,Q4,COLORADO,27000,27000,1100,440,8000,1400,2,30,0,67.7,2.6,15.3,1.5,0.8
2019,Q4,CONNECTICUT,3800,4000,10,50,300,10,1,8,2.4,22.2,1.7,0,11.1,1.6
2019,Q4,FLORIDA,270000,300000,28000,15000,30000,10000,5,10,7.8,43.5,7.8,11.7,25.6,4.8
2019,Q4,GEORGIA,119000,131000,10500,10500,20000,11000,8,15,5.6,34.3,2.6,9.1,18.2,4.4
2019,Q4,HAWAII,17000,17000,300,50,1300,60,0,8,0.2,44,0.1,1,61.8,0
2019,Q4,IDAHO,111000,196000,1800,1000,15500,3300,1,8,5.4,20.3,9.9,10.5,4.3,1.1
2019,Q4,ILLINOIS,13000,13000,1000,1500,1700,380,12,13,1.1,28.9,8.9,3.4,27.3,8.9
2019,Q4,INDIANA,17500,17500,160,180,1300,370,1,7,2.6,20.7,1.6,6.7,15,0.6
2019,Q4,IOWA,32000,32000,1500,530,7500,1600,2,23,5.6,61,19.7,25.2,17.8,4.2
2019,Q4,KANSAS,4800,4900,190,460,650,130,9,13,11.9,65.8,0.4,43.4,15,14.4
2019,Q4,KENTUCKY,8500,8500,190,170,410,110,2,5,0.2,33,12,5.3,20.1,9.9
2019,Q4,LOUISIANA,41000,46000,70,80,2300,810,0,5,3.5,33,6.1,0.7,18.5,0.9
2019,Q4,MAINE,11500,11500,110,40,770,100,0,7,0.1,20.5,0.3,2.5,0,0.2
2019,Q4,MARYLAND,6500,8000,390,420,1100,260,5,14,1.8,12.6,0.3,0,4.5,5
2019,Q4,MASSACHUSETTS,5000,5000,60,130,1200,410,3,24,0.8,7.6,1.1,0,0.2,10.7
2019,Q4,MICHIGAN,84000,84000,820,1500,6500,2600,2,8,9.2,37,1.1,8.3,9.7,3.8
2019,Q4,MINNESOTA,97000,97000,3400,60,15500,1300,0,16,1.2,37.3,1.8,6.1,7.8,4
2019,Q4,MISSISSIPPI,21000,29000,350,50,3400,470,0,12,4.1,41,10.5,13.9,38,5.2
2019,Q4,MISSOURI,9000,10000,260,10,1500,170,0,15,0.2,19.2,1.5,0.1,5.9,0.4
2019,Q4,MONTANA,71000,79000,770,4000,7000,1100,5,9,0,15.7,2.8,0.8,1.8,0.3
2019,Q4,NEBRASKA,37000,38000,320,10,2700,570,0,7,0,5.8,2.8,3.5,1,6.4
2019,Q4,NEW JERSEY,15500,15500,60,80,220,60,1,1,0,2.5,1.3,0,0.9,0.5
2019,Q4,NEW MEXICO,6000,6000,30,10,70,10,0,1,0.4,5.2,2.6,0,0.3,0
2019,Q4,NEW YORK,65000,65000,630,510,10000,960,1,15,3,33.3,3.2,8.7,24.8,4
2019,Q4,NORTH CAROLINA,17500,18000,240,770,3200,360,4,18,4.5,44.5,15.7,2.4,21,11.7
2019,Q4,NORTH DAKOTA,420000,420000,3000,4300,27000,1900,1,6,1.8,43,2,3.7,7.1,1.7
2019,Q4,OHIO,19000,19000,800,390,2700,980,2,14,0.4,33.2,3.3,0.6,5.6,7.6
2019,Q4,OKLAHOMA,6500,37000,460,,2500,160,0,7,0,1,0.4,0.4,0.4,0.1
2019,Q4,OREGON,115000,130000,650,2000,15000,2600,2,12,4.7,35.8,16.6,1.8,2.1,16
2019,Q4,OTHER STATES,11010,11510,280,0,1340,0,0,12,0.3,13.6,32.4,0.3,2.3,0.9
2019,Q4,PENNSYLVANIA,21000,21000,1600,1100,3800,390,5,18,1,33.2,2.3,3.2,4.6,2.9
2019,Q4,SOUTH CAROLINA,12500,13500,1400,430,1900,100,3,14,1.7,56.7,13.1,3.5,18.4,6.3
2019,Q4,SOUTH DAKOTA,189000,189000,0,40,7500,1300,0,4,3.2,12.2,11.2,5.6,6.1,1.5
2019,Q4,TENNESSEE,11000,11000,20,70,1300,390,1,12,0,66.6,7.6,33.6,53.5,9.1
2019,Q4,TEXAS,129000,240000,8000,1700,17500,1300,1,7,4.6,23.1,5.8,4.9,14,1.4
2019,Q4,UTAH,30000,32000,970,90,4400,2000,0,14,2,22.1,0.2,10.3,2,0.3
2019,Q4,VERMONT,7000,7000,100,270,190,0,4,3,0.6,21,0.6,0.8,1.3,0.9
2019,Q4,VIRGINIA,8000,8000,10,190,1200,210,2,15,0.4,37.7,5.3,0,18.6,6
2019,Q4,WASHINGTON,89000,93000,810,100,12500,7000,0,13,0.6,40.3,2.9,19.6,2.3,3.2
2019,Q4,WEST VIRGINIA,7500,8000,30,1600,1500,870,20,19,1.1,65.8,6.1,0.4,10.7,2.2
2019,Q4,WISCONSIN,46000,46000,1800,3000,8500,2900,7,18,14.8,40,22,14.1,22.1,7.3
2019,Q4,WYOMING,27000,28000,100,490,3300,1500,2,12,3.2,27.6,4.3,0,12.3,13.2
2019,Q3,ALABAMA,7000,7000,160,330,990,180,5,14,2.9,30.6,9.7,0.2,24.6,6.4
2019,Q3,ARIZONA,26000,30000,5500,3800,2000,770,13,7,2.7,29,13.2,11.4,9.9,0.6
2019,Q3,ARKANSAS,20000,21000,170,680,2100,990,3,10,6.8,53.2,6.9,50.5,19.7,39.3
2019,Q3,CALIFORNIA,650000,700000,87000,108000,93000,12000,15,13,8.7,49,11.1,16,11.5,3.2
2019,Q3,COLORADO,33000,36000,2200,3400,9500,1700,9,26,4.8,79.8,9.4,10.2,12.5,1
2019,Q3,CONNECTICUT,4400,4400,70,470,200,20,11,5,2.4,24.3,3.9,0,6.9,0.5
2019,Q3,FLORIDA,210000,240000,46000,33000,20000,6000,14,8,6.3,44.9,11.7,18.2,20.7,10.8
2019,Q3,GEORGIA,116000,118000,12000,36000,13000,8500,31,11,1.6,52.5,17.1,25.8,18.6,4.6
2019,Q3,HAWAII,17000,17000,200,6000,200,0,35,1,0.3,37.2,1.3,0,39,0.2
2019,Q3,IDAHO,95000,111000,8500,12500,10500,1100,11,9,21.7,59.9,18.5,9.9,15.4,0.8
2019,Q3,ILLINOIS,13500,13500,460,1300,940,100,10,7,0.7,35.9,5.5,2.5,8.3,11.5
2019,Q3,INDIANA,14000,16000,2200,1500,1000,90,9,6,3,55.7,19.2,23.1,15.2,1.4
2019,Q3,IOWA,30000,33000,2000,4800,3400,250,15,10,5.8,39.4,27.8,26.3,7.1,3.6
2019,Q3,KANSAS,7500,7500,190,400,1900,310,5,25,21.8,67.5,1.2,23.9,33.8,0.5
2019,Q3,KENTUCKY,8000,8500,700,430,850,200,5,10,0.4,29.2,7.9,5.2,17.6,8.6
2019,Q3,LOUISIANA,42000,44000,4400,13000,4100,910,30,9,0.4,67.1,2.5,57,66.8,2.7
2019,Q3,MAINE,11500,12000,460,3500,1100,10,29,9,0.1,10.1,0.2,0,0.7,0.1
2019,Q3,MARYLAND,7500,7500,720,1200,790,50,16,11,0,26.7,5.1,0.3,2.7,1.4
2019,Q3,MASSACHUSETTS,13500,13500,800,560,1100,170,4,8,0.2,13,0.7,0,2.9,7.3
2019,Q3,MICHIGAN,94000,99000,3000,3300,11000,1800,3,11,8.7,42.7,2.1,7.3,16.4,1.5
2019,Q3,MINNESOTA,126000,129000,5000,2100,21000,2400,2,16,4,54.9,6.6,13.4,8.2,2.1
2019,Q3,MISSISSIPPI,23000,23000,550,850,2900,610,4,13,2.4,59.1,4,25.4,45.6,5.1
2019,Q3,MISSOURI,10500,10500,260,350,500,20,3,5,0.4,18.4,2.1,0.8,7.1,0.6
2019,Q3,MONTANA,147000,154000,3600,12500,18500,1200,8,12,10.6,28,4.1,6.1,10,1
2019,Q3,NEBRASKA,40000,41000,680,1400,3700,540,3,9,1.8,29.2,7.2,2.8,2.7,1.9
2019,Q3,NEW JERSEY,16000,16000,650,3100,680,240,19,4,0.3,26.1,0.5,0.2,2.3,0.1
2019,Q3,NEW MEXICO,2400,5500,1000,550,170,70,10,3,0.9,39.5,0.8,0,29.1,0
2019,Q3,NEW YORK,65000,69000,3200,3700,8500,3200,5,12,1.2,30.7,2.5,8.2,11.5,3.8
2019,Q3,NORTH CAROLINA,22000,22000,1800,5000,2700,300,23,12,19.7,26.9,9.7,4,11.3,5.7
2019,Q3,NORTH DAKOTA,530000,530000,15000,17500,81000,7000,3,15,14.7,48.4,23.7,9,10.2,9.3
2019,Q3,OHIO,19500,19500,2800,3000,1600,220,15,8,4.2,40.6,5.9,1.8,23,3.9
2019,Q3,OKLAHOMA,7500,7500,130,1100,930,20,15,12,0.1,29,4.1,0.1,1.4,4.4
2019,Q3,OREGON,83000,118000,6000,21000,8000,470,18,7,19.8,35.4,16.6,15.1,12.8,0.4
2019,Q3,OTHER STATES,13660,13900,320,900,2080,0,6,15,4.2,11.3,1.4,7.7,4.5,0.1
2019,Q3,PENNSYLVANIA,19000,20000,1800,1900,980,130,10,5,1.8,23.4,1.5,5,8.8,5.6
2019,Q3,SOUTH CAROLINA,14500,14500,2000,1400,2200,80,10,15,0.6,44.9,19.6,16.2,11.6,3.7
2019,Q3,SOUTH DAKOTA,255000,255000,1300,8000,51000,1200,3,20,0.3,10.4,4,14,3.5,1.5
2019,Q3,TENNESSEE,14000,14000,2200,2200,4500,140,16,32,0.2,51.4,11.5,9.1,23.3,1.5
2019,Q3,TEXAS,126000,133000,6500,7000,11000,6500,5,8,4.4,21.9,7.2,11.5,18.3,2.1
2019,Q3,UTAH,24000,29000,3500,1700,2800,950,6,10,5.5,29.4,0.6,0.2,4.9,4.6
2019,Q3,VERMONT,7000,7000,80,490,120,10,7,2,0.7,22.2,0.5,0,4.3,0.1
2019,Q3,VIRGINIA,9000,9000,350,820,570,80,9,6,0.9,37.9,2.7,1.3,18.3,3.1
2019,Q3,WASHINGTON,85000,97000,12000,10000,21000,4500,10,22,2.5,47.3,9.4,4.6,0.9,0.3
2019,Q3,WEST VIRGINIA,10000,10000,200,1100,1100,290,11,11,0.7,33.7,6.9,2.7,10.7,0.3
2019,Q3,WISCONSIN,63000,63000,2400,10000,6500,820,16,10,13.9,46.4,6.5,18.1,20.5,3.9
2019,Q3,WYOMING,24000,27000,2500,3500,3000,1100,13,11,3.3,45.7,6.3,2.2,0.4,2.5
2019,Q1,ALABAMA,5500,5500,800,200,650,140,4,12,1.8,27.2,3.1,0.3,22.7,9
2019,Q1,ARIZONA,22000,22000,430,90,2500,1500,0,11,6.5,25.8,8.4,16.2,7.9,0.2
2019,Q1,ARKANSAS,28000,28000,20,20,6500,320,0,23,3.3,19.5,0.7,55.3,1.5,2.9
2019,Q1,CALIFORNIA,1140000,1580000,83000,86000,235000,14000,5,15,6.4,43.5,8.7,12.3,13.4,5.6
2019,Q1,COLORADO,5000,7500,0,0,320,1500,0,4,0,11.2,2.5,0,0.3,0.6
2019,Q1,CONNECTICUT,3100,3100,170,10,270,90,0,9,0,10.1,3.6,0,1.3,1.7
2019,Q1,FLORIDA,300000,315000,41000,16500,46000,3900,5,15,5.5,46.9,7.4,22.9,24.8,5.5
2019,Q1,GEORGIA,120000,129000,19500,8000,14500,2300,6,11,7.4,69.6,10.6,9.6,17.8,4.9
2019,Q1,HAWAII,16500,16500,660,3700,390,80,22,2,0.1,72.1,2.9,0.7,64.9,0
2019,Q1,IDAHO,132000,145000,4600,1100,12500,3700,1,9,8,24.5,8.6,9.2,8,0
2019,Q1,ILLINOIS,9000,9000,210,80,2300,530,1,26,3.1,33.3,15.5,0.7,14.7,10.1
2019,Q1,INDIANA,6000,6000,440,280,710,150,5,12,2.6,15.6,7.1,5.5,8.8,1.7
2019,Q1,IOWA,7500,11500,170,140,1600,270,1,14,0.6,34.8,7.7,0.3,1.7,3.5
2019,Q1,KANSAS,4500,4500,370,110,1500,430,2,33,2.5,86.9,21.6,12.2,7.8,4
2019,Q1,KENTUCKY,3700,4400,60,30,890,70,1,20,0.1,21.6,10.7,5.3,12.9,4.6
2019,Q1,LOUISIANA,49000,51000,9000,16000,3500,550,31,7,0.1,57.8,1,0.3,1.3,0.7
2019,Q1,MAINE,7000,7000,10,30,470,10,0,7,0,2.3,1.4,0,0.1,0.8
2019,Q1,MARYLAND,8000,8000,30,10,2300,50,0,29,0.2,12.6,10.1,0,5.1,2.4
2019,Q1,MASSACHUSETTS,3800,3800,60,20,680,50,1,18,0,10.3,6.3,4.3,0,0.9
2019,Q1,MICHIGAN,24000,33000,0,0,6500,3300,0,20,1.5,18.2,12.2,0.2,5.8,0.7
2019,Q1,MINNESOTA,17000,43000,80,470,2200,1900,1,5,1.9,1.3,2,0,0.2,0.8
2019,Q1,MISSISSIPPI,26000,29000,3800,1700,2400,160,6,8,64.8,14.6,1.9,48.4,71,5.5
2019,Q1,MISSOURI,8500,8500,80,60,1100,340,1,13,1.9,5.4,5.4,0.5,2.3,3.2
2019,Q1,MONTANA,37000,68000,1700,1900,3500,620,3,5,0,15.1,0.8,0.8,0,1.1
2019,Q1,NEBRASKA,13500,16500,0,0,2500,1500,0,15,32,32.3,2.2,0.8,1.3,0.1
2019,Q1,NEW JERSEY,6000,6000,130,60,310,0,1,5,0,15.3,3.5,0,4.4,0.6
2019,Q1,NEW MEXICO,4800,4800,0,0,170,0,0,4,0.6,3.5,1.4,0,1.1,0.3
2019,Q1,NEW YORK,24000,24000,110,80,3400,750,0,14,1.7,10.6,7.7,1.7,2.5,9
2019,Q1,NORTH CAROLINA,10500,14500,750,890,1700,350,6,12,0.2,16.4,2.2,0.7,2,3.4
2019,Q1,NORTH DAKOTA,92000,102000,0,1300,1100,1600,1,1,0,6.9,0.4,6.5,0,1.3
2019,Q1,OHIO,10500,12500,1700,440,3500,1500,4,28,11.1,49.3,6.7,1.1,9.9,3.1
2019,Q1,OKLAHOMA,21000,55000,20,0,50,10,0,0,0,7.7,0,0,0.3,0
2019,Q1,OREGON,89000,95000,8000,1800,7500,2300,2,8,0.2,18,2.7,0.2,0.1,0.5
2019,Q1,OTHER STATES,6070,6070,70,30,590,140,0,10,0.3,6.9,2.1,0,1.8,1.6
2019,Q1,PENNSYLVANIA,15000,15000,370,320,2900,1200,2,19,3.7,15.3,7.5,4,4.6,9.5
2019,Q1,SOUTH CAROLINA,12000,13000,2000,340,690,110,3,5,0,18.5,12.4,1.7,14.5,1
2019,Q1,SOUTH DAKOTA,18500,18500,0,0,1100,2400,0,6,0,0.8,0.8,2.5,0,2.2
2019,Q1,TENNESSEE,6000,7000,240,320,1500,320,5,21,5.1,62.8,7.7,0.9,23.6,7.1
2019,Q1,TEXAS,260000,330000,61000,35000,17000,600,11,5,5.3,26.1,6.9,8.3,6.5,3
2019,Q1,UTAH,8500,11000,900,0,1800,3200,0,16,0.1,22.9,0.3,0,0,8.8
2019,Q1,VERMONT,6500,6500,50,0,260,40,0,4,2.4,6.2,0.2,0,0.1,1.2
2019,Q1,VIRGINIA,5500,5500,80,110,1100,150,2,20,0.8,16.6,3.9,0.3,12.8,9.3
2019,Q1,WASHINGTON,51000,75000,5500,2200,7000,5500,3,9,0.6,22.3,0.8,0.3,0.8,0.2
2019,Q1,WEST VIRGINIA,5000,7000,20,60,1300,530,1,19,1.1,10.3,5,0.2,3.2,1.3
2019,Q1,WISCONSIN,16500,17000,580,100,3700,800,1,22,0.7,15.9,13.8,1.1,3.2,5
2019,Q1,WYOMING,6500,9500,0,0,250,980,0,3,0.1,0.7,0.5,0,0,2.3
2018,Q4,ALABAMA,6500,6500,210,1300,830,,20,13,1.3,20.6,3.4,1.5,20.5,7.5
2018,Q4,ARIZONA,26000,27000,2200,330,5000,,1,19,3.1,20.6,7.1,0,8.3,3
2018,Q4,ARKANSAS,30000,31000,110,230,6000,,1,19,0,82.8,5.3,73.5,7.1,2.2
2018,Q4,CALIFORNIA,680000,1200000,86000,46000,170000,,4,14,9.8,44.1,9.3,11.6,16.6,7.1
2018,Q4,COLORADO,30000,30000,370,10,3500,,0,12,1,73.2,6.1,0,5.9,1.2
2018,Q4,CONNECTICUT,3500,3500,0,60,220,,2,6,2.3,12.5,4.2,0.9,3.6,2.3
2018,Q4,FLORIDA,240000,290000,53000,20000,43000,,7,15,9,46.7,8,14.1,22.4,6.7
2018,Q4,GEORGIA,148000,164000,6500,49000,19500,,30,12,9.2,41.4,5.6,6.9,17.4,7.8
2018,Q4,HAWAII,16000,16000,1700,6000,940,,38,6,0,70.5,0.1,0,83.3,0
2018,Q4,IDAHO,99000,159000,9000,910,15000,,1,9,9.6,64.9,7,15.9,47.4,4.5
2018,Q4,ILLINOIS,12000,12000,600,350,1400,,3,12,2.4,27.2,6.9,2.8,13.1,5.7
2018,Q4,INDIANA,9000,9000,40,1200,3300,,13,37,23.8,51.3,35.4,64.6,21.3,2.3
2018,Q4,IOWA,21000,21000,630,80,4200,,0,20,8.9,55.1,29.4,31.6,27.2,5.6
2018,Q4,KANSAS,5500,5500,420,10,1000,,0,18,26,62,1.6,43.7,31.3,26.4
2018,Q4,KENTUCKY,7000,7000,60,430,2000,,6,29,1.2,57.1,5.5,6.8,41.9,4.3
2018,Q4,LOUISIANA,50000,52000,130,200,2600,,0,5,0.3,16.6,1,5.9,6.7,1.7
2018,Q4,MAINE,12000,12000,210,880,1400,,7,12,0,9.3,1.2,0,5.1,0.1
2018,Q4,MARYLAND,7000,9000,60,90,690,,1,8,0.3,16.6,4.9,1.2,5.3,1.7
2018,Q4,MASSACHUSETTS,4900,4900,110,320,650,,7,13,8.1,33.2,3.4,9.4,9.2,5.3
2018,Q4,MICHIGAN,77000,77000,3900,1800,6000,,2,8,15.6,52,2.4,15.1,31.2,6.6
2018,Q4,MINNESOTA,84000,86000,2500,590,11500,,1,13,4.2,28.4,3.8,7.9,5.2,2.4
2018,Q4,MISSISSIPPI,14500,25000,330,50,2000,,0,8,0.2,26.5,3,0.5,6.7,4.5
2018,Q4,MISSOURI,10000,10000,170,150,880,,2,9,1.1,37,1.9,2.3,10,4.1
2018,Q4,MONTANA,98000,102000,3100,500,5500,,0,5,5.6,40.7,2.9,17.5,13,0
2018,Q4,NEBRASKA,45000,45000,7000,840,5000,,2,11,0.7,3,2.9,0.3,0.7,1
2018,Q4,NEW JERSEY,15500,15500,30,80,1300,,1,8,0.1,14,5.4,0,3.2,0.3
2018,Q4,NEW MEXICO,8000,8000,50,0,3000,,0,38,3.7,81.3,8,0.1,0.8,1.2
2018,Q4,NEW YORK,53000,53000,1000,1500,4400,,3,8,7.8,26,7.8,2.4,4.5,0.7
2018,Q4,NORTH CAROLINA,16000,16000,250,300,2700,,2,17,3.8,53,11.1,2,10.4,5.2
2018,Q4,NORTH DAKOTA,430000,435000,7500,1500,29000,,0,7,8.1,29.5,4.3,10.6,9.4,4.6
2018,Q4,OHIO,15500,15500,170,450,2100,,3,14,0.1,29.3,2.4,8.1,5.8,9.9
2018,Q4,OKLAHOMA,2200,57000,60,20,2500,,0,4,0,13.1,0,0,0.4,0.3
2018,Q4,OREGON,89000,101000,10500,12000,13000,,12,13,16,44.1,0.9,14.8,4.6,0.2
2018,Q4,OTHER STATES,8370,8670,20,500,1150,,6,13,0.2,12.7,1.5,5.4,0.2,5.4
2018,Q4,PENNSYLVANIA,21000,21000,270,1500,4000,,7,19,6.7,26.9,7.8,13,10.7,5.4
2018,Q4,SOUTH CAROLINA,10000,12500,770,790,1500,,6,12,0.3,32.2,1.3,1.4,16.1,5.5
2018,Q4,SOUTH DAKOTA,140000,140000,2000,430,21000,,0,15,7,12.8,2.1,1.6,1.3,2.5
2018,Q4,TENNESSEE,8000,8500,30,370,1900,,4,22,1.9,49.8,9.1,11.4,20.8,5.1
2018,Q4,TEXAS,116000,260000,11000,70,17000,,0,7,5.5,18.6,6.2,3,18.5,3.7
2018,Q4,UTAH,27000,27000,180,400,3400,,1,13,5.5,48,6.5,8,9.8,4.9
2018,Q4,VERMONT,6500,6500,10,20,170,,0,3,0,6.2,0.8,0,1.3,0.7
2018,Q4,VIRGINIA,7000,7000,80,1300,1100,,19,16,12.1,57.1,5.8,13.1,38.4,2.8
2018,Q4,WASHINGTON,75000,81000,5500,1400,11000,,2,14,11.7,34.5,3.3,4.9,0.5,1.3
2018,Q4,WEST VIRGINIA,7000,7000,50,70,1200,,1,17,0.6,29.5,4.2,7.2,15.2,6.8
2018,Q4,WISCONSIN,48000,48000,1600,530,8500,,1,18,1.5,29.9,7.6,24.5,28.3,5.2
2018,Q4,WYOMING,30000,32000,220,0,2700,,0,8,2.6,43.9,1,6.8,7.9,1.4
2018,Q3,ALABAMA,8500,8500,1600,1300,1700,,15,20,0.7,77.5,7.8,14.6,69.4,6.8
2018,Q3,ARIZONA,31000,31000,3200,3100,8000,,10,26,4.5,52.5,15,3.8,2.3,27.6
2018,Q3,ARKANSAS,29000,29000,2600,840,2300,,3,8,0.1,29.9,0.5,17.6,7.8,0.6
2018,Q3,CALIFORNIA,590000,700000,63000,141000,73000,,20,10,4.5,57.3,12,17.8,6.6,3.6
2018,Q3,COLORADO,34000,35000,1500,5000,5000,,14,14,5.6,72.6,8.5,2.9,16.6,4.5
2018,Q3,CONNECTICUT,3200,3200,80,310,130,,10,4,0,13,2.5,1.4,0,1.2
2018,Q3,FLORIDA,197000,220000,53000,40000,30000,,18,14,4.2,35,14.3,7.6,20.5,9.8
2018,Q3,GEORGIA,134000,138000,27000,33000,17000,,24,12,2.4,49.8,6,27.7,20.4,7.2
2018,Q3,HAWAII,16500,16500,1700,3000,1800,,18,11,0.1,88.3,0.1,0.1,89.4,0
2018,Q3,IDAHO,82000,101000,15000,21000,14000,,21,14,14.6,83.6,13.8,26.5,5.4,5.7
2018,Q3,ILLINOIS,11000,11000,700,420,660,,4,6,2.1,21.2,1.5,5.1,10.6,7
2018,Q3,INDIANA,11500,11500,520,1200,990,,10,9,1.4,29.5,5,20.6,12.2,0.5
2018,Q3,IOWA,56000,57000,1200,990,3600,,2,6,8.5,29.9,1.9,0.4,9.8,0.4
2018,Q3,KANSAS,6000,6000,300,180,950,,3,16,6.6,76.8,23.7,8,51.1,7.9
2018,Q3,KENTUCKY,6500,7000,300,660,840,,9,12,1.6,47.1,4.5,1.5,26.5,7.6
2018,Q3,LOUISIANA,53000,53000,1600,2300,1900,,4,4,0.2,31.3,1,1.7,29.9,1.6
2018,Q3,MAINE,12500,12500,60,170,890,,1,7,1.1,37,3.5,0,1,0.5
2018,Q3,MARYLAND,7500,7500,580,680,360,,9,5,0.3,11.7,1.1,0.6,6,3.8
2018,Q3,MASSACHUSETTS,8000,10000,850,730,2200,,7,22,10.7,75.9,1.1,10.1,11.2,10.3
2018,Q3,MICHIGAN,88000,88000,3000,22000,8000,,25,9,1.1,92.4,19.5,23.8,13.8,18.6
2018,Q3,MINNESOTA,121000,127000,1600,6500,29000,,5,23,6,44.5,9.3,28.4,12.4,8.1
2018,Q3,MISSISSIPPI,16500,16500,110,650,2900,,4,18,0,25.2,7.5,0.5,8.6,7.2
2018,Q3,MISSOURI,10000,10000,260,410,540,,4,5,1.2,18.2,7.5,1.2,16.9,1.1
2018,Q3,MONTANA,145000,153000,3100,22000,18500,,14,12,18,43.8,21.8,6.8,18.5,2.7
2018,Q3,NEBRASKA,52000,54000,8500,5000,6500,,9,12,5.9,24.1,4.3,6.5,3.2,4
2018,Q3,NEW JERSEY,14000,14000,250,220,320,,2,2,0.2,12.3,1,0.1,5.1,0.4
2018,Q3,NEW MEXICO,6000,7000,3800,1000,1200,,14,17,0,0,0.4,12.3,0,0.2
2018,Q3,NEW YORK,55000,56000,3600,3700,3900,,7,7,18.6,40.7,22.9,24.4,20.6,10.2
2018,Q3,NORTH CAROLINA,18000,18000,2600,2000,2200,,11,12,11.4,66,11.4,8.4,17.9,3.1
2018,Q3,NORTH DAKOTA,455000,490000,23000,14500,59000,,3,12,9.6,52.6,10.9,10.4,11.5,1.2
2018,Q3,OHIO,16000,16000,1300,2100,1300,,13,8,2.6,58.9,11.9,1.3,40.9,1.2
2018,Q3,OKLAHOMA,2100,2100,20,10,370,,0,18,0.1,59.6,17.2,23.5,51.1,23.4
2018,Q3,OREGON,116000,117000,3000,49000,13000,,42,11,7,57.2,10.7,45.1,2.8,0.8
2018,Q3,OTHER STATES,6490,9990,480,440,890,,4,9,1.3,22.8,4.9,2.9,2.4,0.7
2018,Q3,PENNSYLVANIA,20000,21000,2900,2300,860,,11,4,1.9,23.5,1.7,1.6,8.1,2.6
2018,Q3,SOUTH CAROLINA,9500,11500,670,1100,1400,,10,12,0.7,76.8,7.6,32.4,53.4,0.9
2018,Q3,SOUTH DAKOTA,168000,197000,8000,6500,22000,,3,11,3.3,54.7,45,8.5,32.9,1.6
2018,Q3,TENNESSEE,9000,9000,540,1000,900,,11,10,0.7,70.6,5.6,13.2,53.2,2.1
2018,Q3,TEXAS,112000,124000,7500,9500,7500,,8,6,0.4,18.8,2.8,6.2,4.4,0.9
2018,Q3,UTAH,30000,30000,970,1400,4400,,5,15,0.1,34,1,0.2,15.5,0.7
2018,Q3,VERMONT,7000,7000,1200,80,90,,1,1,4.3,29.3,0.3,24.1,4.9,0
2018,Q3,VIRGINIA,7500,7500,1000,990,610,,13,8,2.6,39,11.6,7.7,28.5,1.7
2018,Q3,WASHINGTON,76000,84000,7000,3600,12000,,4,14,0.6,7.1,9.9,2.7,0.6,2.8
2018,Q3,WEST VIRGINIA,7500,8000,170,1200,520,,15,7,0.3,57,6.8,0.3,52.6,2.1
2018,Q3,WISCONSIN,61000,69000,2400,3800,10000,,6,14,2.6,54.4,6.1,19.5,32.7,4.3
2018,Q3,WYOMING,33000,34000,1800,3900,3900,,11,11,2.2,35.4,3.3,9,2.8,4
2018,Q2,ALABAMA,7000,8500,1700,710,650,,8,8,1.3,25.2,9.4,14.4,27.3,2.1
2018,Q2,ARIZONA,19000,19500,14000,2100,2600,,11,13,32.8,73.8,14.3,0.8,7.2,4.1
2018,Q2,ARKANSAS,14500,16000,13000,1900,2000,,12,13,0.7,30.9,17,2.2,12.8,13.2
2018,Q2,CALIFORNIA,1130000,1200000,172000,255000,110000,,21,9,11.1,41.5,9,13.7,10.2,5
2018,Q2,COLORADO,16500,27000,12500,4700,3000,,17,11,12.7,41.7,4.2,3.6,0,0.5
2018,Q2,CONNECTICUT,3600,3600,340,170,120,,5,3,0.4,11.1,0.8,0.8,0.9,0.4
2018,Q2,FLORIDA,250000,275000,49000,68000,56000,,25,20,9.6,45.3,10.1,15.5,27.5,21.1
2018,Q2,GEORGIA,131000,137000,35000,16000,18000,,12,13,13.8,53,31.4,14.8,25.9,10.1
2018,Q2,HAWAII,16500,16500,330,3100,380,,19,2,0.4,88.3,0.8,0,91.9,0.2
2018,Q2,IDAHO,59000,94000,14500,29000,6500,,31,7,3,51.6,4.1,18.5,3.7,4.4
2018,Q2,ILLINOIS,10000,10500,5000,2900,2300,,28,22,6.7,13.7,9.9,6.6,7.8,2.4
2018,Q2,INDIANA,8000,9500,4000,730,1800,,8,19,0.4,78,1.3,4.5,3.5,1.1
2018,Q2,IOWA,45000,47000,15500,4800,4300,,10,9,0.9,12.7,8.4,7.9,9.3,0.3
2018,Q2,KANSAS,3900,3900,3500,2100,300,,54,8,1.3,42.8,2.1,24.9,31.6,1.6
2018,Q2,KENTUCKY,5500,6000,1500,560,910,,9,15,0.6,40.9,4.1,1,20.2,5.9
2018,Q2,LOUISIANA,48000,48000,4900,4000,1400,,8,3,0.2,8.1,1.2,0.8,5.9,1.3
2018,Q2,MAINE,2200,23000,430,790,3100,,3,13,0.2,1.4,0.5,1.3,0.8,0
2018,Q2,MARYLAND,7000,8000,2400,1200,370,,15,5,0.8,11.8,4.4,0.3,3.4,0.4
2018,Q2,MASSACHUSETTS,3500,8000,910,350,260,,4,3,1,6.3,2,1.4,1.1,2.1
2018,Q2,MICHIGAN,37000,70000,23000,8500,7500,,12,11,10.8,75.4,12.7,11.7,18.6,9.8
2018,Q2,MINNESOTA,69000,116000,42000,25000,8500,,22,7,7.2,12.9,8,6,9.3,20.7
2018,Q2,MISSISSIPPI,50000,50000,4000,7000,3400,,14,7,0,44.6,3.5,0.2,26.2,2.2
2018,Q2,MISSOURI,7000,7000,2100,800,390,,11,6,0.8,11.8,8.3,1.5,13.2,2.6
2018,Q2,MONTANA,50000,176000,17000,22000,5500,,13,3,3.3,42.9,0.9,1.7,4.7,1.2
2018,Q2,NEBRASKA,10500,46000,4000,900,2100,,2,5,1.4,5,9,4.2,1.4,5.5
2018,Q2,NEW JERSEY,4400,15000,1300,170,270,,1,2,0,16.5,3.4,0.1,3.3,0.1
2018,Q2,NEW MEXICO,1900,4300,1700,450,50,,10,1,0.3,0.3,0.2,0,0.1,1
2018,Q2,NEW YORK,20000,42000,11000,2400,2700,,6,6,15,39.6,16.7,6.6,20,3.7
2018,Q2,NORTH CAROLINA,16000,17500,4100,800,2500,,5,14,0.5,9.7,14.6,2.4,2.6,0.8
2018,Q2,NORTH DAKOTA,74000,460000,23000,64000,23000,,14,5,4.9,34.8,4.9,4.7,7.9,4.3
2018,Q2,OHIO,11000,13000,9000,2100,1500,,16,12,1.7,38.8,21.6,2.7,30.7,1.5
2018,Q2,OKLAHOMA,15500,15500,10500,6500,1700,,42,11,9.6,60.2,12.4,26.7,10.9,0.1
2018,Q2,OREGON,41000,107000,17500,24000,3400,,22,3,8.1,46.1,15.6,6.6,3.5,0.2
2018,Q2,OTHER STATES,4380,8670,1750,1030,380,,12,4,0.9,19.8,3.5,0,0.9,0.2
2018,Q2,PENNSYLVANIA,15500,19500,6000,1600,1100,,8,6,2.2,31.3,1.6,2,16,1.9
2018,Q2,SOUTH CAROLINA,14000,14000,2600,4000,1300,,29,9,0.7,14.2,10,1.6,3.5,3
2018,Q2,SOUTH DAKOTA,10000,169000,12500,65000,17000,,38,10,7.3,55.1,37.5,3.8,40.4,0
2018,Q2,TENNESSEE,8000,8000,3800,1300,1200,,16,15,3,30,6.2,3.4,22.9,2.5
2018,Q2,TEXAS,305000,315000,79000,71000,38000,,23,12,8.1,26.5,8.5,4.5,17.7,14.6
2018,Q2,UTAH,14500,26000,9500,4100,1900,,16,7,2,43.5,1.4,1.7,3.7,1.9
2018,Q2,VERMONT,5500,6500,2600,140,520,,2,8,0.7,21.8,1.8,16.7,1.5,0.1
2018,Q2,VIRGINIA,5000,6000,2600,700,500,,12,8,3.2,22.7,23.1,1.3,18.8,1.5
2018,Q2,WASHINGTON,55000,122000,15500,19000,7500,,16,6,7.6,55.9,7.1,7.6,9.4,0.6
2018,Q2,WEST VIRGINIA,7000,7000,2300,550,570,,8,8,0.9,13.8,13.6,2.9,7.5,7.9
2018,Q2,WISCONSIN,26000,56000,12000,7000,6500,,13,12,18.3,32.1,29.5,27.1,16.9,0.8
2018,Q2,WYOMING,8500,28000,5500,2200,2300,,8,8,2.1,9.6,2.7,2.1,0.1,3.7
2018,Q1,ALABAMA,7500,7500,1200,1500,820,,20,11,1.9,29.2,8.6,14.9,30.2,4.5
2018,Q1,ARIZONA,25000,26000,810,230,6000,,1,23,4.6,36.3,7.9,15.3,4.3,4.2
2018,Q1,ARKANSAS,22000,22000,540,810,7500,,4,34,1,21.1,4.6,23,9.6,13.9
2018,Q1,CALIFORNIA,1150000,1540000,205000,133000,215000,,9,14,4.8,41.3,8,11.5,11.3,4.9
2018,Q1,COLORADO,13000,21000,1400,190,4900,,1,23,3.8,31.7,13.7,0.5,0.8,2.4
2018,Q1,CONNECTICUT,2900,2900,220,330,140,,11,5,0,14.5,7.7,0.8,0.7,3.5
2018,Q1,FLORIDA,245000,255000,57000,38000,39000,,15,15,4.5,31.7,5.5,9.2,15.3,16
2018,Q1,GEORGIA,134000,139000,29000,39000,25000,,28,18,0.9,39.6,27.1,14.8,18.7,2.1
2018,Q1,HAWAII,17000,17000,1200,5000,1600,,29,9,0.1,83,0.1,0,84.5,0
2018,Q1,IDAHO,164000,168000,2500,2600,22000,,2,13,0.8,28.3,3.4,3.4,5.7,0.4
2018,Q1,ILLINOIS,10500,10500,1000,630,2400,,6,23,3.6,25.7,10.4,3.5,11.2,10.9
2018,Q1,INDIANA,7000,8000,300,30,1000,,0,13,3,33.4,9.9,0.5,8.3,3.7
2018,Q1,IOWA,41000,44000,270,110,2100,,0,5,0.3,5.3,0.6,0.6,1.1,1.4
2018,Q1,KANSAS,3700,3700,370,410,950,,11,26,1,63,27.9,4.3,20.3,9.1
2018,Q1,KENTUCKY,5500,5500,760,20,1200,,0,22,0.9,43,8,11,29.6,5.9
2018,Q1,LOUISIANA,50000,52000,4100,320,3600,,1,7,0.2,4.9,4.5,0.7,0.7,1.6
2018,Q1,MAINE,1900,1900,20,30,410,,2,22,0.2,23.6,5.2,0,0.6,7.4
2018,Q1,MARYLAND,8000,8000,400,190,1600,,2,20,4.4,18.2,14.3,1.5,5.6,3.1
2018,Q1,MASSACHUSETTS,3700,3700,240,290,1000,,8,27,0.8,19.6,9.6,0.8,1.1,7.4
2018,Q1,MICHIGAN,16500,37000,4000,3900,7000,,11,19,0.7,21.4,12,7.4,3.5,5.9
2018,Q1,MINNESOTA,39000,62000,8000,2900,3900,,5,6,1.9,2,1.1,0.6,0.7,1.6
2018,Q1,MISSISSIPPI,19000,32000,28000,5500,2000,,17,6,0,7,2.4,0.6,4.8,34.4
2018,Q1,MISSOURI,8000,8000,1400,50,1400,,1,18,0.3,86,26.5,3.5,77.8,23.9
2018,Q1,MONTANA,35000,60000,840,0,140,,0,0,0,28.9,0.1,26.1,0,0.1
2018,Q1,NEBRASKA,6500,14000,0,0,430,,0,3,0,4.5,1.7,2.8,1.6,0.9
2018,Q1,NEW JERSEY,6500,6500,180,190,730,,3,11,0,14.9,3.8,0.4,1.9,0.8
2018,Q1,NEW MEXICO,7500,7500,180,0,3900,,0,52,0,42.8,9.4,1.3,0.5,0.5
2018,Q1,NEW YORK,26000,26000,400,170,3700,,1,14,1.4,25.3,8,1.9,11.9,6
2018,Q1,NORTH CAROLINA,18500,18500,2400,260,4200,,1,23,0.3,29.7,13.4,0.3,10.2,8
2018,Q1,NORTH DAKOTA,66000,101000,2600,10,3200,,0,3,1.1,1.4,0.8,0,0.1,0
2018,Q1,OHIO,12000,14000,300,580,4500,,4,32,6.5,39.6,15.8,3.2,10,11.6
2018,Q1,OKLAHOMA,17000,18000,890,240,3700,,1,21,3.2,24.1,3.1,0.1,8.5,2
2018,Q1,OREGON,81000,89000,16500,3900,4800,,4,5,1.2,36,3.7,6.7,0.7,1
2018,Q1,OTHER STATES,3820,7020,160,40,1870,,1,27,0.1,20.7,1.9,0,0.4,1.1
2018,Q1,PENNSYLVANIA,14500,15000,1200,670,3300,,4,22,3.3,34.4,5.9,9.3,5.6,9.9
2018,Q1,SOUTH CAROLINA,13500,14500,1900,2800,1800,,19,12,0.7,29.3,13.5,2.6,15.5,3
2018,Q1,SOUTH DAKOTA,23000,29000,250,90,390,,0,1,0,4.4,0.5,0,0.1,0.1
2018,Q1,TENNESSEE,10000,10000,540,470,3400,,5,34,2.3,29.2,13.2,3,20.4,19.7
2018,Q1,TEXAS,205000,290000,124000,42000,32000,,14,11,4.8,21.5,1.7,0.2,10.1,10.3
2018,Q1,UTAH,7500,17000,490,50,620,,0,4,0.1,18.7,0.1,0,0,0.5
2018,Q1,VERMONT,5500,5500,20,0,810,,0,15,0.3,17,2,0.6,1.2,0.8
2018,Q1,VIRGINIA,7000,7000,540,160,2100,,2,30,0.3,26,7.7,3.9,11.3,16.3
2018,Q1,WASHINGTON,44000,90000,7000,870,4600,,1,5,1,8.5,0.4,1.9,0.9,0.4
2018,Q1,WEST VIRGINIA,4700,8500,330,60,2500,,1,29,2,15,20.8,3.4,8,4.9
2018,Q1,WISCONSIN,21000,29000,2800,1600,4600,,6,16,1.2,14.1,3.6,1.5,3.7,3.7
2018,Q1,WYOMING,5500,9000,70,0,220,,0,2,0.1,0.8,1.9,0,0.3,0.9
2017,Q4,ALABAMA,7500,7500,550,500,990,,7,13,8.8,22.3,1.7,9.5,10.1,5.2
2017,Q4,ARIZONA,27000,30000,1300,1100,6500,,4,22,2.3,61.6,4.1,1.6,4.2,0.1
2017,Q4,ARKANSAS,25000,25000,2500,440,7500,,2,30,26.6,37.5,24.1,31,29.2,0.4
2017,Q4,CALIFORNIA,680000,1200000,90000,104000,155000,,9,13,7.4,47.9,17.1,17,14.1,6.3
2017,Q4,COLORADO,34000,34000,1500,4000,7000,,12,21,0.2,30.2,15.5,20,0.7,5.3
2017,Q4,CONNECTICUT,4000,4000,190,110,330,,3,8,0,36.4,1.6,0.6,2.8,1.6
2017,Q4,FLORIDA,180000,240000,55000,36000,50000,,15,21,7.5,41.4,7.6,10.4,16.8,26.2
2017,Q4,GEORGIA,125000,145000,4300,2200,21000,,2,14,12.3,56.8,3.6,15.3,15.1,4.6
2017,Q4,HAWAII,15000,15000,970,290,130,,2,1,0.1,57.2,0.1,0,66.1,0
2017,Q4,IDAHO,113000,164000,10000,5000,9000,,3,5,17.7,34,1.7,14.9,16.9,0.2
2017,Q4,ILLINOIS,13500,13500,140,460,1800,,3,13,0.8,28.9,4.9,7.9,10.2,4.9
2017,Q4,INDIANA,11500,11500,320,100,1700,,1,15,1.7,23.5,3.9,0.7,5.6,8
2017,Q4,IOWA,45000,45000,250,3400,6500,,8,14,12.3,61,17.9,32.6,25.5,5.5
2017,Q4,KANSAS,6500,6500,140,40,830,,1,13,3.3,17.9,0.6,8.6,7.7,10.2
2017,Q4,KENTUCKY,7500,7500,50,120,870,,2,12,0.5,54.3,5.6,6.5,24.4,19.1
2017,Q4,LOUISIANA,58000,60000,390,1900,2700,,3,5,0.3,31.5,2.1,0.6,26.6,10.4
2017,Q4,MAINE,5500,6000,220,110,60,,2,1,0.4,24.9,0.6,0,6.2,0
2017,Q4,MARYLAND,8000,10500,20,410,1300,,4,12,0.2,7.9,1.8,1.1,3.1,7.8
2017,Q4,MASSACHUSETTS,6000,6000,120,550,1100,,9,18,6.7,13.2,1.5,2.7,1.2,0.3
2017,Q4,MICHIGAN,88000,88000,990,1900,11500,,2,13,5.3,53.8,1.5,23.6,13.6,2
2017,Q4,MINNESOTA,98000,98000,1900,450,7000,,0,7,4.2,62.9,7.2,39.8,4,3.1
2017,Q4,MISSISSIPPI,14000,22000,280,830,3400,,4,15,1.4,19.3,1.5,1.5,6.1,4.1
2017,Q4,MISSOURI,9500,9500,100,230,820,,2,9,1,16.7,4.2,0.1,14.2,1.6
2017,Q4,MONTANA,115000,121000,5500,2900,13000,,2,11,3.1,54.2,5.3,5.9,4.1,4.1
2017,Q4,NEBRASKA,42000,42000,80,50,7500,,0,18,4.1,26.6,4.3,2.1,3.3,11.5
2017,Q4,NEW JERSEY,15500,15500,330,270,1200,,2,8,4.4,18.9,3.3,4.4,6.8,0
2017,Q4,NEW MEXICO,8000,8000,1700,,1900,,0,24,0,86.1,10,10.3,0.3,1
2017,Q4,NEW YORK,51000,51000,820,460,3900,,1,8,8,22.3,0.4,5.4,12.7,2.6
2017,Q4,NORTH CAROLINA,23000,23000,60,290,5000,,1,22,3.9,64.2,11.7,1.5,16.3,6.7
2017,Q4,NORTH DAKOTA,410000,410000,10000,2900,26000,,1,6,0.2,41.7,0.9,0.5,16.5,0.3
2017,Q4,OHIO,18500,18500,510,960,2800,,5,15,7.1,45.3,8.4,6.4,23.3,2.9
2017,Q4,OKLAHOMA,3700,46000,40,,100,,0,0,0,1,0,0,0.5,0.2
2017,Q4,OREGON,94000,94000,70,18500,10000,,20,11,28,50.6,3.9,14.2,23.3,1.8
2017,Q4,OTHER STATES,6070,6970,150,240,360,,3,5,3,11.5,1,2.2,1.7,2.4
2017,Q4,PENNSYLVANIA,24000,24000,2500,1100,5500,,5,23,1,44.7,2.9,6.9,5.4,2.3
2017,Q4,SOUTH CAROLINA,12500,15000,1300,750,2000,,5,13,14.6,31.6,1.9,0.2,19.4,1.9
2017,Q4,SOUTH DAKOTA,111000,111000,0,,6500,,0,6,4.1,17.3,7.5,4.4,0.1,2.7
2017,Q4,TENNESSEE,8500,10500,230,320,1300,,3,12,0.2,22.8,7.5,2,18.9,15.3
2017,Q4,TEXAS,127000,285000,3200,1900,20000,,1,7,7.1,33.9,3.8,2.9,21.4,5.2
2017,Q4,UTAH,29000,29000,480,70,2000,,0,7,11,24.3,9.4,9.2,8.9,19.8
2017,Q4,VERMONT,6500,6500,10,10,470,,0,7,22.1,96.6,5.7,55.2,44.5,1.8
2017,Q4,VIRGINIA,9500,9500,300,210,1100,,2,12,1.3,20.9,6.9,7.5,20.6,3.9
2017,Q4,WASHINGTON,66000,72000,2900,14000,4000,,19,6,0,21.7,0.4,0.3,6,0.2
2017,Q4,WEST VIRGINIA,8500,8500,70,1600,1200,,19,14,2.4,60.1,7.8,0.1,5.3,3.6
2017,Q4,WISCONSIN,51000,55000,530,3000,8500,,5,15,33.1,53.1,15.3,22.8,36.9,15.2
2017,Q4,WYOMING,28000,29000,2500,320,3500,,1,12,8.4,38,8.1,5.9,2.4,0.6
2017,Q3,ALABAMA,7000,9500,690,530,900,,6,9,0,69.5,7.5,35.4,22.1,3.9
2017,Q3,ARIZONA,26000,26000,5000,3200,4100,,12,16,0.5,19.8,12.4,1.1,0.4,6.3
2017,Q3,ARKANSAS,29000,29000,4400,410,6000,,1,21,0,61.4,9.3,17,9.1,2.3
2017,Q3,CALIFORNIA,590000,670000,73000,74000,67000,,11,10,5.6,42.3,10.1,13.4,15.8,3.6
2017,Q3,COLORADO,35000,42000,2900,6410,4300,,15,10,2.6,52.9,7.8,9.1,1.4,1.4
2017,Q3,CONNECTICUT,3500,3500,50,20,130,,1,4,0.1,25.1,13,0,1.5,0
2017,Q3,FLORIDA,176000,180000,39000,42000,39000,,23,22,3.7,42.9,11.4,6.3,13.2,21.5
2017,Q3,GEORGIA,121000,122000,19000,23000,15500,,19,13,2.3,47.6,15.1,14.1,18,6.9
2017,Q3,HAWAII,15000,15000,430,20,1100,,0,7,0.3,2.8,2,0,4.3,0
2017,Q3,IDAHO,89000,116000,9000,16500,12000,,14,10,6.7,53.7,9.5,15.5,19.1,5.1
2017,Q3,ILLINOIS,13000,13000,710,1200,1100,,9,8,2.8,29.9,4.6,2.8,14.2,3.3
2017,Q3,INDIANA,13000,13000,420,740,930,,6,7,0.4,13.9,3.8,3.9,5.9,2
2017,Q3,IOWA,40000,43000,2100,4000,2200,,9,5,2.4,17.2,4,3.9,7.2,2.2
2017,Q3,KANSAS,7000,7000,1400,1000,1700,,14,24,14.8,65.4,1.1,20.3,52.6,7.4
2017,Q3,KENTUCKY,9000,9000,450,700,1600,,8,18,4.6,46.4,10.3,0.6,39.2,6.2
2017,Q3,LOUISIANA,64000,64000,14500,34000,13500,,53,21,0.3,59.2,4,1.6,74.5,14.9
2017,Q3,MAINE,5500,6000,210,290,400,,5,7,0.9,3.4,1.2,3.9,0.9,0.1
2017,Q3,MARYLAND,8500,8500,1300,600,1600,,7,19,0.7,8.8,5.1,1.6,10.1,9.1
2017,Q3,MASSACHUSETTS,9000,9000,790,460,760,,5,8,0.7,82,0.8,2.3,0.9,0.1
2017,Q3,MICHIGAN,103000,109000,4300,11500,17500,,11,16,8.6,56.8,15,13.7,11.9,2.9
2017,Q3,MINNESOTA,136000,136000,1900,2200,20000,,2,15,1.8,39.8,11.6,9.4,4.7,2.3
2017,Q3,MISSISSIPPI,24000,24000,250,230,2900,,1,12,0.7,71.1,18.1,0.2,4.8,0.7
2017,Q3,MISSOURI,9000,9000,320,310,580,,3,6,2.8,77.7,1.6,34,36,35
2017,Q3,MONTANA,154000,161000,3100,23000,18500,,14,11,6.9,42.3,19.1,2.2,6.7,2
2017,Q3,NEBRASKA,46000,47000,880,13500,3700,,29,8,0.4,15.1,9.2,7.1,6.6,0.2
2017,Q3,NEW JERSEY,16000,16000,280,110,420,,1,3,0,10.7,0.4,0.8,2.9,1.9
2017,Q3,NEW MEXICO,8500,8500,1800,200,2500,,2,29,17.8,74.3,3.1,13.6,3.3,0.3
2017,Q3,NEW YORK,59000,59000,3100,9000,6500,,15,11,6.2,45.1,13.6,9.4,19.8,1.8
2017,Q3,NORTH CAROLINA,26000,27000,4100,2900,3300,,11,12,3.3,74.5,7.6,20.3,36.1,1.8
2017,Q3,NORTH DAKOTA,470000,490000,24000,100000,48000,,20,10,3.4,42,8.1,8.1,11.9,1.9
2017,Q3,OHIO,23000,23000,1100,1800,1800,,8,8,4.7,51.5,11.7,6.7,19.1,7
2017,Q3,OKLAHOMA,4400,4400,80,270,510,,6,12,10,22,4.7,3.8,23,2
2017,Q3,OREGON,94000,101000,7500,28000,13500,,28,13,11.3,54.4,6.4,13.2,10.6,1.8
2017,Q3,OTHER STATES,8100,10000,380,650,1070,,7,11,2.3,51.1,1.2,6.7,4.7,1.3
2017,Q3,PENNSYLVANIA,18500,18500,6000,1600,1500,,9,8,2.7,41.4,2.2,3.7,5.7,0.9
2017,Q3,SOUTH CAROLINA,14500,14500,640,440,1700,,3,12,0.2,26.4,5.2,3,11.8,0.8
2017,Q3,SOUTH DAKOTA,152000,159000,6000,7500,16500,,5,10,5,47.4,27,10.1,13.4,2.5
2017,Q3,TENNESSEE,10000,10000,800,960,1700,,10,17,2.1,42.8,5.3,6,22.1,6.9
2017,Q3,TEXAS,104000,115000,21000,7500,15000,,7,13,0.1,33.7,18.3,24,23,1.5
2017,Q3,UTAH,35000,35000,5500,3200,6500,,9,19,0.5,40.5,15.9,16.7,0.1,9.1
2017,Q3,VERMONT,7500,7500,520,270,180,,4,2,4.7,16.8,7,0,9,0.7
2017,Q3,VIRGINIA,11500,11500,430,430,1200,,4,10,1.5,50.3,4.4,0.5,26.5,1.6
2017,Q3,WASHINGTON,82000,92000,5500,10500,17000,,11,18,2,23.7,0.7,1.2,2.7,2.4
2017,Q3,WEST VIRGINIA,9000,9000,440,1900,930,,21,10,1.4,23.2,9.5,0.6,6.2,3.8
2017,Q3,WISCONSIN,74000,75000,6000,9000,12500,,12,17,18.5,61.6,13,21.8,21,12.1
2017,Q3,WYOMING,35000,36000,3100,3500,5500,,10,15,9.3,21.8,5.6,4.4,1.6,5.2
2017,Q2,ALABAMA,6500,6500,1200,500,440,,8,7,0,17.9,9.4,4.2,13.6,5.3
2017,Q2,ARIZONA,22000,22000,12500,3000,2600,,14,12,19.7,58.4,20.4,12.4,15.9,0.7
2017,Q2,ARKANSAS,17000,24000,6000,1300,1900,,5,8,1.9,19.4,2.7,3.9,9.6,2.5
2017,Q2,CALIFORNIA,980000,990000,160000,220000,90000,,22,9,3.1,38,4.8,13,7.7,3.4
2017,Q2,COLORADO,16500,31000,8000,7500,4500,,24,15,5.3,31.3,4.6,3.2,0.8,0.1
2017,Q2,CONNECTICUT,3000,3000,2200,350,140,,12,5,0,9.1,1.9,0.5,0.2,0.7
2017,Q2,FLORIDA,245000,255000,40000,50000,35000,,20,14,6.1,36.5,6.5,9,14.4,18.9
2017,Q2,GEORGIA,130000,137000,21000,31000,12500,,23,9,1,34.1,6.5,6.6,5.8,2.8
2017,Q2,HAWAII,12000,12000,3000,920,70,,8,1,0,88.9,0.4,0,3.7,0
2017,Q2,IDAHO,61000,78000,22000,31000,10500,,40,13,4,30.5,7.8,8.3,6.4,4.8
2017,Q2,ILLINOIS,11500,12000,3600,1600,1200,,13,10,0.7,11.3,5.6,3,4.3,1.5
2017,Q2,INDIANA,7500,11000,3000,510,1200,,5,11,0.1,5.5,8.6,43.3,2.1,1.2
2017,Q2,IOWA,12000,23000,23000,3900,2400,,17,10,7.5,39.3,8.1,26.6,27.6,0.9
2017,Q2,KANSAS,3800,6000,2500,870,390,,15,7,0.7,17.3,1.7,22.6,8.5,6.4
2017,Q2,KENTUCKY,7000,7500,3100,590,900,,8,12,1,25.7,4.3,4.5,11.6,4.9
2017,Q2,LOUISIANA,56000,62000,4100,8000,2600,,13,4,0,23.2,1.5,1.6,3.1,0.7
2017,Q2,MAINE,2200,33000,1100,1400,910,,4,3,4.1,4.4,2,4.3,4.3,14.8
2017,Q2,MARYLAND,8000,9500,3400,930,190,,10,2,0.8,3.3,2.1,0.3,6.9,1.1
2017,Q2,MASSACHUSETTS,2500,8000,1400,490,140,,6,2,12.9,14.8,0.4,11,12.5,1.6
2017,Q2,MICHIGAN,55000,100000,20000,13500,7500,,14,8,0.2,19.1,0.9,2.1,7.2,0.5
2017,Q2,MINNESOTA,32000,128000,19000,8500,12000,,7,9,2.3,20.5,6.6,12.8,4.7,2.2
2017,Q2,MISSISSIPPI,89000,89000,5500,26000,3800,,29,4,0,14,3.7,1.7,0.9,0.8
2017,Q2,MISSOURI,6500,7000,1800,1000,270,,14,4,3,13.4,5.1,1,8.9,1.9
2017,Q2,MONTANA,47000,135000,18000,18000,3700,,13,3,4.2,20,4.4,3.5,4,0.6
2017,Q2,NEBRASKA,7500,43000,7000,27000,1500,,63,3,1,50.1,16,37.6,38.4,0.8
2017,Q2,NEW JERSEY,5500,21000,1900,660,430,,3,2,2.3,21.4,0.3,1.9,5.6,0.8
2017,Q2,NEW MEXICO,7000,7500,3300,3900,1800,,52,24,72.9,88.4,35.6,0,0.6,0.6
2017,Q2,NEW YORK,25000,43000,16500,7500,1300,,17,3,2.1,22.2,8.9,2,2.1,0.1
2017,Q2,NORTH CAROLINA,24000,25000,5000,2700,3000,,11,12,2.3,23.4,5.1,0.8,5.5,1.5
2017,Q2,NORTH DAKOTA,115000,450000,31000,41000,16000,,9,4,3.2,29.3,3.2,5.3,4,1
2017,Q2,OHIO,13500,15000,7000,2500,1100,,17,7,6.2,45.5,16.6,10.4,6.4,3
2017,Q2,OKLAHOMA,17000,17000,4700,1200,200,,7,1,11.2,23.6,7.7,0.5,2.3,0.3
2017,Q2,OREGON,71000,92000,15500,22000,5000,,24,5,8.8,37.2,15.8,3.5,10.6,11.3
2017,Q2,OTHER STATES,5650,7160,870,940,160,,13,2,0.3,6.7,3.9,0,0.4,0.6
2017,Q2,PENNSYLVANIA,15500,17500,7500,2300,540,,13,3,0.7,13.5,2.4,1.5,1,1.5
2017,Q2,SOUTH CAROLINA,20000,20000,3000,3700,870,,19,4,15.1,24.3,4.1,18.5,21.7,0.4
2017,Q2,SOUTH DAKOTA,30000,168000,10000,23000,13000,,14,8,1,8.7,5,6.4,1.4,3.6
2017,Q2,TENNESSEE,8500,9000,2600,1500,1300,,17,14,1,53.4,10.6,3.1,25.5,3.9
2017,Q2,TEXAS,345000,350000,43000,148000,28000,,42,8,1.5,28.7,2.8,12.4,16.8,1.4
2017,Q2,UTAH,21000,31000,12500,10000,2700,,32,9,0.3,36.7,12.6,0.1,1.3,0
2017,Q2,VERMONT,6000,8000,390,190,170,,2,2,0.3,3.3,0.2,0,0.3,0.5
2017,Q2,VIRGINIA,8500,9500,3100,1100,1000,,12,11,0.9,18.7,1.8,5,18,4.8
2017,Q2,WASHINGTON,75000,111000,30000,20000,7000,,18,6,4.2,21.3,3.6,7.5,5,0.4
2017,Q2,WEST VIRGINIA,7500,7500,4100,2500,370,,33,5,1.8,11.6,3.7,0.4,1.6,1.6
2017,Q2,WISCONSIN,18000,65000,13000,6500,4000,,10,6,1.7,13.8,3.2,2.2,1.7,0.3
2017,Q2,WYOMING,15000,30000,6000,3500,1300,,12,4,12.6,34.1,5.7,2.8,3.5,1.9
2017,Q1,ALABAMA,7000,7000,570,740,1600,,11,23,0.2,19.9,6.7,3.2,9.8,9.3
2017,Q1,ARIZONA,31000,32000,2900,0,6000,,0,19,3.8,35.6,6.5,1.7,2,2.1
2017,Q1,ARKANSAS,18000,20000,430,230,3500,,1,18,0.1,31.5,3,0.5,14.6,1
2017,Q1,CALIFORNIA,1170000,1470000,137000,93000,195000,,6,13,7.5,37.7,6.6,9.2,12.6,6.3
2017,Q1,COLORADO,9500,21000,100,0,1100,,0,5,0,17,2.6,0.9,0,0.4
2017,Q1,CONNECTICUT,3100,3100,100,110,380,,4,12,0,51.5,6.1,0,1.5,5.6
2017,Q1,FLORIDA,260000,265000,78000,34000,30000,,13,11,1.5,37.6,6.2,14.2,14.8,17.9
2017,Q1,GEORGIA,123000,125000,25000,21000,14000,,17,11,0.2,35.3,4.4,2.6,7,1.8
2017,Q1,HAWAII,13000,13000,510,50,190,,0,1,0.2,1.2,0.1,0,2.1,0.1
2017,Q1,IDAHO,95000,99000,2000,280,8500,,0,9,42.3,74.2,1.7,21.2,42.3,0.4
2017,Q1,ILLINOIS,11000,11000,3100,150,2900,,1,26,0.5,21.2,9.9,3.7,13.1,8
2017,Q1,INDIANA,7000,7500,1700,70,1900,,1,25,5.2,15.8,10.4,4.1,8,7.1
2017,Q1,IOWA,10000,15500,70,0,3000,,0,19,8.4,33.6,11.9,12,8.3,11.7
2017,Q1,KANSAS,3800,3800,930,380,1000,,10,26,0,47.2,16.4,3.6,3,14.3
2017,Q1,KENTUCKY,6500,7000,950,430,1300,,6,19,0.4,31.9,16,3.8,11.5,7.5
2017,Q1,LOUISIANA,44000,47000,11000,1900,2700,,4,6,0.1,25.8,4.3,1.8,9.6,1.8
2017,Q1,MAINE,2700,3100,100,0,1000,,0,32,30.5,23.9,26.3,8.1,20.9,0
2017,Q1,MARYLAND,9000,9000,770,260,2100,,3,23,1,11.3,11.9,1,3.3,4.3
2017,Q1,MASSACHUSETTS,3300,3300,120,110,1500,,3,45,3,32.5,10.5,4.5,5.6,5.6
2017,Q1,MICHIGAN,29000,59000,600,130,5000,,0,8,0,7.9,1.1,1.9,0.3,3.9
2017,Q1,MINNESOTA,27000,41000,3300,0,3500,,0,9,0.1,2.1,9,0.9,0.4,5.8
2017,Q1,MISSISSIPPI,31000,68000,23000,7000,2600,,10,4,0,41.7,0.5,0.1,35.3,1.4
2017,Q1,MISSOURI,7000,7500,400,10,1200,,0,16,0.5,16.6,5.4,2.7,15.4,5.2
2017,Q1,MONTANA,18500,46000,3100,6000,470,,13,1,0,34,6,2.5,15.1,0.1
2017,Q1,NEBRASKA,7500,13000,120,0,750,,0,6,0.4,14.8,2.1,0,0.3,1.2
2017,Q1,NEW JERSEY,6000,6000,10,0,490,,0,8,0.3,16.3,0.8,0.1,0.7,0.6
2017,Q1,NEW MEXICO,5500,5500,3600,0,2100,,0,38,87.4,93.9,2,0,0,0
2017,Q1,NEW YORK,32000,33000,520,0,6000,,0,18,9.8,20.4,13.2,4.4,9.4,10.8
2017,Q1,NORTH CAROLINA,16000,23000,3700,1200,2500,,5,11,0.2,34.7,7.2,1.5,17.4,3.9
2017,Q1,NORTH DAKOTA,50000,123000,1100,10,640,,0,1,0,0.8,0.2,0,0,0.2
2017,Q1,OHIO,15500,17500,1300,530,4400,,3,25,0.6,25.8,5.2,0.1,11.6,16.5
2017,Q1,OKLAHOMA,26000,26000,9500,1700,550,,7,2,0,11.9,0.5,0.1,1,0.3
2017,Q1,OREGON,71000,90000,7500,1400,8000,,2,9,10.1,28.7,15.4,9.1,8.5,8.5
2017,Q1,OTHER STATES,6190,6490,130,50,1540,,1,24,6.6,3.4,1.8,2.6,0.8,2.5
2017,Q1,PENNSYLVANIA,17000,18000,810,390,4000,,2,22,0.8,20.9,3.6,2.9,2.4,7.2
2017,Q1,SOUTH CAROLINA,17000,17500,4700,970,1600,,6,9,0.4,12.6,2.7,1.1,5.3,1.8
2017,Q1,SOUTH DAKOTA,21000,48000,1500,440,2700,,1,6,0,2.9,0.2,0,0,0.3
2017,Q1,TENNESSEE,8500,8500,1500,160,1600,,2,19,0.9,28.6,8.1,2.4,12.6,7
2017,Q1,TEXAS,275000,340000,130000,68000,49000,,20,14,2,36.2,3.5,5.1,22.5,3.6
2017,Q1,UTAH,16000,19000,3900,60,2700,,0,14,0.1,38.7,2,0,0,0.3
2017,Q1,VERMONT,6500,6500,0,0,440,,0,7,2.1,6,0.9,0.2,0.7,2.2
2017,Q1,VIRGINIA,8000,8000,1900,280,1400,,4,18,2.8,21.4,7.4,3.2,12.8,8.4
2017,Q1,WASHINGTON,68000,104000,8500,0,9000,,0,9,0,6.8,8,0,0.1,4.4
2017,Q1,WEST VIRGINIA,5500,8000,450,100,800,,1,10,0.2,15.8,11.9,0,1,1.3
2017,Q1,WISCONSIN,17000,22000,450,70,4400,,0,20,1.1,19,4,2,1.9,10.5
2017,Q1,WYOMING,6500,17000,1300,0,3600,,0,21,0.2,0.2,0.6,0,0,0
2016,Q4,ALABAMA,7000,7000,50,10,610,,0,9,0.2,12.3,6.7,2.4,9.9,3.3
2016,Q4,ARIZONA,29000,31000,4600,3100,6500,,10,21,2.3,98.8,4.3,6.5,15.5,3.2
2016,Q4,ARKANSAS,28000,28000,20,10,2500,,0,9,0,21.1,1.1,1.3,4.8,3.3
2016,Q4,CALIFORNIA,770000,1330000,40000,35000,205000,,3,15,8,41.9,9.6,9.1,13.7,3.5
2016,Q4,COLORADO,30000,30000,2500,0,4500,,0,15,0.1,32.4,13,3.1,1.3,0.1
2016,Q4,CONNECTICUT,3100,3100,0,0,240,,0,8,1.1,14.7,5.8,1,6.6,3.2
2016,Q4,FLORIDA,255000,300000,31000,11500,41000,,4,14,7.7,30.9,13.6,17,27.1,6.5
2016,Q4,GEORGIA,96000,112000,12000,450,11000,,0,10,3.7,43.6,4.1,7.6,8.6,2.5
2016,Q4,HAWAII,13500,13500,60,840,970,,6,7,0,39.9,0.2,0.1,40.8,0.1
2016,Q4,IDAHO,121000,143000,5000,420,15500,,0,11,4.8,31.9,4.2,0.2,0.8,3
2016,Q4,ILLINOIS,9000,9000,0,0,720,,0,8,1.2,27.8,3.9,5.6,11.7,4.8
2016,Q4,INDIANA,7500,7500,20,0,1200,,0,16,0.2,28.2,1,1.4,9.6,3.8
2016,Q4,IOWA,54000,54000,0,20,4700,,0,9,8.9,18.7,11.4,9,9.8,6.3
2016,Q4,KANSAS,5000,5000,200,0,1300,,0,26,0.3,29.2,5.1,3.1,8.3,1.4
2016,Q4,KENTUCKY,7500,7500,60,80,950,,1,13,3.3,48.2,10.3,3,22.3,5.7
2016,Q4,LOUISIANA,48000,57000,250,340,2000,,1,4,1,2.9,0.7,0.1,1,1.2
2016,Q4,MAINE,3500,3500,0,0,280,,0,8,0.1,10.7,5.8,0,0.8,0.1
2016,Q4,MARYLAND,7500,9500,20,30,500,,0,5,4.5,23.8,5.8,4.6,8.3,0.6
2016,Q4,MASSACHUSETTS,8000,8000,0,0,740,,0,9,0.4,6.1,0.7,0.4,2.6,4.2
2016,Q4,MICHIGAN,101000,101000,10,130,12500,,0,12,0.1,23.9,4,2.7,1.5,0.6
2016,Q4,MINNESOTA,113000,114000,0,0,13500,,0,12,3.1,27.5,5,17.6,7.7,8.9
2016,Q4,MISSISSIPPI,17500,30000,330,60,2400,,0,8,0.1,21.9,2.1,0,6,2.8
2016,Q4,MISSOURI,9000,9000,1400,640,590,,7,7,0.2,16.1,1.5,0,12.6,0.7
2016,Q4,MONTANA,124000,124000,2700,0,16000,,0,13,32.9,59.1,33.3,13.7,39.4,33.1
2016,Q4,NEBRASKA,37000,37000,190,0,4300,,0,12,0.2,10.5,0.4,1.2,1.4,1.5
2016,Q4,NEW JERSEY,12000,12000,400,0,340,,0,3,0.4,28.6,3.4,1.9,11.3,8.6
2016,Q4,NEW MEXICO,7000,7000,1100,20,1600,,0,23,7.2,46.2,0.8,0,0.3,0.3
2016,Q4,NEW YORK,48000,49000,240,130,9000,,0,18,3.6,27.8,2.2,12.5,2.2,2.1
2016,Q4,NORTH CAROLINA,25000,25000,220,50,5500,,0,22,1.8,24,12.5,0,7.7,1.3
2016,Q4,NORTH DAKOTA,385000,390000,13500,2500,44000,,1,11,1.5,23.5,2.6,0.4,7.9,2.2
2016,Q4,OHIO,19500,19500,20,140,2100,,1,11,0.8,42,11.2,4.2,18.1,10.9
2016,Q4,OKLAHOMA,3100,44000,120,30,2700,,0,6,0,4.9,0.1,0.1,0.5,0.7
2016,Q4,OREGON,98000,124000,1500,1000,9500,,1,8,13,25.5,2.6,2.8,2.8,1.3
2016,Q4,OTHER STATES,6360,6460,20,0,580,,0,9,9.3,24.1,2.3,9.6,9.3,1.4
2016,Q4,PENNSYLVANIA,21000,21000,120,180,3100,,1,15,1,18.7,4.9,2.8,2.6,3.1
2016,Q4,SOUTH CAROLINA,12000,17000,760,370,1300,,2,8,23.3,29,25.9,24.6,27.1,1.9
2016,Q4,SOUTH DAKOTA,146000,146000,0,2400,11000,,2,8,0.3,48.9,1,6,5.3,0.3
2016,Q4,TENNESSEE,9000,9000,120,10,840,,0,9,0,19.9,2.2,1.1,21.6,3.1
2016,Q4,TEXAS,136000,310000,2200,650,39000,,0,13,3.2,33.1,2.8,3.6,17.5,1.4
2016,Q4,UTAH,30000,30000,440,50,1600,,0,5,0.2,26.4,0.7,0.9,0.1,0.3
2016,Q4,VERMONT,6500,6500,20,10,260,,0,4,41.2,44.5,0.4,41,41.3,0
2016,Q4,VIRGINIA,7000,7000,230,10,730,,0,10,2,31.4,1.8,0,19.9,5.1
2016,Q4,WASHINGTON,65000,97000,3100,130,9000,,0,9,3.7,21.4,4.5,9.1,4.6,0.3
2016,Q4,WEST VIRGINIA,7500,7500,80,60,1000,,1,13,1.1,23.8,4.3,1.1,2.3,2.8
2016,Q4,WISCONSIN,59000,59000,10,20,7500,,0,13,10,69.3,10.6,10.6,12.2,46.2
2016,Q4,WYOMING,25000,27000,50,0,2200,,0,8,3.1,32.2,1.1,5.2,1.6,0
2016,Q3,ALABAMA,8000,8000,440,50,1200,,1,15,0,11.7,3.2,3.8,42,13.8
2016,Q3,ARIZONA,30000,32000,3200,2600,6000,,8,19,0.9,41.7,13.4,13.5,1,8.9
2016,Q3,ARKANSAS,32000,32000,270,60,1500,,0,5,0.4,80.7,2.7,7.9,9,0.3
2016,Q3,CALIFORNIA,740000,820000,33000,78000,82000,,10,10,8.5,42.2,10.4,18.8,17.8,6.9
2016,Q3,COLORADO,33000,37000,1100,740,6500,,2,18,16.8,49.3,10.6,24.6,22.4,0.1
2016,Q3,CONNECTICUT,3100,3100,890,180,270,,6,9,0,18.8,5,0.2,1.6,0.8
2016,Q3,FLORIDA,200000,220000,62000,14500,25000,,7,11,2.7,45.1,8.5,9.9,23.4,1.8
2016,Q3,GEORGIA,102000,103000,12500,2300,13000,,2,13,2.4,30.7,7.6,12.1,16.4,4.5
2016,Q3,HAWAII,13500,13500,430,820,600,,6,4,0.1,67.8,0,0.8,75.3,0
2016,Q3,IDAHO,79000,131000,1900,2800,13000,,2,10,4.5,25.3,6,7.6,4.7,3.3
2016,Q3,ILLINOIS,11000,11000,850,310,1300,,3,12,0.7,17.4,2.9,4.3,7.9,1.6
2016,Q3,INDIANA,9500,9500,450,550,600,,6,6,1.2,50.4,2.5,0.6,12.4,1.2
2016,Q3,IOWA,50000,50000,10500,2400,5500,,5,11,0.8,32.6,2.4,16.7,3.4,5.6
2016,Q3,KANSAS,8000,8000,310,190,2600,,2,33,14.1,42.8,4.5,29.1,25.5,2.6
2016,Q3,KENTUCKY,7500,7500,900,230,1000,,3,13,0.9,42.3,7.4,11.5,25.7,4.5
2016,Q3,LOUISIANA,51000,60000,2600,2100,7000,,4,12,0,39.5,9.6,1.6,26.1,0.7
2016,Q3,MAINE,5500,5500,240,140,420,,3,8,0.2,9.3,0.6,0,0.1,0
2016,Q3,MARYLAND,7000,7000,400,20,200,,0,3,0.1,10.8,0.6,0.7,4.8,1.6
2016,Q3,MASSACHUSETTS,9500,9500,450,40,530,,0,6,6.8,14.1,3.4,0.1,8.7,7.9
2016,Q3,MICHIGAN,108000,108000,11000,9500,15000,,9,14,0.3,64.1,6.5,9.1,25.1,2.7
2016,Q3,MINNESOTA,132000,138000,1300,1900,26000,,1,19,6.2,47.2,17.8,22.4,14.6,8.9
2016,Q3,MISSISSIPPI,19000,20000,750,740,3300,,4,17,1.6,27.5,5,1.8,3.5,4.7
2016,Q3,MISSOURI,13500,13500,480,170,650,,1,5,1,13.3,3.1,0.1,7.7,0.7
2016,Q3,MONTANA,147000,158000,4100,6500,11500,,4,7,7,41.9,6.1,6.9,8.8,1.4
2016,Q3,NEBRASKA,45000,47000,390,27000,8500,,57,18,0.1,20.4,1.6,10.2,1.6,0.1
2016,Q3,NEW JERSEY,18000,18000,120,80,270,,0,2,1.2,20.2,1.3,8.5,7.1,0.3
2016,Q3,NEW MEXICO,6500,6500,2000,1000,1100,,15,17,55.2,59.5,1.7,24.1,55.4,0.7
2016,Q3,NEW YORK,56000,56000,1900,800,10000,,1,18,5.5,37.4,24.7,5.2,9,2.6
2016,Q3,NORTH CAROLINA,25000,25000,1400,1200,1400,,5,6,0.1,27.8,13.4,2.9,13.4,3
2016,Q3,NORTH DAKOTA,510000,550000,25000,104000,71000,,19,13,6.3,38,9.9,12.9,11.8,3.1
2016,Q3,OHIO,21000,21000,980,630,1600,,3,8,2.3,60.6,3.6,2.9,10.6,3.2
2016,Q3,OKLAHOMA,3700,3700,30,30,560,,1,15,0.3,7.5,1.4,0.7,6.5,21.8
2016,Q3,OREGON,107000,112000,2900,4300,7500,,4,7,12.5,52.9,5.1,9.6,18.5,1.5
2016,Q3,OTHER STATES,11880,11890,1690,430,1920,,4,16,0.5,7.8,2.3,0,1.6,9.8
2016,Q3,PENNSYLVANIA,19000,22000,680,780,1300,,4,6,1.6,27.3,2.8,4.3,7.7,1.2
2016,Q3,SOUTH CAROLINA,13000,13500,990,50,920,,0,7,0.1,20.4,2.6,2.6,18.8,1.9
2016,Q3,SOUTH DAKOTA,178000,191000,4200,9500,25000,,5,13,14.2,48.8,4.6,22.7,19.5,2.8
2016,Q3,TENNESSEE,10000,10000,340,290,950,,3,10,1.3,22.5,6.2,2.4,23.1,2
2016,Q3,TEXAS,129000,143000,12500,810,12000,,1,8,1.7,47.2,3.7,31.4,11.4,4.1
2016,Q3,UTAH,27000,33000,1200,120,3200,,0,10,0.6,32.1,2.5,21.8,20.2,1.7
2016,Q3,VERMONT,6500,6500,170,50,400,,1,6,1.7,5.6,2.4,0,8,0.8
2016,Q3,VIRGINIA,8000,8000,460,360,810,,5,10,1.1,39.1,5.3,2.3,24.1,3.6
2016,Q3,WASHINGTON,57000,74000,7500,2000,5000,,3,7,0.9,65.2,4.3,19.1,1.4,0.1
2016,Q3,WEST VIRGINIA,7500,7500,130,220,190,,3,3,3.6,41.5,8.1,0.1,7.1,0.4
2016,Q3,WISCONSIN,71000,75000,880,640,12000,,1,16,10.8,31.5,5.1,15.8,13.6,11.1
2016,Q3,WYOMING,32000,40000,1800,1000,7000,,3,18,0.5,38.6,3.4,2.6,3.1,0.3
2016,Q2,ALABAMA,8000,8000,1200,690,930,,9,12,0.3,9.6,4.8,1.7,8.2,5.4
2016,Q2,ARIZONA,22000,23000,14000,1600,3700,,7,16,17.2,26.8,17.4,12,47.5,3.5
2016,Q2,ARKANSAS,24000,24000,12000,1600,3400,,7,14,5.5,84.9,3.4,0.1,8.5,1.6
2016,Q2,CALIFORNIA,1110000,1150000,240000,185000,108000,,16,9,11.2,49.7,15.3,14.2,14.1,2.6
2016,Q2,COLORADO,9500,29000,9000,680,1800,,2,6,3.3,38.7,2.6,1.4,0.8,0.3
2016,Q2,CONNECTICUT,2500,2500,390,60,100,,2,4,0.5,9.3,4.4,0.3,0.6,1.2
2016,Q2,FLORIDA,240000,240000,43000,21000,29000,,9,12,10,48.2,10.1,11.6,23.3,2
2016,Q2,GEORGIA,108000,111000,17500,3600,11000,,3,10,2,59.3,11.7,28.4,28.4,2.7
2016,Q2,HAWAII,13500,13500,870,0,830,,0,6,0,35.6,3.2,0.6,38.1,0
2016,Q2,IDAHO,60000,80000,19000,5500,6000,,7,8,2.7,21.2,5.4,3.1,4.8,2.7
2016,Q2,ILLINOIS,9000,9000,2200,380,740,,4,8,2,11.4,4.7,3.1,4.4,2.1
2016,Q2,INDIANA,4300,7000,2700,900,220,,13,3,0,12.5,2.8,2.1,2.9,4.3
2016,Q2,IOWA,10500,26000,26000,760,2400,,3,9,18.7,23.5,6,0.6,17.8,5.7
2016,Q2,KANSAS,4700,6000,3000,900,960,,15,16,2.8,47.3,3.7,8.3,11.6,1.8
2016,Q2,KENTUCKY,5500,6000,2100,270,450,,5,8,1.7,38.9,16,28.4,36.1,3.8
2016,Q2,LOUISIANA,52000,53000,10000,9500,4300,,18,8,0,20.7,1.2,0.3,1.1,0.6
2016,Q2,MAINE,3600,25000,510,560,4200,,2,17,4.3,82.7,2.4,31.1,0,27.9
2016,Q2,MARYLAND,8000,9000,2800,400,320,,4,4,2.4,4.2,3.3,2.9,2.3,0.6
2016,Q2,MASSACHUSETTS,4200,8500,1100,440,300,,5,4,0.3,40.5,2.3,10.6,10.6,11.9
2016,Q2,MICHIGAN,40000,103000,13500,3200,7500,,3,7,1.1,54.1,11.8,16.5,9.3,1.1
2016,Q2,MINNESOTA,27000,126000,24000,4200,13000,,3,10,6.5,20.8,8.6,18.2,6,7.6
2016,Q2,MISSISSIPPI,85000,90000,9000,61000,3700,,68,4,1.2,12.3,1.2,2.7,2.3,0.1
2016,Q2,MISSOURI,12000,12500,1800,730,770,,6,6,0.7,17.2,1.6,0.1,1.6,1.2
2016,Q2,MONTANA,62000,157000,25000,13500,7000,,9,4,4.5,30.3,6.9,3.9,7.1,0.2
2016,Q2,NEBRASKA,19500,43000,8000,28000,6000,,65,14,1,6.1,1.1,3.8,0.1,3.5
2016,Q2,NEW JERSEY,4200,18000,1900,110,1500,,1,8,0.2,11.9,0.2,0,0.9,0.3
2016,Q2,NEW MEXICO,6500,6500,2700,100,1400,,2,22,12.1,59.1,8.2,2.5,0.3,0
2016,Q2,NEW YORK,31000,46000,13500,1500,4000,,3,9,0.9,20.4,4.1,11.7,3.1,3.8
2016,Q2,NORTH CAROLINA,23000,24000,10000,550,1600,,2,7,4.7,51.8,8.3,33.8,23.5,41.7
2016,Q2,NORTH DAKOTA,110000,530000,23000,95000,27000,,18,5,2.1,16.2,3.6,1.1,3.7,0.2
2016,Q2,OHIO,14000,16500,6000,1100,1700,,7,10,0.6,10.6,2.9,18.3,2.2,1.4
2016,Q2,OKLAHOMA,12000,13000,4000,10000,310,,77,2,0.2,51.8,0.6,1.2,2.8,0.4
2016,Q2,OREGON,77000,132000,19000,16000,4300,,12,3,9.9,52.7,16.7,2.6,14.5,6
2016,Q2,OTHER STATES,7970,15530,3270,270,1070,,2,7,0,7.6,0.6,0.8,0.2,5.4
2016,Q2,PENNSYLVANIA,11000,14000,6500,1100,1300,,8,9,2.4,18.7,4.6,3.6,3.9,0.9
2016,Q2,SOUTH CAROLINA,12500,13500,2200,410,1300,,3,10,1,51.3,14.3,35.8,36.6,1.3
2016,Q2,SOUTH DAKOTA,51000,182000,15000,13000,11000,,7,6,1.7,32.4,15.4,5.1,6.6,0.1
2016,Q2,TENNESSEE,8000,8000,3900,200,580,,3,7,0.1,40.9,9.1,0.4,22.7,2.6
2016,Q2,TEXAS,340000,350000,74000,54000,36000,,15,10,7.5,26.1,7.4,2.4,9,3.7
2016,Q2,UTAH,14500,25000,12000,7000,4800,,28,19,1.8,23,3.4,7.3,0.1,0.8
2016,Q2,VERMONT,5000,6500,480,30,20,,1,0,0.1,2.6,0.3,0,0.1,0.1
2016,Q2,VIRGINIA,6000,6500,2200,480,230,,7,4,6.8,23.1,7.3,6,4.2,2.9
2016,Q2,WASHINGTON,91000,143000,21000,11500,6000,,8,4,3.3,40.9,11.1,3.1,11.4,0.6
2016,Q2,WEST VIRGINIA,7000,7000,2600,160,990,,2,14,4.2,20.1,14.7,0,0.8,0.7
2016,Q2,WISCONSIN,18500,78000,17500,3600,5500,,5,7,12.8,23.4,14.9,12.6,3.7,10.5
2016,Q2,WYOMING,6500,27000,7500,580,2600,,2,10,1.2,7.1,2.5,0.6,2.6,0.8
2016,Q1,ALABAMA,7500,7500,2100,90,1700,,1,23,4.3,24.2,2.4,8.1,22,11.3
2016,Q1,ARIZONA,30000,30000,3500,150,4700,,1,16,0,33.8,6.5,7.7,2.8,7.2
2016,Q1,ARKANSAS,27000,27000,5000,1100,5000,,4,19,0,57.4,1.9,0.5,6.9,8.1
2016,Q1,CALIFORNIA,1130000,1410000,210000,139000,200000,,10,14,9,38.1,8.4,13.5,15.2,4.4
2016,Q1,COLORADO,5000,8500,1700,10,750,,0,9,0.5,2.9,2.7,0.2,4.1,0.2
2016,Q1,CONNECTICUT,2700,2700,70,10,270,,0,10,0.2,12.3,7.7,0,0.8,1.7
2016,Q1,FLORIDA,275000,295000,49000,15500,40000,,5,14,0.4,23.6,1.8,4.9,5.8,1.4
2016,Q1,GEORGIA,100000,100000,36000,3200,15500,,3,16,2.1,32.3,3.2,21.4,7.8,3.9
2016,Q1,HAWAII,15000,15000,570,530,280,,4,2,0,0.3,0.8,0.1,1.5,0
2016,Q1,IDAHO,91000,98000,5500,3300,8500,,3,9,2.1,31.5,5.4,5.9,2.3,1.4
2016,Q1,ILLINOIS,8500,9500,860,40,1400,,0,15,0.3,12.4,4.6,2.6,6.4,8.6
2016,Q1,INDIANA,6500,6500,30,0,770,,0,12,0.9,17.4,7.2,0.3,3.7,5.5
2016,Q1,IOWA,13000,13000,90,0,2900,,0,22,13.8,52.8,24,2.7,14.4,4.8
2016,Q1,KANSAS,5000,5000,1400,100,1100,,2,22,0.1,30.3,2.4,1.1,10,5.4
2016,Q1,KENTUCKY,6500,6500,390,40,1300,,1,20,0.7,23.6,12.5,6.3,9,8.4
2016,Q1,LOUISIANA,54000,55000,9500,2600,11000,,5,20,18.6,22.8,12.4,0.4,14.2,1.9
2016,Q1,MAINE,2200,3700,0,0,170,,0,5,0.3,3.3,0.8,0,0.4,1.4
2016,Q1,MARYLAND,7500,7500,1200,10,820,,0,11,0,26.2,6.7,9.5,0.1,0.7
2016,Q1,MASSACHUSETTS,3000,3000,1200,140,370,,5,12,0.7,10.1,3.1,0,5.2,1.1
2016,Q1,MICHIGAN,25000,42000,2300,80,5000,,0,12,0,5.9,1.3,0.5,0.2,11.3
2016,Q1,MINNESOTA,36000,38000,6000,0,5500,,0,14,0.2,12.1,8,11.6,7,14.5
2016,Q1,MISSISSIPPI,21000,50000,48000,25000,7500,,50,15,0,13.8,0.3,3.2,1.6,14.5
2016,Q1,MISSOURI,10000,10000,5500,420,1300,,4,13,0.4,20.2,4.5,6.2,7,7.3
2016,Q1,MONTANA,16500,65000,24000,0,900,,0,1,0,0.6,0.1,0.5,0,0
2016,Q1,NEBRASKA,11000,20000,510,0,720,,0,4,0.1,1.8,0.8,0.2,0.4,0.6
2016,Q1,NEW JERSEY,6000,6000,80,20,1000,,0,17,0.2,8,1.7,0.6,1.1,12
2016,Q1,NEW MEXICO,6000,6500,1400,30,1700,,1,26,31.5,69,1.5,0,0.4,0.3
2016,Q1,NEW YORK,31000,33000,970,600,4200,,2,13,1.5,27.5,9.5,7.6,5.9,2.6
2016,Q1,NORTH CAROLINA,18500,24000,1100,230,2600,,1,11,1.9,9.5,4,2.7,2.5,2.4
2016,Q1,NORTH DAKOTA,89000,137000,4600,0,8500,,0,6,0,2.7,0.1,0,0,11.7
2016,Q1,OHIO,16500,16500,760,50,2900,,0,18,0.2,41.6,10.2,1.3,4.3,5.3
2016,Q1,OKLAHOMA,13500,13500,4800,570,3300,,4,24,0,4.9,0.9,0.3,1.2,21
2016,Q1,OREGON,68000,92000,3800,1300,2900,,1,3,5.3,20.4,2.4,0,15,0.3
2016,Q1,OTHER STATES,7340,7940,60,0,900,,0,11,0.5,5.5,8.6,2.1,2.3,0.1
2016,Q1,PENNSYLVANIA,12500,12500,480,170,2900,,1,23,0.3,44.8,5.5,3.8,4.3,4.6
2016,Q1,SOUTH CAROLINA,16500,16500,3200,380,3500,,2,21,0.6,10.7,5.1,2,2.3,4.8
2016,Q1,SOUTH DAKOTA,47000,79000,1600,0,10500,,0,13,0,0.2,0.5,0,0,0.3
2016,Q1,TENNESSEE,9000,9000,180,70,1700,,1,19,0.2,19.7,10.1,3.7,7.1,10.9
2016,Q1,TEXAS,240000,320000,126000,49000,30000,,15,9,2.3,19.4,3.7,9.4,9.8,2.5
2016,Q1,UTAH,12000,14500,1400,50,1900,,0,13,0.1,26.2,1.6,0.4,7,0.5
2016,Q1,VERMONT,5500,5500,0,0,410,,0,7,0.3,1.3,0.5,0,0,1.7
2016,Q1,VIRGINIA,6500,6500,560,70,1100,,1,17,0,32.7,5,0.4,7.3,3.8
2016,Q1,WASHINGTON,77000,146000,5500,1200,13500,,1,9,1.3,23.3,1.9,1.7,10.5,5.1
2016,Q1,WEST VIRGINIA,6500,8000,0,0,1700,,0,21,1.1,21.9,6.9,0.6,2.9,6.5
2016,Q1,WISCONSIN,20000,21000,530,0,3100,,0,15,1.1,24.2,10.8,13.4,1.6,10.4
2016,Q1,WYOMING,2700,6500,440,0,340,,0,5,0.2,0,0.8,2.5,0.4,1.3
2015,Q4,ALABAMA,8000,8000,80,60,610,,1,8,0.2,3.1,2.8,0.2,6.4,1.9
2015,Q4,ARIZONA,36000,39000,3000,16000,12000,,41,31,1.1,50.1,0.5,3.5,1.7,15.5
2015,Q4,ARKANSAS,23000,27000,1900,0,2400,,0,9,0.1,38.1,8.5,8.2,9.7,0.6
2015,Q4,CALIFORNIA,750000,1260000,39000,75000,149000,,6,12,6.2,37.3,10.5,11.7,12.7,7.3
2015,Q4,COLORADO,24000,24000,3400,0,2500,,0,10,21.2,47.6,8.4,19.7,24.4,1.8
2015,Q4,CONNECTICUT,3200,3200,40,70,210,,2,7,0.5,10.5,3.4,1.1,1.7,2
2015,Q4,FLORIDA,220000,260000,30000,28000,37000,,11,14,2.5,27.3,3,6.8,18.4,4.2
2015,Q4,GEORGIA,110000,121000,4400,1900,18000,,2,15,5.3,43.5,3.7,4.5,13.9,1.3
2015,Q4,HAWAII,13000,13000,2700,760,690,,6,5,0.2,31,0,0,33.9,0
2015,Q4,IDAHO,121000,145000,5500,5500,22000,,4,15,4.3,38.9,2.8,4,0.6,4.5
2015,Q4,ILLINOIS,14000,14000,0,30,690,,0,5,0.3,9.4,1,0.9,2.5,3.1
2015,Q4,INDIANA,11500,11500,140,0,1100,,0,10,6.3,15.1,0.6,0.1,0.5,3.7
2015,Q4,IOWA,35000,35000,40,30,4300,,0,12,0.6,53.4,24.8,6.4,0.9,1.4
2015,Q4,KANSAS,8500,8500,50,20,3400,,0,40,0.2,44.5,33.9,25.1,24.8,19
2015,Q4,KENTUCKY,8500,8500,20,10,1100,,0,13,0.4,22.2,7.2,9.8,14.8,1.7
2015,Q4,LOUISIANA,55000,71000,1100,2400,4900,,3,7,0,10.9,2.4,0.6,1,0.2
2015,Q4,MAINE,4700,4700,530,20,60,,0,1,0,18,0.1,0,0.2,0.4
2015,Q4,MARYLAND,7500,9500,0,0,730,,0,8,0.1,5.6,0.2,0,2,4.3
2015,Q4,MASSACHUSETTS,4500,4500,30,30,260,,1,6,6.2,31.4,2.6,1.9,1.6,1.1
2015,Q4,MICHIGAN,67000,73000,210,1600,9000,,2,12,0,30.2,3.2,4.1,4.1,3.7
2015,Q4,MINNESOTA,104000,105000,600,40,10000,,0,10,8.4,43.6,3.8,25,8.7,8.9
2015,Q4,MISSISSIPPI,31000,34000,500,230,1500,,1,4,0.3,10.6,0.7,0,2.5,1.3
2015,Q4,MISSOURI,13500,13500,30,40,690,,0,5,3.3,2.8,0.8,0.1,6,1.5
2015,Q4,MONTANA,116000,123000,1000,80,10000,,0,8,14.4,35.5,3.2,11.4,19.8,13.9
2015,Q4,NEBRASKA,72000,73000,10,5500,7000,,8,10,0.2,15.5,0.4,0.3,0,1.7
2015,Q4,NEW JERSEY,8000,8500,20,10,270,,0,3,0,7.7,0.4,0.4,2.2,1.2
2015,Q4,NEW MEXICO,6000,6000,290,30,290,,1,5,0.2,30.9,0.6,8.4,0.3,1.7
2015,Q4,NEW YORK,45000,45000,260,10,4000,,0,9,0.8,24.5,0.4,0.9,2.2,6.2
2015,Q4,NORTH CAROLINA,22000,22000,510,70,2200,,0,10,0.5,9.6,5.4,0.4,3.4,3.4
2015,Q4,NORTH DAKOTA,230000,275000,2700,9000,35000,,3,13,1.8,10.8,3.7,1.5,2.3,2.1
2015,Q4,OHIO,19000,19000,200,140,2400,,1,13,2,36.3,14.5,7.3,8.8,2.1
2015,Q4,OKLAHOMA,5000,10000,290,60,650,,1,7,0.1,2.8,1.3,0.1,4.5,2.5
2015,Q4,OREGON,100000,114000,200,1400,8500,,1,8,1.5,16.4,1.7,1.5,1.3,1.5
2015,Q4,OTHER STATES,11360,12560,100,50,1630,,0,13,0,8.2,0,0,0,8
2015,Q4,PENNSYLVANIA,22000,23000,1300,6500,2500,,28,11,1,32.2,0.8,0.3,4.3,1
2015,Q4,SOUTH CAROLINA,10000,17500,640,1000,2200,,6,13,0.4,14.2,5.8,1.7,2.9,0
2015,Q4,SOUTH DAKOTA,194000,205000,2400,0,9000,,0,4,1.9,16.8,2.4,7.1,3,4.1
2015,Q4,TENNESSEE,8500,10000,70,420,1100,,4,11,0,43.6,7.1,4.6,28.3,3.6
2015,Q4,TEXAS,125000,250000,13000,2000,25000,,1,10,2.7,20.9,2.2,5.4,8.7,8
2015,Q4,UTAH,28000,28000,120,100,1900,,0,7,6.4,75.8,4.4,0.2,9.1,0.4
2015,Q4,VERMONT,6500,6500,10,10,940,,0,15,0.9,57.1,0.4,0.6,16.8,15.6
2015,Q4,VIRGINIA,7500,7500,0,350,750,,5,10,0.4,26.3,5.8,0,17.2,10.4
2015,Q4,WASHINGTON,87000,89000,330,170,6500,,0,7,0.1,6.9,3,0.3,0.1,1.5
2015,Q4,WEST VIRGINIA,7000,7000,190,140,610,,2,9,1.3,18.8,8.2,3,4.5,0.6
2015,Q4,WISCONSIN,48000,48000,210,10,6500,,0,14,2.5,49.4,6.6,21.9,15.6,21.4
2015,Q4,WYOMING,24000,25000,30,0,1300,,0,5,6.6,45,11.3,10.5,3.3,3.9
2015,Q3,ALABAMA,8500,9000,160,260,1400,,3,16,0,63.1,2.2,2.6,70.6,17.7
2015,Q3,ARIZONA,40000,40000,4300,15500,6000,,39,15,5.4,53.5,7.6,17.3,24.8,5.1
2015,Q3,ARKANSAS,23000,30000,500,210,9000,,1,30,0.9,69.2,1.8,5,32.4,1.4
2015,Q3,CALIFORNIA,730000,800000,40000,93000,76000,,12,10,12.5,39.9,15,19.6,20.4,4.7
2015,Q3,COLORADO,29000,30000,1400,1400,4500,,5,15,2.7,50.5,3.7,16.5,1.5,2.7
2015,Q3,CONNECTICUT,3700,3700,190,440,50,,12,1,0.4,39.3,7.8,1.5,1.2,0
2015,Q3,FLORIDA,164000,220000,37000,29000,36000,,13,16,6.7,39.5,21.9,22.9,21.7,3.4
2015,Q3,GEORGIA,108000,110000,19500,15500,13000,,14,12,3.6,47.6,8.9,21.2,16.2,3.6
2015,Q3,HAWAII,14500,14500,1200,5500,2700,,38,19,0.1,78.1,2.5,0.1,80.5,0
2015,Q3,IDAHO,80000,128000,5500,11500,14000,,9,11,1.7,46.8,2.2,10,5.2,6.4
2015,Q3,ILLINOIS,14000,14000,1300,1100,1400,,8,10,0.6,7.7,3.4,0.4,3,1
2015,Q3,INDIANA,15000,15000,1400,420,1600,,3,11,4.8,13.7,1,8.2,10.3,6.2
2015,Q3,IOWA,29000,37000,640,680,3000,,2,8,0.1,17.4,5.6,4.7,5.8,3.4
2015,Q3,KANSAS,9000,9500,100,160,1000,,2,11,0.2,22.5,14.8,14.1,16.2,1.7
2015,Q3,KENTUCKY,10000,10000,170,550,1300,,6,13,1.2,40.4,9,6.5,11.3,2
2015,Q3,LOUISIANA,50000,55000,2300,1800,2000,,3,4,0,25.9,3,1.6,2.3,0.2
2015,Q3,MAINE,6000,6000,410,140,450,,2,8,13.2,9.9,2.6,0,3.4,7.8
2015,Q3,MARYLAND,7000,7500,730,70,680,,1,9,2.9,26.9,7.1,22.8,19.1,2
2015,Q3,MASSACHUSETTS,7500,7500,290,400,560,,5,8,0.4,16.3,2.5,2.1,2.9,0.3
2015,Q3,MICHIGAN,89000,89000,3300,3800,7000,,4,8,7.3,44.6,1.8,13.7,16.3,8.8
2015,Q3,MINNESOTA,133000,136000,640,2300,32000,,2,24,7.4,33.3,7,27.4,14.6,7.2
2015,Q3,MISSISSIPPI,23000,34000,260,110,3500,,0,10,0,45.5,3.8,1.1,2.2,1.4
2015,Q3,MISSOURI,14000,14000,700,630,1200,,5,9,3,11.1,2.1,2,11.7,1.4
2015,Q3,MONTANA,140000,156000,3200,10000,10500,,6,7,10.7,52.5,6.4,2.3,16.4,5.3
2015,Q3,NEBRASKA,67000,77000,500,6000,6000,,8,8,10.9,33.2,4.6,13.2,10.3,4.3
2015,Q3,NEW JERSEY,18500,18500,190,500,210,,3,1,0.1,7.2,1.1,0,1,0.7
2015,Q3,NEW MEXICO,6500,6500,1300,650,1600,,10,25,55,61.2,55.5,58,55,0.7
2015,Q3,NEW YORK,44000,47000,4400,7000,6500,,15,14,5.7,40,8.8,17.1,14.3,1.5
2015,Q3,NORTH CAROLINA,24000,24000,2500,1100,2900,,5,12,0.7,33.9,5.7,7.5,27.9,8.5
2015,Q3,NORTH DAKOTA,460000,500000,11000,22000,93000,,4,19,8.1,33.8,4.1,12.3,15.5,3.7
2015,Q3,OHIO,23000,23000,2300,880,1900,,4,8,0.6,30.7,1.6,23.4,8,1.7
2015,Q3,OKLAHOMA,19500,22000,160,190,230,,1,1,0.1,1.6,0.6,0.1,2.3,0.4
2015,Q3,OREGON,68000,100000,8000,21000,8500,,21,9,5.2,56,4.8,3.1,20.8,3.8
2015,Q3,OTHER STATES,12180,12280,1050,700,900,,6,7,0,8.8,0.7,0.4,0.2,0.2
2015,Q3,PENNSYLVANIA,25000,25000,1800,2400,1800,,10,7,3.7,45.1,7.2,5.1,11.3,0.8
2015,Q3,SOUTH CAROLINA,12000,12000,880,580,2000,,5,17,18.3,58.4,3.9,14.7,31,3
2015,Q3,SOUTH DAKOTA,295000,295000,2100,13000,53000,,4,18,2,22,1.9,7.1,7.3,5.7
2015,Q3,TENNESSEE,10000,10000,500,350,1200,,4,12,0.5,50.8,2.2,4.8,38.4,1
2015,Q3,TEXAS,76000,136000,5500,4800,16500,,4,12,1.3,30.7,4.7,19.4,26,5.2
2015,Q3,UTAH,31000,36000,1400,2200,8000,,6,22,41.6,40.1,3.6,33.6,25,0.1
2015,Q3,VERMONT,6000,6500,30,20,40,,0,1,0,22.7,0.4,0,0.5,0
2015,Q3,VIRGINIA,8000,8000,520,220,680,,3,9,1.3,29,3.5,3.7,14.2,8.9
2015,Q3,WASHINGTON,84000,97000,1800,20000,11500,,21,12,2.3,45.6,3.8,1.4,3.7,0.3
2015,Q3,WEST VIRGINIA,7000,7000,300,270,300,,4,4,1,21.7,3,1.5,5.3,1.1
2015,Q3,WISCONSIN,60000,62000,1300,4300,9000,,7,15,8.3,47.3,12.6,20.9,20.1,13.5
2015,Q3,WYOMING,29000,35000,270,440,2500,,1,7,6.4,28.5,2,3.4,11,0.4
2015,Q2,ALABAMA,7500,7500,1900,680,860,,9,12,0,16.7,3.2,2.3,42.5,4.1
2015,Q2,ARIZONA,33000,33000,19500,7000,5500,,21,17,0.5,8.4,28.2,20.1,32.1,0.3
2015,Q2,ARKANSAS,13500,13500,11500,5500,1900,,41,14,7,65.9,27.4,22.6,63.4,9.3
2015,Q2,CALIFORNIA,1040000,1050000,170000,285000,104000,,27,10,7.8,50.9,14.2,23,21.5,3.1
2015,Q2,COLORADO,12000,25000,6000,3500,1900,,14,8,4.6,38.6,3.4,2.8,1.8,6.6
2015,Q2,CONNECTICUT,3000,3000,1100,150,80,,5,3,1.9,10.2,1,0.8,0.4,0.7
2015,Q2,FLORIDA,210000,215000,44000,24000,35000,,11,16,2.7,44.2,13.6,17.7,26.4,5.4
2015,Q2,GEORGIA,114000,124000,25000,19000,23000,,15,19,2.9,52.8,11.5,28.7,17.5,4.1
2015,Q2,HAWAII,13500,13500,1100,1200,120,,9,1,0.3,60.1,3.2,0.1,61,0.1
2015,Q2,IDAHO,62000,72000,16500,10500,6500,,15,9,6.5,25.5,13.7,6,6.7,0.3
2015,Q2,ILLINOIS,9500,9500,6000,1500,1300,,16,14,0.2,10.3,2.3,2.5,3.7,2.4
2015,Q2,INDIANA,8000,12500,4900,4300,1300,,34,10,7,15.4,4.4,0.5,1.8,2
2015,Q2,IOWA,12500,24000,6500,3100,1400,,13,6,2.9,21.5,2.7,7.8,5.1,1.9
2015,Q2,KANSAS,6000,7000,2800,420,670,,6,10,0.9,14.4,3.5,0.1,2.4,4.9
2015,Q2,KENTUCKY,7500,8500,3600,1500,980,,18,12,5.3,21.7,9.5,1.8,18.2,2.9
2015,Q2,LOUISIANA,44000,45000,6500,8000,1800,,18,4,0.2,36.4,5,1.1,3.7,0.5
2015,Q2,MAINE,4600,30000,3500,700,3200,,2,11,0.1,72.1,0.5,34.5,34.5,0.1
2015,Q2,MARYLAND,8000,11000,2600,710,370,,7,3,0.2,4.9,1.6,2.5,1.3,1.5
2015,Q2,MASSACHUSETTS,4100,14000,940,510,320,,4,2,0.2,66.8,4.4,61.8,61.7,3.1
2015,Q2,MICHIGAN,58000,88000,13500,5500,9500,,6,11,0.6,26.9,16.4,9.1,13,3.1
2015,Q2,MINNESOTA,71000,125000,20000,21000,12500,,17,10,1.4,25.4,10.1,16.5,6.2,9.3
2015,Q2,MISSISSIPPI,89000,89000,5500,10000,11000,,11,12,0.3,10.1,2.3,0.1,6,1.7
2015,Q2,MISSOURI,11500,12500,1900,1800,500,,14,4,3.1,5.1,1,1.6,6.2,7.4
2015,Q2,MONTANA,36000,210000,14000,33000,4200,,16,2,0.8,9,1.6,5.3,0.9,0
2015,Q2,NEBRASKA,29000,68000,15500,4600,4100,,7,6,0,6.5,2.1,1.4,6.9,1.5
2015,Q2,NEW JERSEY,8500,19000,2100,2900,1800,,15,10,0.3,52.5,1,26.1,3.6,2.4
2015,Q2,NEW MEXICO,6500,8500,1500,330,1000,,4,12,15.5,38.8,0.4,5.9,0,2.7
2015,Q2,NEW YORK,24000,34000,11000,1500,1100,,4,3,4.5,19.1,3.3,4.4,12.5,1.1
2015,Q2,NORTH CAROLINA,19500,23000,5500,3300,1800,,14,8,0.3,51,5.8,3.5,14.3,3
2015,Q2,NORTH DAKOTA,121000,450000,39000,61000,29000,,14,6,0.1,15.5,4.6,4.3,3,0.3
2015,Q2,OHIO,17500,19000,10000,6000,2100,,32,11,3,15.8,11.2,11.9,4.1,29
2015,Q2,OKLAHOMA,25000,27000,5500,2200,2200,,8,8,0,66.1,7,0.1,6.3,1.9
2015,Q2,OREGON,82000,95000,14500,9500,5500,,10,6,13.2,39.3,5.8,16,20.9,0.4
2015,Q2,OTHER STATES,8600,11200,4140,1960,1940,,18,17,0,36.3,0.1,0,9.1,0
2015,Q2,PENNSYLVANIA,15500,19000,8500,2600,1600,,14,8,2.6,11.4,6.7,1.6,5.8,2.1
2015,Q2,SOUTH CAROLINA,17500,18500,1100,2000,950,,11,5,0.5,29.9,3.7,1.4,5.4,0.7
2015,Q2,SOUTH DAKOTA,100000,290000,27000,23000,21000,,8,7,1.8,9.8,1.4,2,11.1,1.5
2015,Q2,TENNESSEE,7500,7500,3600,920,730,,12,10,1.8,47.8,2.6,9.8,26.3,3
2015,Q2,TEXAS,305000,315000,76000,94000,33000,,30,11,2.5,19.3,7.4,6.6,22.9,3
2015,Q2,UTAH,24000,27000,10000,3900,3400,,14,13,1.5,27.2,5.6,12.3,10.8,1.2
2015,Q2,VERMONT,6000,6000,580,50,100,,1,2,0.1,3.7,1.3,0,1.9,0.1
2015,Q2,VIRGINIA,7500,7500,2100,430,270,,6,4,1.8,26.2,3,0.2,13,4.5
2015,Q2,WASHINGTON,105000,127000,15000,13000,5000,,10,4,2.2,48.7,3.2,2,0.2,0.5
2015,Q2,WEST VIRGINIA,4700,4700,2900,590,570,,13,12,0.6,15.6,4.6,2.7,8.3,4.4
2015,Q2,WISCONSIN,25000,65000,10000,5500,4600,,9,7,1,35.3,15.2,8.2,5.6,2.3
2015,Q2,WYOMING,12000,25000,7500,5000,3200,,20,13,0.8,19.1,8.3,3.6,17.9,2.4
2015,Q1,ALABAMA,7000,7000,2800,250,1800,,4,26,0,10,9.1,2.2,5.4,9.4
2015,Q1,ARIZONA,35000,35000,3400,2100,4600,,6,13,0.1,26.9,1.8,0,20.5,3.1
2015,Q1,ARKANSAS,13000,14000,1200,90,1500,,1,11,1.5,17.6,1,3.4,11.4,1
2015,Q1,CALIFORNIA,1440000,1690000,250000,124000,255000,,7,15,3,24.7,6.5,7.5,7.2,2.8
2015,Q1,COLORADO,3500,12500,200,140,1500,,1,12,1.8,14.6,2.6,0.6,0.9,5.9
2015,Q1,CONNECTICUT,3900,3900,290,0,870,,0,22,0,2.5,21.2,0,1.4,2.4
2015,Q1,FLORIDA,305000,315000,54000,25000,42000,,8,13,0.8,22.3,5.1,8.9,13.5,4.4
2015,Q1,GEORGIA,104000,105000,47000,9500,14500,,9,14,3.3,6.2,4.8,2.6,4.9,10.5
2015,Q1,HAWAII,10500,10500,3400,760,380,,7,4,1.6,38.8,2,0,37.7,0
2015,Q1,IDAHO,81000,88000,2600,8000,3700,,9,4,12.5,39.8,8.9,4.8,6.7,4.9
2015,Q1,ILLINOIS,6000,10500,2300,390,4200,,4,40,0.7,12.3,12.6,0.4,6.9,11.6
2015,Q1,INDIANA,9000,9500,490,120,2100,,1,22,0.2,20.7,22.3,0.3,0.3,11.7
2015,Q1,IOWA,12500,17500,1700,270,3100,,2,18,4.6,26,18,3.4,0.7,3.4
2015,Q1,KANSAS,4600,7000,450,70,1600,,1,23,1.1,32.7,9.5,14.2,1.3,3.4
2015,Q1,KENTUCKY,7500,10500,250,0,4100,,0,39,2.5,10.8,22.7,2.5,10.7,12.9
2015,Q1,LOUISIANA,51000,51000,3100,6500,8000,,13,16,4.3,17.2,3.1,1.7,4.7,2.1
2015,Q1,MAINE,3100,6500,20,0,380,,0,6,0,4.4,7.5,0,0.1,1.9
2015,Q1,MARYLAND,7500,10000,1600,870,4100,,9,41,0.4,10.1,24.2,0,1.8,12.4
2015,Q1,MASSACHUSETTS,2900,4600,260,120,1000,,3,22,2.1,23.5,7.6,2.8,3.5,4.7
2015,Q1,MICHIGAN,16500,60000,7500,2400,11500,,4,19,1.1,14.3,8.3,1.6,3.1,4.6
2015,Q1,MINNESOTA,28000,74000,690,530,3700,,1,5,0,1.4,1.6,0.1,0.1,2.1
2015,Q1,MISSISSIPPI,34000,76000,22000,7500,8500,,10,11,0.1,9.4,1.2,2.1,8.2,1.1
2015,Q1,MISSOURI,12000,13000,220,910,2000,,7,15,2.2,13.1,11.8,4.2,6,6.3
2015,Q1,MONTANA,8500,36000,1400,1100,2200,,3,6,0.6,8.7,2.3,0.8,0.5,7.9
2015,Q1,NEBRASKA,10000,31000,120,310,2600,,1,8,0.1,5.9,0.3,0.5,0.1,3
2015,Q1,NEW JERSEY,6000,9000,570,1600,1100,,18,12,30.4,40.1,19.5,11.1,13.2,16.7
2015,Q1,NEW MEXICO,7000,7000,190,600,690,,9,10,0,17.1,1.3,0.2,0.1,0.4
2015,Q1,NEW YORK,27000,30000,430,950,6500,,3,22,0.5,7.6,12.4,4.4,2.6,8.3
2015,Q1,NORTH CAROLINA,24000,26000,6000,690,7000,,3,27,0.1,35.5,6.2,22.9,2.3,12.2
2015,Q1,NORTH DAKOTA,57000,120000,1800,530,620,,0,1,0,1.7,2.5,0,1.7,0.1
2015,Q1,OHIO,18000,22000,5000,3300,10500,,15,48,1,10.7,17.8,3,1.6,3.1
2015,Q1,OKLAHOMA,9500,26000,2600,260,6000,,1,23,0.5,14.5,2.1,0,10.1,2.9
2015,Q1,OREGON,77000,87000,4300,2400,6500,,3,8,0.4,20.2,1.6,0.6,2,1.1
2015,Q1,OTHER STATES,3410,8990,870,150,2080,,2,23,0,0.8,0.9,0.1,0.1,0
2015,Q1,PENNSYLVANIA,14000,21000,360,0,6500,,0,31,1.9,28.1,17.8,1.9,6.3,6.3
2015,Q1,SOUTH CAROLINA,17000,17500,2700,1400,2700,,8,15,0.2,10.5,3.6,0.3,2.3,2.9
2015,Q1,SOUTH DAKOTA,50000,97000,8500,2800,4600,,3,5,0.3,1.2,1.2,0.5,0.9,1.8
2015,Q1,TENNESSEE,9500,9500,1000,190,2000,,2,21,0,22.2,13,0,17.1,4.4
2015,Q1,TEXAS,191000,250000,82000,51000,26000,,20,10,5,21.5,2.3,11.1,12.2,6.2
2015,Q1,UTAH,6000,24000,2500,290,3300,,1,14,0.1,13.6,3,4.4,0.9,0.5
2015,Q1,VERMONT,5500,5500,1200,20,700,,0,13,0,2.3,5.8,0,5.6,4.9
2015,Q1,VIRGINIA,8000,9000,800,460,2500,,5,28,2.3,19,9.8,0,9.4,11.9
2015,Q1,WASHINGTON,52000,105000,13500,9000,14000,,9,13,0.3,21.5,6,3.6,0.5,1.1
2015,Q1,WEST VIRGINIA,4700,6000,570,60,1800,,1,30,2.2,18,14.6,2.1,7.3,6.1
2015,Q1,WISCONSIN,16500,29000,3100,2500,8000,,9,28,2.7,18.8,8.3,8.5,1.6,5.8
2015,Q1,WYOMING,5500,12000,2000,1400,2000,,12,17,0,0.9,0.7,0,0,0