year,period,state,colonies_inventory_max,colonies_added_replaced,colonies_renovated,colonies_renovated_pct,colonies_loss_ccd,colonies_loss_deadout,colonies_loss_deadout_pct,affected_by_disease_pct,affected_by_varroa_mites_pct,affected_by_other_causes_pct,affected_by_pesticides_pct,affected_by_other_pests_pct,affected_by_unknown_causes_pct
2022,Q2,ALABAMA,12000.00,4600.00,1900.00,16.00,270.00,1300.00,11.00,1.00,36.00,17.90,6.90,14.30,3.70
2022,Q2,ARIZONA,32000.00,17500.00,2800.00,9.00,820.00,3100.00,10.00,1.30,8.40,4.80,0.00,0.00,0.00
2022,Q2,ARKANSAS,22000.00,5000.00,1100.00,5.00,380.00,2800.00,13.00,2.00,22.20,6.50,11.20,14.40,3.80
2022,Q2,CALIFORNIA,1030000.00,154000.00,121000.00,12.00,6000.00,82000.00,8.00,4.80,41.10,19.80,6.70,16.00,3.70
2022,Q2,COLORADO,19500.00,7500.00,2300.00,12.00,60.00,1400.00,7.00,0.60,27.00,16.60,0.00,0.00,0.00
2022,Q2,CONNECTICUT,4100.00,130.00,30.00,1.00,0.00,30.00,1.00,0.00,1.90,1.10,0.00,0.00,0.00
2022,Q2,FLORIDA,300000.00,40000.00,39000.00,13.00,5500.00,34000.00,11.00,5.90,28.40,12.70,8.50,15.80,6.50
2022,Q2,GEORGIA,134000.00,27000.00,47000.00,35.00,4900.00,25000.00,19.00,1.40,35.00,8.10,5.90,8.80,5.60
2022,Q2,HAWAII,22000.00,2200.00,2100.00,10.00,130.00,420.00,2.00,4.60,63.10,0.50,0.00,61.20,0.00
2022,Q2,IDAHO,111000.00,35000.00,8500.00,8.00,2800.00,14500.00,13.00,5.60,32.60,9.50,13.70,13.10,3.50
2022,Q2,ILLINOIS,9500.00,4300.00,2100.00,22.00,110.00,1100.00,12.00,3.20,18.30,7.30,1.60,7.40,10.60
2022,Q2,INDIANA,10000.00,5500.00,620.00,6.00,0.00,1600.00,16.00,0.50,25.90,6.70,3.90,4.60,4.30
2022,Q2,IOWA,28000.00,5000.00,2400.00,9.00,100.00,2300.00,8.00,1.60,49.30,4.60,0.90,1.10,8.20
2022,Q2,KANSAS,4900.00,6000.00,580.00,12.00,400.00,650.00,13.00,1.70,41.60,23.00,16.10,1.00,1.90
2022,Q2,KENTUCKY,10500.00,3600.00,460.00,4.00,80.00,610.00,6.00,10.70,39.90,2.50,2.40,15.10,12.90
2022,Q2,LOUISIANA,43000.00,8500.00,11500.00,27.00,960.00,1900.00,4.00,4.60,30.60,2.30,4.60,9.50,2.40
2022,Q2,MAINE,19000.00,1300.00,300.00,2.00,100.00,890.00,5.00,0.00,0.00,0.00,0.00,0.00,0.00
2022,Q2,MARYLAND,8500.00,1600.00,1100.00,13.00,150.00,390.00,5.00,2.40,15.00,14.70,0.80,7.90,1.70
2022,Q2,MASSACHUSETTS,14000.00,1200.00,910.00,7.00,40.00,290.00,2.00,0.90,3.70,0.60,0.00,0.90,0.00
2022,Q2,MICHIGAN,90000.00,13000.00,3500.00,4.00,3000.00,3200.00,4.00,3.00,10.40,2.70,6.90,0.00,0.00
2022,Q2,MINNESOTA,110000.00,6000.00,2000.00,2.00,410.00,1500.00,1.00,0.00,4.90,2.60,0.00,0.70,0.00
2022,Q2,MISSISSIPPI,47000.00,16000.00,7000.00,15.00,570.00,4000.00,9.00,0.00,25.40,15.20,0.70,15.30,8.90
2022,Q2,MISSOURI,10500.00,6000.00,4800.00,46.00,110.00,1500.00,14.00,0.90,11.50,2.80,0.50,3.10,1.20
2022,Q2,MONTANA,102000.00,5500.00,8000.00,8.00,4300.00,970.00,1.00,0.00,9.20,8.80,1.80,0.00,0.00
2022,Q2,NEBRASKA,45000.00,8000.00,5000.00,11.00,10.00,2400.00,5.00,0.80,26.60,0.60,0.00,22.10,0.00
2022,Q2,NEW JERSEY,19000.00,2600.00,70.00,0.00,0.00,140.00,1.00,0.70,7.00,0.00,0.60,0.80,0.00
2022,Q2,NEW MEXICO,7000.00,4200.00,2200.00,31.00,340.00,1600.00,23.00,8.60,52.00,1.50,0.90,8.60,0.70
2022,Q2,NEW YORK,53000.00,6000.00,4400.00,8.00,470.00,2000.00,4.00,0.80,23.20,1.70,0.00,3.40,1.00
2022,Q2,NORTH CAROLINA,30000.00,7500.00,3300.00,11.00,50.00,1200.00,4.00,3.50,23.90,0.00,0.00,2.80,1.00
2022,Q2,NORTH DAKOTA,455000.00,12000.00,9000.00,2.00,7000.00,16500.00,4.00,0.90,38.70,9.70,4.70,22.40,0.50
2022,Q2,OHIO,14500.00,4300.00,1200.00,8.00,140.00,400.00,3.00,5.10,51.20,2.30,3.30,5.60,2.10
2022,Q2,OKLAHOMA,20000.00,10500.00,2100.00,11.00,30.00,1100.00,6.00,0.00,8.40,7.80,1.40,2.60,0.70
2022,Q2,OREGON,96000.00,12500.00,19500.00,20.00,2800.00,4200.00,4.00,9.50,49.30,17.50,16.10,23.20,0.00
2022,Q2,OTHER STATES,4690.00,900.00,400.00,9.00,,120.00,3.00,4.50,7.90,3.00,2.10,3.80,4.10
2022,Q2,PENNSYLVANIA,24000.00,7000.00,2300.00,10.00,590.00,730.00,3.00,0.60,19.00,1.10,0.00,3.30,2.10
2022,Q2,SOUTH CAROLINA,23000.00,3500.00,3200.00,14.00,100.00,2500.00,11.00,0.00,29.90,1.20,12.80,13.20,0.90
2022,Q2,SOUTH DAKOTA,184000.00,2100.00,19000.00,10.00,150.00,4100.00,2.00,0.00,44.50,12.90,2.50,29.30,1.20
2022,Q2,TENNESSEE,11500.00,9000.00,1200.00,10.00,220.00,4400.00,38.00,1.00,30.90,14.40,0.00,23.70,1.70
2022,Q2,TEXAS,415000.00,83000.00,114000.00,27.00,3000.00,41000.00,10.00,0.00,39.20,5.20,0.70,30.00,0.90
2022,Q2,UTAH,29000.00,8500.00,5000.00,17.00,2200.00,4300.00,15.00,6.90,40.10,13.80,7.90,0.80,8.30
2022,Q2,VERMONT,8500.00,3300.00,160.00,2.00,280.00,150.00,2.00,0.00,21.20,1.30,0.70,1.50,0.00
2022,Q2,VIRGINIA,10500.00,2900.00,680.00,6.00,100.00,580.00,6.00,0.90,30.80,18.10,0.60,21.70,1.70
2022,Q2,WASHINGTON,109000.00,12500.00,23000.00,21.00,2000.00,6000.00,6.00,4.30,50.80,14.20,3.40,7.30,1.60
2022,Q2,WEST VIRGINIA,7500.00,2400.00,2600.00,35.00,120.00,260.00,3.00,3.60,13.10,1.00,0.00,7.40,0.90
2022,Q2,WISCONSIN,62000.00,6000.00,1300.00,2.00,130.00,1600.00,3.00,4.90,27.00,9.60,11.80,14.60,6.00
2022,Q2,WYOMING,23000.00,4500.00,1800.00,8.00,580.00,1900.00,8.00,5.10,5.60,3.00,0.00,2.50,1.00
2022,Q1,ALABAMA,11500.00,1600.00,520.00,5.00,70.00,1100.00,10.00,0.00,36.90,10.80,3.70,17.00,5.30
2022,Q1,ARIZONA,28000.00,4700.00,10.00,0.00,1300.00,2300.00,8.00,3.00,14.80,0.00,0.00,0.00,0.50
2022,Q1,ARKANSAS,21000.00,780.00,20.00,0.00,540.00,2600.00,12.00,0.00,39.80,1.30,13.10,28.10,8.90
2022,Q1,CALIFORNIA,1330000.00,139000.00,95000.00,7.00,14000.00,163000.00,12.00,3.30,29.70,3.90,5.30,7.20,4.20
2022,Q1,COLORADO,8500.00,0.00,10.00,0.00,120.00,540.00,6.00,3.80,4.00,3.40,0.60,0.00,2.60
2022,Q1,CONNECTICUT,4000.00,500.00,170.00,4.00,70.00,420.00,11.00,1.40,10.20,3.50,0.00,2.30,1.20
2022,Q1,FLORIDA,295000.00,50000.00,13500.00,5.00,3700.00,24000.00,8.00,3.70,39.00,6.40,9.80,13.10,8.20
2022,Q1,GEORGIA,119000.00,26000.00,18000.00,15.00,7000.00,14000.00,12.00,0.60,41.20,5.90,5.10,17.40,3.00
2022,Q1,HAWAII,21000.00,2600.00,1000.00,5.00,0.00,1600.00,8.00,0.00,76.10,3.00,0.00,76.00,0.00
2022,Q1,IDAHO,215000.00,7500.00,1000.00,0.00,4700.00,8000.00,4.00,0.00,57.00,1.40,15.50,1.10,1.30
2022,Q1,ILLINOIS,11500.00,900.00,140.00,1.00,390.00,2200.00,19.00,2.00,20.10,5.40,4.30,6.90,10.60
2022,Q1,INDIANA,11000.00,130.00,30.00,0.00,200.00,2900.00,26.00,1.70,28.50,9.70,3.60,11.50,5.90
2022,Q1,IOWA,29000.00,610.00,30.00,0.00,500.00,2800.00,10.00,0.70,29.70,1.60,0.90,13.00,5.10
2022,Q1,KANSAS,5000.00,140.00,60.00,1.00,110.00,520.00,10.00,3.70,37.80,4.20,1.70,21.80,5.10
2022,Q1,KENTUCKY,9500.00,50.00,160.00,2.00,280.00,1300.00,14.00,3.00,15.60,5.60,2.80,3.90,11.00
2022,Q1,LOUISIANA,42000.00,7000.00,2200.00,5.00,770.00,6000.00,14.00,0.00,61.10,0.60,0.00,48.10,7.60
2022,Q1,MAINE,7000.00,300.00,120.00,2.00,170.00,340.00,5.00,0.00,7.30,7.00,0.00,1.20,1.20
2022,Q1,MARYLAND,7500.00,1800.00,1000.00,13.00,130.00,1900.00,25.00,0.60,13.70,12.10,2.30,7.40,13.60
2022,Q1,MASSACHUSETTS,6000.00,350.00,510.00,9.00,40.00,950.00,16.00,0.70,13.40,1.60,0.00,2.90,2.70
2022,Q1,MICHIGAN,77000.00,1400.00,2500.00,3.00,2900.00,4500.00,6.00,1.90,6.10,4.20,1.40,1.90,0.00
2022,Q1,MINNESOTA,98000.00,6000.00,80.00,0.00,5500.00,1500.00,2.00,0.00,1.10,0.00,0.00,0.00,1.00
2022,Q1,MISSISSIPPI,38000.00,12000.00,2100.00,6.00,610.00,3300.00,9.00,6.50,39.70,1.80,2.00,13.20,9.40
2022,Q1,MISSOURI,11000.00,310.00,570.00,5.00,160.00,730.00,7.00,0.00,11.10,5.30,0.50,8.60,5.20
2022,Q1,MONTANA,54000.00,30.00,0.00,0.00,20.00,300.00,1.00,0.00,0.50,0.00,0.00,0.00,0.00
2022,Q1,NEBRASKA,30000.00,30.00,0.00,0.00,760.00,840.00,3.00,0.70,3.20,0.00,0.00,0.00,2.30
2022,Q1,NEW JERSEY,15000.00,1500.00,30.00,0.00,40.00,550.00,4.00,0.00,13.30,0.60,0.00,3.90,1.80
2022,Q1,NEW MEXICO,8000.00,1000.00,0.00,0.00,1200.00,1900.00,24.00,0.00,48.70,0.50,0.00,0.00,0.00
2022,Q1,NEW YORK,44000.00,370.00,730.00,2.00,910.00,5500.00,13.00,0.00,16.60,7.70,3.10,4.10,6.60
2022,Q1,NORTH CAROLINA,24000.00,3100.00,520.00,2.00,130.00,2300.00,10.00,0.00,23.40,2.40,0.00,7.60,1.00
2022,Q1,NORTH DAKOTA,89000.00,300.00,0.00,0.00,9500.00,120.00,0.00,0.00,33.10,0.00,0.00,0.00,0.00
2022,Q1,OHIO,16000.00,30.00,530.00,3.00,980.00,1800.00,11.00,0.70,18.00,2.20,1.70,4.80,7.20
2022,Q1,OKLAHOMA,20000.00,50.00,3500.00,18.00,20.00,3000.00,15.00,0.00,18.80,0.00,0.00,0.00,0.00
2022,Q1,OREGON,95000.00,2400.00,310.00,0.00,6500.00,5000.00,5.00,0.00,11.40,0.00,1.40,0.00,1.10
2022,Q1,OTHER STATES,7230.00,320.00,60.00,1.00,,710.00,10.00,4.30,11.60,2.10,1.00,2.40,0.80
2022,Q1,PENNSYLVANIA,25000.00,470.00,360.00,1.00,840.00,2800.00,11.00,0.00,14.60,3.10,0.60,3.90,3.00
2022,Q1,SOUTH CAROLINA,20000.00,4500.00,830.00,4.00,200.00,2500.00,13.00,0.00,38.00,4.50,0.00,3.80,3.10
2022,Q1,SOUTH DAKOTA,28000.00,40.00,0.00,0.00,490.00,1000.00,4.00,0.00,4.20,1.80,0.00,3.40,0.00
2022,Q1,TENNESSEE,10500.00,1300.00,200.00,2.00,590.00,2300.00,22.00,1.00,12.90,3.30,0.00,5.10,3.00
2022,Q1,TEXAS,400000.00,80000.00,34000.00,9.00,10500.00,37000.00,9.00,0.60,21.20,6.00,3.60,2.10,1.50
2022,Q1,UTAH,32000.00,4600.00,740.00,2.00,1700.00,4100.00,13.00,3.00,3.20,0.00,0.00,1.50,0.50
2022,Q1,VERMONT,8000.00,0.00,0.00,0.00,20.00,380.00,5.00,1.30,15.20,2.70,4.00,1.90,0.50
2022,Q1,VIRGINIA,10000.00,940.00,200.00,2.00,660.00,1700.00,17.00,2.50,25.70,12.00,0.00,13.90,7.80
2022,Q1,WASHINGTON,102000.00,1400.00,6000.00,6.00,3400.00,7500.00,7.00,3.60,8.30,2.60,0.00,4.00,0.00
2022,Q1,WEST VIRGINIA,5500.00,420.00,200.00,4.00,370.00,1000.00,18.00,1.70,15.80,6.00,1.20,7.40,0.90
2022,Q1,WISCONSIN,53000.00,1400.00,240.00,0.00,3200.00,2800.00,5.00,0.00,7.90,2.00,6.50,0.00,0.50
2022,Q1,WYOMING,8000.00,20.00,0.00,0.00,760.00,180.00,2.00,0.00,1.30,1.20,0.00,0.00,0.80
2021,Q2,ALABAMA,9500.00,3400.00,930.00,10.00,90.00,2700.00,28.00,0.50,55.20,5.80,2.10,35.00,7.40
2021,Q2,ARIZONA,26000.00,12000.00,3700.00,14.00,1300.00,4300.00,17.00,3.60,7.40,7.10,1.20,0.00,6.90
2021,Q2,ARKANSAS,12500.00,9000.00,5500.00,44.00,410.00,1600.00,13.00,5.70,42.20,2.00,2.80,21.90,3.60
2021,Q2,CALIFORNIA,1060000.00,165000.00,180000.00,17.00,10000.00,114000.00,11.00,7.70,42.40,11.60,16.10,11.50,3.80
2021,Q2,COLORADO,25000.00,6000.00,1100.00,4.00,120.00,8500.00,34.00,0.00,56.10,0.50,0.00,0.00,2.90
2021,Q2,CONNECTICUT,4000.00,1100.00,340.00,9.00,10.00,60.00,2.00,0.10,16.50,1.00,0.00,6.00,0.00
2021,Q2,FLORIDA,300000.00,53000.00,31000.00,10.00,9000.00,33000.00,11.00,4.30,43.40,6.40,10.10,22.90,7.70
2021,Q2,GEORGIA,135000.00,25000.00,18500.00,14.00,3900.00,21000.00,16.00,5.20,44.70,5.20,2.80,13.80,5.80
2021,Q2,HAWAII,21000.00,490.00,1200.00,6.00,180.00,490.00,2.00,0.00,92.60,0.00,0.00,60.80,0.00
2021,Q2,IDAHO,120000.00,40000.00,19000.00,16.00,3400.00,19500.00,16.00,5.40,31.90,2.00,9.90,1.90,6.20
2021,Q2,ILLINOIS,13000.00,3700.00,2100.00,16.00,90.00,1100.00,8.00,1.60,32.50,4.10,3.50,4.50,7.40
2021,Q2,INDIANA,13000.00,4000.00,1000.00,8.00,230.00,560.00,4.00,0.60,22.80,6.10,7.00,7.30,1.30
2021,Q2,IOWA,29000.00,11000.00,3900.00,13.00,1200.00,2200.00,8.00,1.20,13.70,2.60,0.80,2.50,8.20
2021,Q2,KANSAS,8000.00,4800.00,1600.00,20.00,740.00,1900.00,24.00,7.20,47.80,1.50,8.60,21.60,6.50
2021,Q2,KENTUCKY,11500.00,2100.00,4500.00,39.00,50.00,270.00,2.00,1.00,21.50,4.20,2.20,4.00,2.60
2021,Q2,LOUISIANA,29000.00,8000.00,2000.00,7.00,230.00,2300.00,8.00,0.00,29.10,10.60,0.00,3.70,0.90
2021,Q2,MAINE,18000.00,430.00,260.00,1.00,50.00,1100.00,6.00,0.00,13.90,1.50,0.00,0.00,0.00
2021,Q2,MARYLAND,7500.00,2600.00,690.00,9.00,50.00,320.00,4.00,0.00,17.20,2.00,0.60,8.90,1.40
2021,Q2,MASSACHUSETTS,12000.00,2000.00,310.00,3.00,30.00,810.00,7.00,0.00,45.50,0.00,34.00,34.30,0.00
2021,Q2,MICHIGAN,112000.00,10000.00,8000.00,7.00,1300.00,3500.00,3.00,0.80,44.80,0.80,3.50,2.70,0.00
2021,Q2,MINNESOTA,98000.00,29000.00,4000.00,4.00,730.00,5500.00,6.00,0.00,13.10,1.10,12.80,0.00,1.10
2021,Q2,MISSISSIPPI,35000.00,9500.00,8000.00,23.00,310.00,4600.00,13.00,3.20,46.70,3.20,0.50,11.30,9.90
2021,Q2,MISSOURI,4800.00,2300.00,670.00,14.00,40.00,670.00,14.00,1.80,21.90,8.30,0.90,8.80,4.80
2021,Q2,MONTANA,116000.00,13500.00,15500.00,13.00,820.00,3200.00,3.00,1.50,20.80,5.20,13.30,0.00,3.00
2021,Q2,NEBRASKA,37000.00,9000.00,810.00,2.00,1200.00,1800.00,5.00,0.00,17.30,3.20,7.40,0.00,1.30
2021,Q2,NEW JERSEY,19500.00,1400.00,140.00,1.00,50.00,410.00,2.00,0.00,11.80,1.80,2.60,5.50,1.30
2021,Q2,NEW MEXICO,5500.00,560.00,2300.00,42.00,370.00,670.00,12.00,1.30,60.00,0.00,2.50,1.20,0.00
2021,Q2,NEW YORK,50000.00,15000.00,4100.00,8.00,820.00,3000.00,6.00,0.50,35.80,2.30,1.70,3.90,3.50
2021,Q2,NORTH CAROLINA,23000.00,6000.00,3300.00,14.00,150.00,1700.00,7.00,0.00,35.80,0.00,0.00,3.50,0.00
2021,Q2,NORTH DAKOTA,495000.00,11500.00,3600.00,1.00,7000.00,6000.00,1.00,0.00,29.20,2.00,0.00,0.70,0.00
2021,Q2,OHIO,13500.00,8000.00,2400.00,18.00,100.00,820.00,6.00,6.60,62.10,7.10,4.10,37.80,3.10
2021,Q2,OKLAHOMA,17000.00,4200.00,190.00,1.00,0.00,3600.00,21.00,0.00,3.10,7.00,0.00,2.10,1.00
2021,Q2,OREGON,108000.00,25000.00,19500.00,18.00,530.00,3300.00,3.00,6.20,17.20,6.50,10.10,8.30,1.80
2021,Q2,OTHER STATES,8460.00,2880.00,3130.00,37.00,,140.00,2.00,0.00,42.80,5.70,4.60,0.00,4.70
2021,Q2,PENNSYLVANIA,23000.00,7000.00,2700.00,12.00,430.00,2000.00,9.00,1.40,21.40,1.20,2.60,5.00,0.50
2021,Q2,SOUTH CAROLINA,19000.00,4200.00,4900.00,26.00,140.00,1700.00,9.00,2.10,48.40,9.10,0.00,32.70,5.00
2021,Q2,SOUTH DAKOTA,210000.00,39000.00,19000.00,9.00,170.00,7000.00,3.00,3.60,49.40,27.30,4.20,12.00,0.70
2021,Q2,TENNESSEE,12000.00,4800.00,3400.00,28.00,80.00,720.00,6.00,0.00,22.40,3.10,2.40,10.30,0.00
2021,Q2,TEXAS,425000.00,67000.00,72000.00,17.00,780.00,74000.00,17.00,0.00,38.10,5.70,11.50,3.40,0.00
2021,Q2,UTAH,31000.00,9500.00,3700.00,12.00,540.00,3800.00,12.00,10.30,40.00,0.00,18.70,25.70,1.40
2021,Q2,VERMONT,7000.00,770.00,570.00,8.00,10.00,40.00,1.00,0.50,28.10,1.50,0.00,0.80,0.00
2021,Q2,VIRGINIA,8500.00,3100.00,820.00,10.00,120.00,530.00,6.00,3.60,13.30,2.70,2.10,6.30,3.70
2021,Q2,WASHINGTON,122000.00,9500.00,2600.00,2.00,240.00,2900.00,2.00,8.40,31.70,4.70,1.20,19.10,0.00
2021,Q2,WEST VIRGINIA,9000.00,1900.00,390.00,4.00,40.00,170.00,2.00,1.10,5.20,1.00,0.00,3.90,2.20
2021,Q2,WISCONSIN,57000.00,10000.00,7500.00,13.00,670.00,2100.00,4.00,1.20,26.10,1.10,15.10,19.30,2.20
2021,Q2,WYOMING,30000.00,7500.00,4900.00,16.00,1700.00,2700.00,9.00,0.00,8.30,1.50,6.90,0.90,2.40
2021,Q1,ALABAMA,10000.00,670.00,200.00,2.00,270.00,1100.00,11.00,0.00,52.20,3.10,0.00,30.30,4.00
2021,Q1,ARIZONA,28000.00,4500.00,4500.00,16.00,1000.00,6500.00,23.00,6.00,6.70,0.50,0.00,6.10,3.80
2021,Q1,ARKANSAS,21000.00,690.00,130.00,1.00,1200.00,4900.00,23.00,0.00,27.20,3.80,13.20,18.30,2.50
2021,Q1,CALIFORNIA,1600000.00,189000.00,84000.00,5.00,6000.00,275000.00,17.00,1.70,29.90,6.20,7.20,5.70,3.40
2021,Q1,COLORADO,16500.00,1000.00,30.00,0.00,3100.00,700.00,4.00,0.00,7.90,1.00,0.00,0.00,7.00
2021,Q1,CONNECTICUT,4200.00,400.00,50.00,1.00,160.00,800.00,19.00,0.00,17.80,1.60,0.50,3.50,1.00
2021,Q1,FLORIDA,305000.00,47000.00,17000.00,6.00,7500.00,31000.00,10.00,5.60,34.60,6.30,6.60,11.90,3.40
2021,Q1,GEORGIA,120000.00,34000.00,14500.00,12.00,6500.00,20000.00,17.00,8.90,47.90,4.10,1.50,14.40,4.60
2021,Q1,HAWAII,19500.00,2300.00,1600.00,8.00,40.00,800.00,4.00,0.00,53.00,4.70,0.00,52.20,0.00
2021,Q1,IDAHO,193000.00,11000.00,9000.00,5.00,5000.00,14500.00,8.00,0.00,30.00,1.60,8.90,9.90,1.50
2021,Q1,ILLINOIS,13000.00,2500.00,200.00,2.00,270.00,3000.00,23.00,1.60,28.80,17.90,1.30,12.90,9.40
2021,Q1,INDIANA,11000.00,2400.00,20.00,0.00,450.00,2600.00,24.00,0.00,34.10,4.80,0.70,5.40,4.40
2021,Q1,IOWA,26000.00,1100.00,30.00,0.00,790.00,2100.00,8.00,0.00,18.90,7.80,3.70,0.70,3.80
2021,Q1,KANSAS,8000.00,1000.00,10.00,0.00,190.00,1400.00,18.00,0.00,25.70,19.10,0.00,2.80,2.20
2021,Q1,KENTUCKY,11000.00,1000.00,80.00,1.00,240.00,2100.00,19.00,0.00,27.50,5.10,0.00,16.90,9.30
2021,Q1,LOUISIANA,53000.00,3600.00,3000.00,6.00,450.00,7000.00,13.00,0.00,62.10,10.00,1.60,3.80,1.10
2021,Q1,MAINE,2900.00,60.00,80.00,3.00,170.00,300.00,10.00,0.00,7.20,2.20,0.00,2.60,2.10
2021,Q1,MARYLAND,7000.00,1300.00,240.00,3.00,110.00,1800.00,26.00,0.00,34.60,19.70,0.00,1.10,2.70
2021,Q1,MASSACHUSETTS,5000.00,30.00,90.00,2.00,210.00,980.00,20.00,1.00,28.90,7.80,0.50,3.60,4.50
2021,Q1,MICHIGAN,78000.00,320.00,4100.00,5.00,3300.00,1500.00,2.00,0.00,2.30,0.70,0.00,0.00,1.60
2021,Q1,MINNESOTA,73000.00,1300.00,140.00,0.00,6000.00,3200.00,4.00,0.00,6.30,2.80,2.50,0.60,0.00
2021,Q1,MISSISSIPPI,36000.00,14000.00,70.00,0.00,300.00,5500.00,15.00,0.00,19.70,15.50,1.00,3.80,4.70
2021,Q1,MISSOURI,5500.00,110.00,40.00,1.00,160.00,900.00,16.00,0.00,16.60,13.10,0.80,5.60,5.30
2021,Q1,MONTANA,51000.00,820.00,20.00,0.00,1000.00,330.00,1.00,0.00,15.00,0.00,0.00,0.00,0.00
2021,Q1,NEBRASKA,18000.00,930.00,0.00,0.00,540.00,640.00,4.00,0.00,11.00,1.70,1.50,0.00,0.70
2021,Q1,NEW JERSEY,14000.00,900.00,80.00,1.00,600.00,350.00,3.00,1.00,18.70,1.20,1.30,1.50,0.80
2021,Q1,NEW MEXICO,5500.00,170.00,0.00,0.00,10.00,270.00,5.00,0.00,14.20,6.50,0.00,0.00,1.90
2021,Q1,NEW YORK,30000.00,2600.00,380.00,1.00,1800.00,4900.00,16.00,0.60,15.00,5.70,0.50,3.90,4.80
2021,Q1,NORTH CAROLINA,24000.00,1900.00,110.00,0.00,70.00,4000.00,17.00,0.00,23.50,0.60,0.00,7.20,0.50
2021,Q1,NORTH DAKOTA,65000.00,2700.00,0.00,0.00,8500.00,180.00,0.00,1.00,12.00,1.50,0.00,0.50,0.00
2021,Q1,OHIO,17500.00,120.00,20.00,0.00,180.00,4000.00,23.00,2.90,26.60,8.20,2.00,14.40,4.90
2021,Q1,OKLAHOMA,28000.00,4100.00,360.00,1.00,1100.00,2600.00,9.00,0.00,7.60,4.20,0.00,0.00,2.00
2021,Q1,OREGON,80000.00,1600.00,610.00,1.00,4500.00,3100.00,4.00,1.40,12.80,1.20,0.00,10.70,0.60
2021,Q1,OTHER STATES,6640.00,750.00,70.00,1.00,,540.00,8.00,4.10,19.40,6.60,0.00,1.20,1.10
2021,Q1,PENNSYLVANIA,24000.00,1100.00,40.00,0.00,1900.00,5500.00,23.00,0.00,18.10,6.80,0.00,11.60,8.60
2021,Q1,SOUTH CAROLINA,18000.00,930.00,190.00,1.00,160.00,1200.00,7.00,0.00,48.50,4.10,3.20,10.10,0.90
2021,Q1,SOUTH DAKOTA,34000.00,0.00,0.00,0.00,2100.00,450.00,1.00,0.00,8.60,0.00,0.00,0.00,0.80
2021,Q1,TENNESSEE,13500.00,460.00,310.00,2.00,830.00,2200.00,16.00,1.40,34.40,2.60,0.80,5.20,8.90
2021,Q1,TEXAS,355000.00,61000.00,13500.00,4.00,5000.00,30000.00,8.00,1.50,17.70,7.40,5.80,13.00,0.00
2021,Q1,UTAH,19500.00,2700.00,0.00,0.00,230.00,2600.00,13.00,0.00,45.40,1.00,2.40,0.90,6.30
2021,Q1,VERMONT,7500.00,700.00,70.00,1.00,140.00,1300.00,17.00,3.70,21.10,10.10,0.00,0.00,0.00
2021,Q1,VIRGINIA,7500.00,1800.00,50.00,1.00,840.00,1400.00,19.00,0.00,11.90,3.90,1.90,1.00,4.90
2021,Q1,WASHINGTON,70000.00,9500.00,850.00,1.00,1500.00,5500.00,8.00,1.00,14.80,4.50,0.00,2.30,0.00
2021,Q1,WEST VIRGINIA,9000.00,200.00,460.00,5.00,480.00,1200.00,13.00,0.70,13.60,1.20,2.60,3.30,3.10
2021,Q1,WISCONSIN,44000.00,230.00,170.00,0.00,1700.00,2500.00,6.00,0.00,16.10,3.60,0.00,0.00,3.20
2021,Q1,WYOMING,14500.00,3000.00,1200.00,8.00,530.00,2200.00,15.00,0.00,8.40,3.30,0.00,0.00,7.90
2021,Q3,ALABAMA,9500.00,950.00,280.00,3.00,170.00,1400.00,15.00,0.90,37.40,16.30,11.00,25.90,1.90
2021,Q3,ARIZONA,31000.00,2000.00,2300.00,7.00,2700.00,6500.00,21.00,0.70,20.30,5.40,6.60,1.50,10.60
2021,Q3,ARKANSAS,20000.00,2400.00,1700.00,9.00,300.00,1800.00,9.00,3.20,42.30,5.80,30.60,32.90,4.90
2021,Q3,CALIFORNIA,680000.00,47000.00,51000.00,8.00,10500.00,25000.00,4.00,14.20,39.60,11.00,13.00,16.50,5.00
2021,Q3,COLORADO,22000.00,1500.00,750.00,3.00,350.00,1700.00,8.00,2.90,7.80,6.40,0.00,0.00,0.80
2021,Q3,CONNECTICUT,4200.00,140.00,170.00,4.00,30.00,120.00,3.00,0.70,16.40,2.40,3.90,0.80,5.90
2021,Q3,FLORIDA,255000.00,34000.00,27000.00,11.00,10000.00,39000.00,15.00,7.10,43.40,11.40,14.10,20.50,8.70
2021,Q3,GEORGIA,123000.00,28000.00,35000.00,28.00,6500.00,22000.00,18.00,4.80,63.90,13.40,12.00,32.20,7.60
2021,Q3,HAWAII,21000.00,100.00,520.00,2.00,0.00,1100.00,5.00,0.00,29.60,0.00,18.00,19.00,0.90
2021,Q3,IDAHO,135000.00,7000.00,3000.00,2.00,1000.00,3500.00,3.00,2.60,55.20,7.00,7.00,1.80,1.50
2021,Q3,ILLINOIS,14500.00,640.00,1200.00,8.00,170.00,680.00,5.00,1.40,37.70,4.40,3.30,9.50,5.70
2021,Q3,INDIANA,16500.00,770.00,1400.00,8.00,40.00,1700.00,10.00,5.20,39.30,1.90,17.40,23.70,2.30
2021,Q3,IOWA,54000.00,1000.00,130.00,0.00,60.00,4500.00,8.00,2.80,7.50,0.00,5.90,1.60,2.20
2021,Q3,KANSAS,9000.00,500.00,1300.00,14.00,450.00,1600.00,18.00,10.10,66.80,17.70,14.90,31.10,14.70
2021,Q3,KENTUCKY,10500.00,900.00,740.00,7.00,150.00,1100.00,10.00,0.60,39.40,1.20,0.00,18.20,11.00
2021,Q3,LOUISIANA,31000.00,1300.00,2800.00,9.00,1400.00,2300.00,7.00,0.00,8.00,0.60,0.00,2.30,6.00
2021,Q3,MAINE,10000.00,380.00,210.00,2.00,50.00,1400.00,14.00,0.00,18.70,17.00,5.00,0.00,0.00
2021,Q3,MARYLAND,6000.00,300.00,170.00,3.00,320.00,490.00,8.00,0.00,20.00,0.70,0.50,13.60,1.50
2021,Q3,MASSACHUSETTS,13000.00,1700.00,1200.00,9.00,20.00,1100.00,8.00,0.60,23.00,0.50,1.50,8.70,4.50
2021,Q3,MICHIGAN,120000.00,7500.00,4800.00,4.00,2800.00,8500.00,7.00,0.00,63.50,2.70,17.00,4.20,0.80
2021,Q3,MINNESOTA,106000.00,5000.00,1300.00,1.00,2300.00,7000.00,7.00,0.00,27.50,2.30,10.50,1.10,1.80
2021,Q3,MISSISSIPPI,18500.00,770.00,310.00,2.00,460.00,1900.00,10.00,1.30,25.30,3.00,0.00,1.10,7.80
2021,Q3,MISSOURI,7000.00,420.00,900.00,13.00,50.00,480.00,7.00,0.00,24.00,2.10,1.30,14.40,8.70
2021,Q3,MONTANA,114000.00,870.00,7500.00,7.00,670.00,6000.00,5.00,1.20,19.50,14.80,0.00,1.50,0.50
2021,Q3,NEBRASKA,49000.00,1200.00,1800.00,4.00,480.00,6000.00,12.00,0.00,13.70,3.20,1.80,0.00,1.80
2021,Q3,NEW JERSEY,19500.00,390.00,480.00,2.00,40.00,400.00,2.00,0.00,10.70,0.70,1.80,4.90,1.90
2021,Q3,NEW MEXICO,5500.00,40.00,130.00,2.00,10.00,30.00,1.00,1.10,22.50,0.00,0.00,4.40,0.00
2021,Q3,NEW YORK,67000.00,2200.00,5000.00,7.00,2200.00,5500.00,8.00,3.00,37.70,11.80,5.60,14.10,11.20
2021,Q3,NORTH CAROLINA,25000.00,3800.00,2200.00,9.00,730.00,3000.00,12.00,0.90,29.30,6.60,0.00,10.40,1.00
2021,Q3,NORTH DAKOTA,580000.00,7500.00,14500.00,3.00,1800.00,67000.00,12.00,2.20,31.70,7.00,4.10,6.10,5.50
2021,Q3,OHIO,21000.00,1300.00,4100.00,20.00,450.00,1700.00,8.00,0.70,78.70,8.20,23.00,49.90,4.10
2021,Q3,OKLAHOMA,3300.00,340.00,20.00,1.00,80.00,260.00,8.00,0.50,14.50,6.20,0.00,9.40,1.40
2021,Q3,OREGON,132000.00,9000.00,13500.00,10.00,4100.00,14000.00,11.00,3.40,39.40,9.60,10.90,8.40,1.30
2021,Q3,OTHER STATES,10990.00,210.00,1460.00,13.00,,530.00,5.00,0.00,31.70,4.60,11.00,10.90,2.20
2021,Q3,PENNSYLVANIA,28000.00,740.00,980.00,4.00,350.00,1600.00,6.00,1.00,40.50,4.20,2.60,15.30,3.80
2021,Q3,SOUTH CAROLINA,20000.00,2500.00,460.00,2.00,90.00,2200.00,11.00,2.80,15.80,4.30,1.30,5.30,3.20
2021,Q3,SOUTH DAKOTA,235000.00,7000.00,3100.00,1.00,470.00,29000.00,12.00,1.10,18.30,14.10,3.90,4.60,1.30
2021,Q3,TENNESSEE,15500.00,850.00,740.00,5.00,230.00,1100.00,7.00,0.00,16.00,1.80,0.70,11.60,0.00
2021,Q3,TEXAS,144000.00,3100.00,6000.00,4.00,18500.00,4000.00,3.00,0.50,20.20,4.40,4.40,6.00,0.50
2021,Q3,UTAH,37000.00,2200.00,1900.00,5.00,340.00,2900.00,8.00,0.00,40.00,1.90,3.90,0.00,0.50
2021,Q3,VERMONT,7000.00,310.00,100.00,1.00,0.00,10.00,0.00,1.50,25.40,1.60,0.00,3.00,0.60
2021,Q3,VIRGINIA,10500.00,530.00,750.00,7.00,330.00,890.00,8.00,0.90,19.20,4.60,0.80,12.10,1.90
2021,Q3,WASHINGTON,79000.00,4300.00,15500.00,20.00,1500.00,4900.00,6.00,4.90,34.30,12.70,2.30,2.20,1.60
2021,Q3,WEST VIRGINIA,8000.00,320.00,220.00,3.00,180.00,570.00,7.00,10.20,24.70,2.80,9.90,15.10,1.20
2021,Q3,WISCONSIN,66000.00,1500.00,4300.00,7.00,2100.00,7000.00,11.00,20.30,56.00,15.30,31.20,36.80,8.00
2021,Q3,WYOMING,36000.00,430.00,3900.00,11.00,410.00,2200.00,6.00,0.00,4.70,0.80,0.50,0.00,0.80
2021,Q4,ALABAMA,9000.00,360.00,10.00,0.00,160.00,1100.00,12.00,3.50,60.80,2.50,6.80,44.70,1.40
2021,Q4,ARIZONA,23000.00,7500.00,,0.00,380.00,5500.00,24.00,0.00,67.20,1.80,3.30,35.20,0.90
2021,Q4,ARKANSAS,18000.00,920.00,100.00,1.00,250.00,480.00,3.00,0.00,35.70,0.60,25.60,28.20,0.70
2021,Q4,CALIFORNIA,1210000.00,15000.00,29000.00,2.00,10000.00,50000.00,4.00,3.70,14.60,2.80,1.90,4.80,2.00
2021,Q4,COLORADO,13000.00,200.00,,0.00,1300.00,1600.00,12.00,0.00,4.60,2.60,0.00,0.00,3.70
2021,Q4,CONNECTICUT,4000.00,140.00,130.00,3.00,90.00,180.00,5.00,0.60,20.60,0.60,0.60,0.60,2.80
2021,Q4,FLORIDA,310000.00,20000.00,11000.00,4.00,10500.00,38000.00,12.00,5.90,28.90,8.80,9.10,19.00,13.60
2021,Q4,GEORGIA,132000.00,12500.00,12000.00,9.00,7500.00,24000.00,18.00,0.50,41.00,5.70,7.80,24.70,7.20
2021,Q4,HAWAII,20000.00,1100.00,530.00,3.00,0.00,100.00,1.00,19.70,66.10,0.00,0.00,64.20,0.00
2021,Q4,IDAHO,230000.00,250.00,4300.00,2.00,10500.00,22000.00,10.00,4.90,58.10,4.00,12.00,8.00,11.20
2021,Q4,ILLINOIS,12500.00,180.00,810.00,6.00,340.00,1300.00,10.00,2.40,31.90,2.30,1.40,9.10,7.20
2021,Q4,INDIANA,14500.00,130.00,2400.00,17.00,180.00,1700.00,12.00,11.30,43.60,1.50,21.30,19.60,1.90
2021,Q4,IOWA,51000.00,170.00,90.00,0.00,2100.00,4000.00,8.00,0.90,17.90,1.00,17.00,1.20,1.70
2021,Q4,KANSAS,8000.00,140.00,50.00,1.00,200.00,2100.00,26.00,1.50,30.50,14.60,15.50,20.10,13.90
2021,Q4,KENTUCKY,10500.00,120.00,460.00,4.00,160.00,880.00,8.00,2.30,54.10,13.20,0.00,39.00,12.00
2021,Q4,LOUISIANA,36000.00,1400.00,1300.00,4.00,450.00,2800.00,8.00,0.00,28.20,0.00,0.00,5.40,5.30
2021,Q4,MAINE,5500.00,70.00,160.00,3.00,30.00,700.00,13.00,0.00,29.30,15.20,0.00,18.10,2.00
2021,Q4,MARYLAND,6000.00,1200.00,,0.00,120.00,720.00,12.00,0.00,21.20,3.10,0.00,12.20,0.70
2021,Q4,MASSACHUSETTS,10500.00,20.00,50.00,0.00,20.00,290.00,3.00,0.50,5.40,0.00,0.00,0.00,0.60
2021,Q4,MICHIGAN,105000.00,140.00,2200.00,2.00,1000.00,6000.00,6.00,0.00,8.70,0.90,3.10,2.20,1.50
2021,Q4,MINNESOTA,100000.00,4900.00,350.00,0.00,1900.00,10500.00,11.00,0.00,8.00,0.60,3.40,0.00,1.40
2021,Q4,MISSISSIPPI,23000.00,30.00,240.00,1.00,600.00,3000.00,13.00,0.00,27.80,0.00,5.80,8.60,8.30
2021,Q4,MISSOURI,7500.00,190.00,120.00,2.00,260.00,590.00,8.00,0.00,17.30,1.30,1.10,6.30,0.80
2021,Q4,MONTANA,102000.00,3200.00,8000.00,8.00,180.00,17000.00,17.00,3.10,27.20,4.90,0.00,2.90,0.00
2021,Q4,NEBRASKA,43000.00,10.00,250.00,1.00,2200.00,7500.00,17.00,2.80,28.00,1.80,4.20,1.50,0.00
2021,Q4,NEW JERSEY,19500.00,350.00,,0.00,0.00,430.00,2.00,0.00,8.60,0.00,0.00,5.90,0.00
2021,Q4,NEW MEXICO,5500.00,2000.00,,0.00,0.00,1900.00,35.00,0.00,65.60,0.00,14.10,44.40,0.70
2021,Q4,NEW YORK,66000.00,440.00,26000.00,39.00,1900.00,21000.00,32.00,1.00,48.00,13.60,1.30,34.50,3.50
2021,Q4,NORTH CAROLINA,22000.00,260.00,360.00,2.00,1900.00,2100.00,10.00,0.00,24.10,0.00,0.00,1.40,5.10
2021,Q4,NORTH DAKOTA,485000.00,11000.00,8000.00,2.00,8500.00,27000.00,6.00,2.80,28.00,7.80,0.00,0.90,0.00
2021,Q4,OHIO,17000.00,300.00,460.00,3.00,460.00,1600.00,9.00,0.00,36.60,1.50,2.50,10.90,6.60
2021,Q4,OKLAHOMA,21000.00,230.00,950.00,5.00,190.00,1400.00,7.00,0.00,5.60,0.00,0.50,3.20,0.80
2021,Q4,OREGON,103000.00,680.00,29000.00,28.00,6000.00,10500.00,10.00,8.70,28.80,1.30,2.00,23.30,0.00
2021,Q4,OTHER STATES,8990.00,140.00,110.00,1.00,,510.00,6.00,0.90,14.20,4.20,0.00,0.00,0.00
2021,Q4,PENNSYLVANIA,26000.00,250.00,150.00,1.00,830.00,2400.00,9.00,3.50,30.30,7.00,3.40,8.20,1.10
2021,Q4,SOUTH CAROLINA,21000.00,70.00,150.00,1.00,120.00,3200.00,15.00,0.00,28.10,0.80,11.30,5.50,2.00
2021,Q4,SOUTH DAKOTA,190000.00,1400.00,120.00,0.00,1300.00,11500.00,6.00,0.00,45.80,1.70,7.40,9.00,1.60
2021,Q4,TENNESSEE,15500.00,20.00,1200.00,8.00,280.00,1400.00,9.00,0.50,33.50,2.50,1.40,5.10,1.00
2021,Q4,TEXAS,290000.00,2100.00,1700.00,1.00,2600.00,23000.00,8.00,1.20,19.40,4.10,9.80,8.30,5.50
2021,Q4,UTAH,37000.00,1500.00,1400.00,4.00,310.00,3200.00,9.00,0.70,4.80,2.00,0.70,0.70,4.70
2021,Q4,VERMONT,7000.00,0.00,50.00,1.00,20.00,40.00,1.00,0.00,16.10,0.00,0.00,0.60,0.80
2021,Q4,VIRGINIA,8500.00,160.00,210.00,2.00,280.00,930.00,11.00,0.80,31.80,5.20,0.50,19.10,3.20
2021,Q4,WASHINGTON,83000.00,1400.00,2300.00,3.00,4500.00,6500.00,8.00,2.00,42.30,7.60,2.50,2.70,0.80
2021,Q4,WEST VIRGINIA,7500.00,10.00,100.00,1.00,260.00,560.00,7.00,0.60,13.80,1.00,1.90,6.30,3.10
2021,Q4,WISCONSIN,47000.00,1100.00,150.00,0.00,1600.00,5500.00,12.00,0.50,28.40,2.50,0.70,0.00,0.70
2021,Q4,WYOMING,22000.00,660.00,560.00,3.00,870.00,2400.00,11.00,9.30,14.70,2.30,0.00,2.30,0.60
2020,Q2,ALABAMA,8500.00,4700.00,2600.00,31.00,410.00,4100.00,48.00,1.60,28.50,7.90,7.70,18.00,9.50
2020,Q2,ARIZONA,26000.00,14500.00,4700.00,18.00,140.00,1300.00,5.00,0.00,22.10,5.50,4.20,0.00,0.60
2020,Q2,ARKANSAS,17000.00,4900.00,800.00,5.00,900.00,1800.00,11.00,5.10,40.50,2.10,24.60,15.30,12.40
2020,Q2,CALIFORNIA,1200000.00,175000.00,240000.00,20.00,3200.00,100000.00,8.00,3.90,33.60,7.60,5.50,4.80,3.10
2020,Q2,COLORADO,27000.00,7000.00,2800.00,10.00,310.00,2100.00,8.00,0.00,35.40,0.50,0.00,0.00,2.50
2020,Q2,CONNECTICUT,4300.00,1200.00,450.00,10.00,0.00,30.00,1.00,0.00,14.80,0.10,0.00,2.10,0.60
2020,Q2,FLORIDA,310000.00,25000.00,18500.00,6.00,12000.00,40000.00,13.00,3.40,33.10,5.90,5.80,16.00,7.90
2020,Q2,GEORGIA,147000.00,18500.00,20000.00,14.00,3300.00,10000.00,7.00,6.90,47.90,7.90,2.90,19.60,13.40
2020,Q2,HAWAII,15500.00,3000.00,2300.00,15.00,0.00,0.00,0.00,1.00,43.10,1.10,0.00,41.10,0.00
2020,Q2,IDAHO,81000.00,22000.00,29000.00,36.00,2400.00,18000.00,22.00,11.10,44.20,6.90,8.60,10.90,5.80
2020,Q2,ILLINOIS,12000.00,4200.00,1700.00,14.00,190.00,1500.00,13.00,1.00,23.50,11.90,8.30,8.20,4.00
2020,Q2,INDIANA,12000.00,4500.00,1800.00,15.00,30.00,920.00,8.00,1.80,26.80,5.40,20.20,12.50,1.50
2020,Q2,IOWA,29000.00,17000.00,4700.00,16.00,440.00,3600.00,12.00,16.60,30.60,3.50,0.80,24.70,0.50
2020,Q2,KANSAS,8000.00,1900.00,1800.00,23.00,270.00,680.00,9.00,24.00,68.40,28.90,32.80,34.10,14.30
2020,Q2,KENTUCKY,11000.00,4200.00,3500.00,32.00,120.00,1200.00,11.00,0.00,18.30,2.90,1.20,10.90,3.20
2020,Q2,LOUISIANA,53000.00,2300.00,4700.00,9.00,650.00,1800.00,3.00,0.50,23.70,3.50,0.00,4.70,1.30
2020,Q2,MAINE,22000.00,520.00,110.00,1.00,0.00,700.00,3.00,26.80,47.10,0.50,0.00,0.00,0.00
2020,Q2,MARYLAND,8000.00,4400.00,1700.00,21.00,0.00,670.00,8.00,0.10,14.30,3.20,1.10,1.10,0.50
2020,Q2,MASSACHUSETTS,13500.00,870.00,540.00,4.00,40.00,630.00,5.00,0.00,14.70,1.10,0.00,2.10,0.00
2020,Q2,MICHIGAN,85000.00,11000.00,10000.00,12.00,420.00,1500.00,2.00,2.20,38.00,3.20,6.00,11.50,1.10
2020,Q2,MINNESOTA,126000.00,9000.00,2600.00,2.00,870.00,13000.00,10.00,0.70,20.60,4.40,8.80,2.90,0.00
2020,Q2,MISSISSIPPI,37000.00,1500.00,570.00,2.00,260.00,4500.00,12.00,0.00,93.10,8.50,0.90,57.80,0.00
2020,Q2,MISSOURI,6500.00,2800.00,1200.00,18.00,200.00,390.00,6.00,5.70,17.40,11.20,3.10,1.50,1.90
2020,Q2,MONTANA,120000.00,18000.00,16000.00,13.00,1500.00,2000.00,2.00,5.90,12.10,4.60,0.00,5.60,0.00
2020,Q2,NEBRASKA,41000.00,7000.00,1100.00,3.00,700.00,1900.00,5.00,4.80,17.50,0.00,12.20,1.10,2.70
2020,Q2,NEW JERSEY,21000.00,1500.00,650.00,3.00,10.00,710.00,3.00,21.50,15.40,21.70,0.00,0.80,0.00
2020,Q2,NEW MEXICO,6000.00,400.00,40.00,1.00,0.00,1000.00,17.00,0.00,3.00,0.00,0.00,0.00,0.00
2020,Q2,NEW YORK,58000.00,6000.00,2800.00,5.00,20.00,4000.00,7.00,0.60,20.70,3.50,0.00,2.50,0.50
2020,Q2,NORTH CAROLINA,25000.00,6000.00,1300.00,5.00,290.00,1600.00,6.00,1.90,23.00,1.80,0.00,5.50,1.40
2020,Q2,NORTH DAKOTA,415000.00,53000.00,38000.00,9.00,9000.00,20000.00,5.00,2.50,28.80,3.00,3.10,1.70,1.90
2020,Q2,OHIO,16500.00,9500.00,3700.00,22.00,130.00,1700.00,10.00,6.20,23.80,7.30,5.80,12.00,13.30
2020,Q2,OKLAHOMA,16000.00,6000.00,3100.00,19.00,40.00,1500.00,9.00,0.00,16.20,15.10,0.90,3.90,5.10
2020,Q2,OREGON,96000.00,11000.00,19000.00,20.00,1500.00,2500.00,3.00,7.50,28.00,5.90,2.20,1.70,0.70
2020,Q2,OTHER STATES,9840.00,1400.00,1500.00,15.00,,260.00,3.00,0.50,12.80,0.00,0.00,0.80,0.00
2020,Q2,PENNSYLVANIA,28000.00,5500.00,1500.00,5.00,120.00,930.00,3.00,1.40,26.60,3.30,0.00,2.60,1.30
2020,Q2,SOUTH CAROLINA,18500.00,2700.00,2500.00,14.00,310.00,1700.00,9.00,0.50,29.10,5.70,0.00,6.20,0.50
2020,Q2,SOUTH DAKOTA,220000.00,10000.00,14500.00,7.00,2800.00,4600.00,2.00,4.80,53.30,52.50,0.00,46.40,5.30
2020,Q2,TENNESSEE,13500.00,4200.00,3200.00,24.00,210.00,1200.00,9.00,0.00,31.20,3.30,6.80,7.80,3.00
2020,Q2,TEXAS,385000.00,15000.00,136000.00,35.00,4100.00,35000.00,9.00,3.30,30.20,5.70,4.60,7.70,5.80
2020,Q2,UTAH,31000.00,8500.00,13000.00,42.00,130.00,2800.00,9.00,0.00,38.40,0.00,13.10,0.00,7.70
2020,Q2,VERMONT,7000.00,680.00,110.00,2.00,0.00,200.00,3.00,0.10,10.70,1.10,0.00,0.50,0.00
2020,Q2,VIRGINIA,8000.00,4800.00,1300.00,16.00,170.00,1200.00,15.00,0.00,33.70,7.90,0.00,7.90,1.10
2020,Q2,WASHINGTON,114000.00,5000.00,3300.00,3.00,370.00,3500.00,3.00,0.70,10.60,1.30,1.00,0.00,0.00
2020,Q2,WEST VIRGINIA,7500.00,1600.00,1500.00,20.00,130.00,570.00,8.00,0.70,46.20,2.80,0.50,1.80,1.90
2020,Q2,WISCONSIN,55000.00,14000.00,4600.00,8.00,90.00,1700.00,3.00,25.00,46.10,25.80,25.10,27.30,26.10
2020,Q2,WYOMING,30000.00,4400.00,2100.00,7.00,500.00,2000.00,7.00,0.10,28.80,3.50,1.10,0.00,1.20
2020,Q1,ALABAMA,7000.00,1900.00,780.00,11.00,70.00,410.00,6.00,0.00,12.40,1.70,0.10,3.40,4.30
2020,Q1,ARIZONA,31000.00,3000.00,120.00,0.00,4300.00,8500.00,27.00,0.00,31.70,10.10,0.00,0.00,9.00
2020,Q1,ARKANSAS,16500.00,1800.00,30.00,0.00,390.00,1600.00,10.00,0.00,31.70,0.00,2.60,22.70,11.20
2020,Q1,CALIFORNIA,1710000.00,240000.00,66000.00,4.00,19000.00,230000.00,13.00,5.00,22.40,5.30,5.30,6.00,4.20
2020,Q1,COLORADO,13000.00,4000.00,500.00,4.00,620.00,670.00,5.00,0.00,20.80,10.80,0.00,0.00,2.40
2020,Q1,CONNECTICUT,3800.00,360.00,,0.00,10.00,330.00,9.00,0.00,11.20,2.80,0.00,2.90,3.00
2020,Q1,FLORIDA,305000.00,41000.00,8000.00,3.00,11500.00,30000.00,10.00,5.50,28.00,8.70,5.30,14.20,10.90
2020,Q1,GEORGIA,119000.00,41000.00,22000.00,18.00,8500.00,14500.00,12.00,0.00,50.90,0.00,0.00,3.40,7.50
2020,Q1,HAWAII,16000.00,1300.00,2200.00,14.00,260.00,1800.00,11.00,0.00,75.30,0.00,0.00,60.80,0.00
2020,Q1,IDAHO,168000.00,4400.00,920.00,1.00,5500.00,18500.00,11.00,0.00,10.40,2.10,2.80,0.80,1.90
2020,Q1,ILLINOIS,11500.00,2900.00,160.00,1.00,520.00,2400.00,21.00,0.00,17.20,7.30,0.00,8.90,10.00
2020,Q1,INDIANA,11000.00,1500.00,420.00,4.00,210.00,1600.00,15.00,0.00,8.20,1.90,2.90,0.50,6.20
2020,Q1,IOWA,17000.00,6000.00,420.00,2.00,620.00,1600.00,9.00,0.00,22.30,5.70,0.00,1.90,5.50
2020,Q1,KANSAS,6500.00,2000.00,130.00,2.00,700.00,760.00,12.00,7.80,13.30,3.10,7.80,8.10,11.30
2020,Q1,KENTUCKY,11000.00,1400.00,120.00,1.00,140.00,1200.00,11.00,2.00,17.40,7.60,0.00,2.60,6.50
2020,Q1,LOUISIANA,48000.00,9000.00,20000.00,42.00,640.00,4800.00,10.00,0.70,26.50,1.40,1.20,7.00,0.60
2020,Q1,MAINE,1300.00,460.00,,0.00,60.00,160.00,12.00,0.70,19.60,2.20,0.00,1.20,3.00
2020,Q1,MARYLAND,7000.00,1900.00,30.00,0.00,380.00,1900.00,27.00,0.00,19.90,8.50,0.00,1.50,2.40
2020,Q1,MASSACHUSETTS,3800.00,1100.00,100.00,3.00,150.00,470.00,12.00,1.80,13.90,4.50,0.00,0.50,2.20
2020,Q1,MICHIGAN,60000.00,10000.00,100.00,0.00,1400.00,7000.00,12.00,0.00,8.10,0.00,0.00,0.50,0.70
2020,Q1,MINNESOTA,58000.00,1300.00,40.00,0.00,6500.00,920.00,2.00,0.00,3.50,4.30,0.00,0.00,0.00
2020,Q1,MISSISSIPPI,28000.00,16000.00,660.00,2.00,800.00,5000.00,18.00,0.00,58.60,14.50,1.80,50.90,3.60
2020,Q1,MISSOURI,8500.00,3400.00,0.00,0.00,160.00,5500.00,65.00,0.90,8.40,2.10,1.60,3.40,3.40
2020,Q1,MONTANA,47000.00,500.00,,0.00,4500.00,150.00,0.00,0.00,4.00,0.50,0.00,0.00,0.00
2020,Q1,NEBRASKA,17000.00,70.00,,0.00,1500.00,670.00,4.00,0.00,2.20,0.00,0.00,0.00,0.80
2020,Q1,NEW JERSEY,6500.00,800.00,40.00,1.00,60.00,430.00,7.00,0.50,9.40,3.20,0.00,2.90,2.30
2020,Q1,NEW MEXICO,6000.00,120.00,0.00,0.00,0.00,40.00,1.00,0.00,2.10,0.70,0.00,0.00,0.00
2020,Q1,NEW YORK,36000.00,230.00,370.00,1.00,940.00,2500.00,7.00,0.00,6.60,1.70,0.00,2.90,7.70
2020,Q1,NORTH CAROLINA,24000.00,2600.00,490.00,2.00,1900.00,2500.00,10.00,4.80,35.70,1.40,0.60,7.10,5.10
2020,Q1,NORTH DAKOTA,82000.00,0.00,,0.00,11500.00,7500.00,9.00,0.00,0.60,3.10,0.00,0.00,0.00
2020,Q1,OHIO,21000.00,840.00,1100.00,5.00,3900.00,6000.00,29.00,1.10,17.60,3.00,0.00,3.60,13.40
2020,Q1,OKLAHOMA,19500.00,5000.00,,0.00,60.00,700.00,4.00,0.00,11.40,0.00,0.50,0.60,0.00
2020,Q1,OREGON,108000.00,9000.00,1700.00,2.00,950.00,4800.00,4.00,10.80,24.40,1.30,14.50,10.40,0.00
2020,Q1,OTHER STATES,7800.00,560.00,20.00,0.00,,440.00,6.00,0.00,5.80,0.80,0.00,0.00,0.00
2020,Q1,PENNSYLVANIA,26000.00,370.00,320.00,1.00,430.00,2100.00,8.00,2.80,15.50,2.70,1.80,3.90,3.20
2020,Q1,SOUTH CAROLINA,17000.00,2700.00,1100.00,6.00,160.00,1400.00,8.00,9.60,15.50,6.40,0.00,11.50,5.40
2020,Q1,SOUTH DAKOTA,20000.00,20.00,,0.00,1100.00,1200.00,6.00,0.00,14.70,0.00,2.10,0.00,0.00
2020,Q1,TENNESSEE,14000.00,2200.00,130.00,1.00,410.00,2700.00,19.00,1.00,18.90,4.10,0.00,17.30,7.80
2020,Q1,TEXAS,340000.00,83000.00,24000.00,7.00,4200.00,35000.00,10.00,1.30,12.20,5.20,3.40,6.80,4.60
2020,Q1,UTAH,19000.00,3000.00,,0.00,960.00,1100.00,6.00,17.10,38.90,15.70,2.30,17.20,22.40
2020,Q1,VERMONT,7000.00,500.00,70.00,1.00,60.00,520.00,7.00,0.60,9.10,2.00,0.90,0.80,3.10
2020,Q1,VIRGINIA,7000.00,1600.00,60.00,1.00,370.00,1100.00,16.00,0.00,17.50,3.80,0.00,10.60,3.50
2020,Q1,WASHINGTON,74000.00,580.00,150.00,0.00,6500.00,1500.00,2.00,0.00,1.70,0.00,0.50,0.00,0.00
2020,Q1,WEST VIRGINIA,8000.00,600.00,680.00,9.00,200.00,1100.00,14.00,1.30,17.30,2.60,0.60,7.00,0.00
2020,Q1,WISCONSIN,28000.00,700.00,370.00,1.00,1600.00,1900.00,7.00,0.00,9.00,2.70,0.00,1.90,3.10
2020,Q1,WYOMING,17000.00,450.00,60.00,0.00,1500.00,140.00,1.00,0.10,0.00,0.80,0.00,0.00,1.70
2020,Q3,ALABAMA,19000.00,1800.00,990.00,5.00,240.00,3700.00,19.00,0.00,64.90,5.40,12.00,29.10,11.70
2020,Q3,ARIZONA,30000.00,2600.00,1800.00,6.00,5500.00,8000.00,27.00,1.90,24.10,9.30,1.70,0.00,12.20
2020,Q3,ARKANSAS,22000.00,1500.00,390.00,2.00,900.00,1700.00,8.00,3.90,33.90,1.30,13.90,15.60,8.60
2020,Q3,CALIFORNIA,700000.00,61000.00,108000.00,15.00,10500.00,69000.00,10.00,7.30,33.90,8.10,6.30,11.40,3.60
2020,Q3,COLORADO,29000.00,3800.00,5500.00,19.00,70.00,7000.00,24.00,0.00,23.10,6.30,0.00,1.10,19.80
2020,Q3,CONNECTICUT,4700.00,130.00,150.00,3.00,80.00,300.00,6.00,0.00,20.20,4.00,0.00,1.40,0.00
2020,Q3,FLORIDA,230000.00,36000.00,31000.00,13.00,10000.00,29000.00,13.00,12.80,42.20,7.90,14.80,19.90,10.90
2020,Q3,GEORGIA,163000.00,22000.00,35000.00,21.00,10000.00,23000.00,14.00,3.50,49.60,5.30,3.40,22.50,13.00
2020,Q3,HAWAII,18500.00,4000.00,3400.00,18.00,30.00,500.00,3.00,0.00,62.70,0.50,0.00,63.50,0.00
2020,Q3,IDAHO,85000.00,18500.00,8500.00,10.00,1900.00,11000.00,13.00,6.70,45.00,9.00,10.90,2.60,3.80
2020,Q3,ILLINOIS,14000.00,770.00,690.00,5.00,180.00,1400.00,10.00,1.80,28.10,6.60,4.90,15.60,8.40
2020,Q3,INDIANA,15000.00,1200.00,2700.00,18.00,90.00,1600.00,11.00,1.70,41.40,0.70,24.50,12.00,1.30
2020,Q3,IOWA,38000.00,1100.00,2900.00,8.00,430.00,1800.00,5.00,3.90,49.10,4.50,6.30,29.40,0.00
2020,Q3,KANSAS,7000.00,600.00,730.00,10.00,310.00,910.00,13.00,15.60,93.80,2.10,34.10,24.80,0.00
2020,Q3,KENTUCKY,12000.00,800.00,510.00,4.00,220.00,1400.00,12.00,1.40,23.30,2.40,1.60,4.00,5.10
2020,Q3,LOUISIANA,48000.00,1200.00,3100.00,6.00,1200.00,2600.00,5.00,4.70,27.20,3.60,0.80,14.40,3.40
2020,Q3,MAINE,10000.00,700.00,820.00,8.00,10.00,1500.00,15.00,0.70,65.20,4.60,0.00,2.50,6.20
2020,Q3,MARYLAND,7500.00,1200.00,220.00,3.00,60.00,690.00,9.00,0.00,17.60,0.60,0.00,4.80,2.90
2020,Q3,MASSACHUSETTS,11000.00,840.00,810.00,7.00,40.00,330.00,3.00,1.50,29.70,1.20,0.80,1.60,0.70
2020,Q3,MICHIGAN,106000.00,37000.00,11000.00,10.00,8500.00,34000.00,32.00,3.40,53.10,5.90,8.90,14.50,1.00
2020,Q3,MINNESOTA,119000.00,1800.00,3700.00,3.00,1900.00,10500.00,9.00,0.00,46.30,2.20,8.20,3.70,1.70
2020,Q3,MISSISSIPPI,29000.00,2500.00,130.00,0.00,890.00,1600.00,6.00,0.00,45.70,3.30,0.00,41.80,6.20
2020,Q3,MISSOURI,8000.00,290.00,820.00,10.00,250.00,730.00,9.00,0.00,30.80,2.40,1.10,8.80,2.40
2020,Q3,MONTANA,139000.00,6500.00,28000.00,20.00,360.00,8500.00,6.00,0.90,36.60,8.60,0.00,2.10,1.20
2020,Q3,NEBRASKA,48000.00,3000.00,3100.00,6.00,300.00,4300.00,9.00,3.30,23.40,21.40,19.80,0.80,0.00
2020,Q3,NEW JERSEY,18500.00,1500.00,1800.00,10.00,30.00,2300.00,12.00,0.00,21.70,0.00,16.30,5.60,0.00
2020,Q3,NEW MEXICO,5500.00,3300.00,760.00,14.00,0.00,1600.00,29.00,0.00,33.80,0.50,0.00,32.90,0.00
2020,Q3,NEW YORK,61000.00,5500.00,1600.00,3.00,850.00,3600.00,6.00,6.30,18.20,2.10,3.30,7.80,1.10
2020,Q3,NORTH CAROLINA,27000.00,950.00,5500.00,20.00,1100.00,4600.00,17.00,0.00,70.50,0.00,0.00,17.90,0.00
2020,Q3,NORTH DAKOTA,495000.00,57000.00,33000.00,7.00,7000.00,53000.00,11.00,12.30,61.30,9.30,4.10,15.90,1.40
2020,Q3,OHIO,22000.00,730.00,2100.00,10.00,200.00,1900.00,9.00,0.80,28.60,10.80,3.70,10.40,1.40
2020,Q3,OKLAHOMA,8000.00,150.00,930.00,12.00,120.00,1100.00,14.00,0.90,52.40,2.40,1.70,8.00,0.80
2020,Q3,OREGON,124000.00,13000.00,28000.00,23.00,5500.00,12000.00,10.00,3.80,42.40,7.10,0.50,2.50,2.40
2020,Q3,OTHER STATES,11630.00,2230.00,700.00,6.00,,2080.00,18.00,0.00,76.40,14.10,6.30,7.10,0.00
2020,Q3,PENNSYLVANIA,27000.00,2500.00,1200.00,4.00,460.00,2200.00,8.00,1.20,32.20,5.50,1.60,12.30,2.30
2020,Q3,SOUTH CAROLINA,13500.00,1200.00,2200.00,16.00,550.00,1800.00,13.00,0.00,27.10,1.50,6.20,28.90,0.90
2020,Q3,SOUTH DAKOTA,235000.00,30000.00,12500.00,5.00,470.00,66000.00,28.00,2.10,87.00,61.40,64.90,7.00,2.00
2020,Q3,TENNESSEE,15000.00,460.00,860.00,6.00,470.00,2200.00,15.00,2.30,37.70,2.40,0.50,15.50,2.20
2020,Q3,TEXAS,173000.00,9000.00,7500.00,4.00,1800.00,9500.00,5.00,2.00,20.20,1.60,6.70,13.60,0.60
2020,Q3,UTAH,30000.00,1500.00,2300.00,8.00,200.00,2000.00,7.00,0.00,61.70,3.70,31.60,0.00,3.90
2020,Q3,VERMONT,7500.00,700.00,180.00,2.00,30.00,210.00,3.00,0.90,26.60,0.90,3.80,0.70,0.00
2020,Q3,VIRGINIA,8500.00,910.00,730.00,9.00,160.00,1200.00,14.00,0.00,27.50,4.10,0.00,8.30,5.80
2020,Q3,WASHINGTON,104000.00,5000.00,8500.00,8.00,2500.00,7000.00,7.00,0.00,19.20,1.30,10.50,0.00,0.60
2020,Q3,WEST VIRGINIA,8000.00,210.00,800.00,10.00,480.00,540.00,7.00,4.70,17.70,1.70,4.70,10.10,2.60
2020,Q3,WISCONSIN,68000.00,970.00,9000.00,13.00,2000.00,8000.00,12.00,12.90,43.10,13.80,26.10,22.80,20.40
2020,Q3,WYOMING,34000.00,640.00,7500.00,22.00,310.00,3600.00,11.00,0.70,13.40,1.80,5.90,0.00,0.90
2020,Q4,ALABAMA,17000.00,750.00,60.00,0.00,70.00,1100.00,6.00,15.40,50.80,2.30,2.00,43.20,16.90
2020,Q4,ARIZONA,27000.00,5500.00,600.00,2.00,1000.00,4000.00,15.00,0.00,22.50,2.30,4.50,0.00,18.30
2020,Q4,ARKANSAS,23000.00,380.00,780.00,3.00,820.00,2100.00,9.00,1.70,43.10,5.90,12.80,12.90,5.70
2020,Q4,CALIFORNIA,1400000.00,120000.00,58000.00,4.00,21000.00,164000.00,12.00,7.10,45.50,4.20,4.80,11.10,4.00
2020,Q4,COLORADO,19000.00,930.00,20.00,0.00,150.00,5000.00,26.00,0.00,14.90,0.90,0.00,0.00,1.50
2020,Q4,CONNECTICUT,4600.00,20.00,20.00,0.00,0.00,500.00,11.00,0.10,49.40,4.30,0.00,0.90,8.20
2020,Q4,FLORIDA,290000.00,50000.00,17500.00,6.00,13500.00,29000.00,10.00,10.40,45.70,2.30,19.60,21.70,7.50
2020,Q4,GEORGIA,174000.00,11000.00,11000.00,6.00,10000.00,30000.00,17.00,1.80,35.50,1.90,7.50,12.90,6.70
2020,Q4,HAWAII,22000.00,200.00,370.00,2.00,40.00,2700.00,12.00,0.00,57.20,2.90,0.00,65.20,0.00
2020,Q4,IDAHO,180000.00,8000.00,1700.00,1.00,4400.00,19000.00,11.00,4.30,52.10,4.80,4.80,8.90,5.40
2020,Q4,ILLINOIS,13000.00,330.00,410.00,3.00,310.00,1700.00,13.00,1.10,26.40,2.70,2.90,9.80,6.90
2020,Q4,INDIANA,11000.00,240.00,260.00,2.00,210.00,930.00,8.00,0.00,26.30,2.40,1.90,4.10,5.70
2020,Q4,IOWA,38000.00,700.00,850.00,2.00,1100.00,4800.00,13.00,2.60,39.80,1.80,0.00,0.90,1.40
2020,Q4,KANSAS,7000.00,460.00,170.00,2.00,620.00,2400.00,34.00,1.20,37.70,26.40,33.30,30.30,25.90
2020,Q4,KENTUCKY,11500.00,380.00,520.00,5.00,150.00,1100.00,10.00,0.00,23.80,8.20,0.00,8.80,9.00
2020,Q4,LOUISIANA,52000.00,30.00,620.00,1.00,20.00,1700.00,3.00,0.00,22.20,2.90,0.00,2.90,0.00
2020,Q4,MAINE,9000.00,180.00,250.00,3.00,40.00,100.00,1.00,0.50,30.80,1.20,0.00,0.00,0.60
2020,Q4,MARYLAND,8000.00,60.00,460.00,6.00,100.00,980.00,12.00,1.50,27.50,6.20,0.70,1.80,2.10
2020,Q4,MASSACHUSETTS,10000.00,270.00,90.00,1.00,250.00,390.00,4.00,0.00,17.40,0.00,0.00,1.20,0.90
2020,Q4,MICHIGAN,101000.00,2400.00,1600.00,2.00,4500.00,10500.00,10.00,5.30,42.90,3.60,3.10,5.40,4.30
2020,Q4,MINNESOTA,105000.00,1200.00,340.00,0.00,5000.00,9500.00,9.00,1.00,17.20,1.80,19.20,1.60,2.60
2020,Q4,MISSISSIPPI,37000.00,300.00,30.00,0.00,300.00,3800.00,10.00,0.00,7.80,7.80,0.60,1.50,5.90
2020,Q4,MISSOURI,7000.00,20.00,110.00,2.00,190.00,750.00,11.00,0.00,13.10,3.10,0.50,7.90,0.80
2020,Q4,MONTANA,92000.00,3500.00,290.00,0.00,1000.00,14000.00,15.00,11.60,15.10,4.40,2.60,11.60,6.00
2020,Q4,NEBRASKA,43000.00,280.00,2500.00,6.00,4700.00,7000.00,16.00,0.50,3.60,1.40,0.00,0.00,6.30
2020,Q4,NEW JERSEY,18000.00,2000.00,480.00,3.00,60.00,310.00,2.00,0.50,6.80,0.20,0.60,2.10,0.70
2020,Q4,NEW MEXICO,3600.00,80.00,50.00,1.00,2800.00,190.00,5.00,1.00,15.70,2.00,0.00,0.00,0.90
2020,Q4,NEW YORK,52000.00,2400.00,5000.00,10.00,1700.00,4100.00,8.00,0.00,19.20,4.50,0.00,7.20,4.10
2020,Q4,NORTH CAROLINA,22000.00,200.00,9000.00,41.00,2300.00,2500.00,11.00,0.00,37.70,0.60,5.10,14.00,1.90
2020,Q4,NORTH DAKOTA,445000.00,12500.00,,0.00,16000.00,45000.00,10.00,5.10,60.20,1.10,11.50,0.50,5.50
2020,Q4,OHIO,21000.00,10.00,490.00,2.00,240.00,1600.00,8.00,0.90,42.40,2.50,6.40,12.40,1.70
2020,Q4,OKLAHOMA,28000.00,250.00,,0.00,20.00,300.00,1.00,0.00,2.30,0.00,0.00,1.10,0.80
2020,Q4,OREGON,123000.00,7000.00,2600.00,2.00,3700.00,15500.00,13.00,3.70,28.50,3.80,1.60,4.60,3.90
2020,Q4,OTHER STATES,10740.00,80.00,1300.00,12.00,,2470.00,23.00,0.00,44.50,12.50,0.00,1.10,7.40
2020,Q4,PENNSYLVANIA,25000.00,580.00,440.00,2.00,350.00,1900.00,8.00,1.30,28.10,1.80,1.90,3.90,2.60
2020,Q4,SOUTH CAROLINA,18500.00,270.00,210.00,1.00,440.00,2600.00,14.00,0.00,22.90,2.70,1.30,4.20,3.80
2020,Q4,SOUTH DAKOTA,197000.00,1000.00,150.00,0.00,1000.00,16000.00,8.00,6.50,22.60,0.00,4.50,1.40,1.80
2020,Q4,TENNESSEE,13500.00,20.00,640.00,5.00,80.00,680.00,5.00,0.00,33.80,2.10,5.10,25.40,5.20
2020,Q4,TEXAS,255000.00,27000.00,1700.00,1.00,3000.00,43000.00,17.00,0.00,27.40,5.70,5.00,6.50,9.60
2020,Q4,UTAH,29000.00,1800.00,50.00,0.00,400.00,3800.00,13.00,0.00,49.50,0.70,6.80,0.00,17.60
2020,Q4,VERMONT,8000.00,30.00,,0.00,10.00,270.00,3.00,0.50,10.00,0.60,0.00,0.00,0.00
2020,Q4,VIRGINIA,8500.00,70.00,450.00,5.00,160.00,1000.00,12.00,1.60,30.30,5.40,2.00,13.60,2.90
2020,Q4,WASHINGTON,103000.00,6000.00,2000.00,2.00,10500.00,16500.00,16.00,22.90,25.50,4.70,2.60,20.20,4.40
2020,Q4,WEST VIRGINIA,7500.00,120.00,800.00,11.00,150.00,550.00,7.00,0.00,7.20,4.50,1.00,4.30,1.10
2020,Q4,WISCONSIN,60000.00,2800.00,4700.00,8.00,2700.00,8000.00,13.00,0.00,29.30,1.80,7.40,0.60,1.20
2020,Q4,WYOMING,25000.00,160.00,380.00,2.00,1800.00,1600.00,6.00,0.00,19.20,2.20,2.40,0.00,1.40
2019,Q1,ALABAMA,5500.00,800.00,200.00,4.00,140.00,650.00,12.00,1.80,27.20,3.10,0.30,22.70,9.00
2019,Q1,ARIZONA,22000.00,430.00,90.00,0.00,1500.00,2500.00,11.00,6.50,25.80,8.40,16.20,7.90,0.20
2019,Q1,ARKANSAS,28000.00,20.00,20.00,0.00,320.00,6500.00,23.00,3.30,19.50,0.70,55.30,1.50,2.90
2019,Q1,CALIFORNIA,1580000.00,83000.00,86000.00,5.00,14000.00,235000.00,15.00,6.40,43.50,8.70,12.30,13.40,5.60
2019,Q1,COLORADO,7500.00,0.00,0.00,0.00,1500.00,320.00,4.00,0.00,11.20,2.50,0.00,0.30,0.60
2019,Q1,CONNECTICUT,3100.00,170.00,10.00,0.00,90.00,270.00,9.00,0.00,10.10,3.60,0.00,1.30,1.70
2019,Q1,FLORIDA,315000.00,41000.00,16500.00,5.00,3900.00,46000.00,15.00,5.50,46.90,7.40,22.90,24.80,5.50
2019,Q1,GEORGIA,129000.00,19500.00,8000.00,6.00,2300.00,14500.00,11.00,7.40,69.60,10.60,9.60,17.80,4.90
2019,Q1,HAWAII,16500.00,660.00,3700.00,22.00,80.00,390.00,2.00,0.10,72.10,2.90,0.70,64.90,0.00
2019,Q1,IDAHO,145000.00,4600.00,1100.00,1.00,3700.00,12500.00,9.00,8.00,24.50,8.60,9.20,8.00,0.00
2019,Q1,ILLINOIS,9000.00,210.00,80.00,1.00,530.00,2300.00,26.00,3.10,33.30,15.50,0.70,14.70,10.10
2019,Q1,INDIANA,6000.00,440.00,280.00,5.00,150.00,710.00,12.00,2.60,15.60,7.10,5.50,8.80,1.70
2019,Q1,IOWA,11500.00,170.00,140.00,1.00,270.00,1600.00,14.00,0.60,34.80,7.70,0.30,1.70,3.50
2019,Q1,KANSAS,4500.00,370.00,110.00,2.00,430.00,1500.00,33.00,2.50,86.90,21.60,12.20,7.80,4.00
2019,Q1,KENTUCKY,4400.00,60.00,30.00,1.00,70.00,890.00,20.00,0.10,21.60,10.70,5.30,12.90,4.60
2019,Q1,LOUISIANA,51000.00,9000.00,16000.00,31.00,550.00,3500.00,7.00,0.10,57.80,1.00,0.30,1.30,0.70
2019,Q1,MAINE,7000.00,10.00,30.00,0.00,10.00,470.00,7.00,0.00,2.30,1.40,0.00,0.10,0.80
2019,Q1,MARYLAND,8000.00,30.00,10.00,0.00,50.00,2300.00,29.00,0.20,12.60,10.10,0.00,5.10,2.40
2019,Q1,MASSACHUSETTS,3800.00,60.00,20.00,1.00,50.00,680.00,18.00,0.00,10.30,6.30,4.30,0.00,0.90
2019,Q1,MICHIGAN,33000.00,0.00,0.00,0.00,3300.00,6500.00,20.00,1.50,18.20,12.20,0.20,5.80,0.70
2019,Q1,MINNESOTA,43000.00,80.00,470.00,1.00,1900.00,2200.00,5.00,1.90,1.30,2.00,0.00,0.20,0.80
2019,Q1,MISSISSIPPI,29000.00,3800.00,1700.00,6.00,160.00,2400.00,8.00,64.80,14.60,1.90,48.40,71.00,5.50
2019,Q1,MISSOURI,8500.00,80.00,60.00,1.00,340.00,1100.00,13.00,1.90,5.40,5.40,0.50,2.30,3.20
2019,Q1,MONTANA,68000.00,1700.00,1900.00,3.00,620.00,3500.00,5.00,0.00,15.10,0.80,0.80,0.00,1.10
2019,Q1,NEBRASKA,16500.00,0.00,0.00,0.00,1500.00,2500.00,15.00,32.00,32.30,2.20,0.80,1.30,0.10
2019,Q1,NEW JERSEY,6000.00,130.00,60.00,1.00,0.00,310.00,5.00,0.00,15.30,3.50,0.00,4.40,0.60
2019,Q1,NEW MEXICO,4800.00,0.00,0.00,0.00,0.00,170.00,4.00,0.60,3.50,1.40,0.00,1.10,0.30
2019,Q1,NEW YORK,24000.00,110.00,80.00,0.00,750.00,3400.00,14.00,1.70,10.60,7.70,1.70,2.50,9.00
2019,Q1,NORTH CAROLINA,14500.00,750.00,890.00,6.00,350.00,1700.00,12.00,0.20,16.40,2.20,0.70,2.00,3.40
2019,Q1,NORTH DAKOTA,102000.00,0.00,1300.00,1.00,1600.00,1100.00,1.00,0.00,6.90,0.40,6.50,0.00,1.30
2019,Q1,OHIO,12500.00,1700.00,440.00,4.00,1500.00,3500.00,28.00,11.10,49.30,6.70,1.10,9.90,3.10
2019,Q1,OKLAHOMA,55000.00,20.00,0.00,0.00,10.00,50.00,0.00,0.00,7.70,0.00,0.00,0.30,0.00
2019,Q1,OREGON,95000.00,8000.00,1800.00,2.00,2300.00,7500.00,8.00,0.20,18.00,2.70,0.20,0.10,0.50
2019,Q1,OTHER STATES,6070.00,70.00,30.00,0.00,140.00,590.00,10.00,0.30,6.90,2.10,0.00,1.80,1.60
2019,Q1,PENNSYLVANIA,15000.00,370.00,320.00,2.00,1200.00,2900.00,19.00,3.70,15.30,7.50,4.00,4.60,9.50
2019,Q1,SOUTH CAROLINA,13000.00,2000.00,340.00,3.00,110.00,690.00,5.00,0.00,18.50,12.40,1.70,14.50,1.00
2019,Q1,SOUTH DAKOTA,18500.00,0.00,0.00,0.00,2400.00,1100.00,6.00,0.00,0.80,0.80,2.50,0.00,2.20
2019,Q1,TENNESSEE,7000.00,240.00,320.00,5.00,320.00,1500.00,21.00,5.10,62.80,7.70,0.90,23.60,7.10
2019,Q1,TEXAS,330000.00,61000.00,35000.00,11.00,600.00,17000.00,5.00,5.30,26.10,6.90,8.30,6.50,3.00
2019,Q1,UTAH,11000.00,900.00,0.00,0.00,3200.00,1800.00,16.00,0.10,22.90,0.30,0.00,0.00,8.80
2019,Q1,VERMONT,6500.00,50.00,0.00,0.00,40.00,260.00,4.00,2.40,6.20,0.20,0.00,0.10,1.20
2019,Q1,VIRGINIA,5500.00,80.00,110.00,2.00,150.00,1100.00,20.00,0.80,16.60,3.90,0.30,12.80,9.30
2019,Q1,WASHINGTON,75000.00,5500.00,2200.00,3.00,5500.00,7000.00,9.00,0.60,22.30,0.80,0.30,0.80,0.20
2019,Q1,WEST VIRGINIA,7000.00,20.00,60.00,1.00,530.00,1300.00,19.00,1.10,10.30,5.00,0.20,3.20,1.30
2019,Q1,WISCONSIN,17000.00,580.00,100.00,1.00,800.00,3700.00,22.00,0.70,15.90,13.80,1.10,3.20,5.00
2019,Q1,WYOMING,9500.00,0.00,0.00,0.00,980.00,250.00,3.00,0.10,0.70,0.50,0.00,0.00,2.30
2019,Q3,ALABAMA,7000.00,160.00,330.00,5.00,180.00,990.00,14.00,2.90,30.60,9.70,0.20,24.60,6.40
2019,Q3,ARIZONA,30000.00,5500.00,3800.00,13.00,770.00,2000.00,7.00,2.70,29.00,13.20,11.40,9.90,0.60
2019,Q3,ARKANSAS,21000.00,170.00,680.00,3.00,990.00,2100.00,10.00,6.80,53.20,6.90,50.50,19.70,39.30
2019,Q3,CALIFORNIA,700000.00,87000.00,108000.00,15.00,12000.00,93000.00,13.00,8.70,49.00,11.10,16.00,11.50,3.20
2019,Q3,COLORADO,36000.00,2200.00,3400.00,9.00,1700.00,9500.00,26.00,4.80,79.80,9.40,10.20,12.50,1.00
2019,Q3,CONNECTICUT,4400.00,70.00,470.00,11.00,20.00,200.00,5.00,2.40,24.30,3.90,0.00,6.90,0.50
2019,Q3,FLORIDA,240000.00,46000.00,33000.00,14.00,6000.00,20000.00,8.00,6.30,44.90,11.70,18.20,20.70,10.80
2019,Q3,GEORGIA,118000.00,12000.00,36000.00,31.00,8500.00,13000.00,11.00,1.60,52.50,17.10,25.80,18.60,4.60
2019,Q3,HAWAII,17000.00,200.00,6000.00,35.00,0.00,200.00,1.00,0.30,37.20,1.30,0.00,39.00,0.20
2019,Q3,IDAHO,111000.00,8500.00,12500.00,11.00,1100.00,10500.00,9.00,21.70,59.90,18.50,9.90,15.40,0.80
2019,Q3,ILLINOIS,13500.00,460.00,1300.00,10.00,100.00,940.00,7.00,0.70,35.90,5.50,2.50,8.30,11.50
2019,Q3,INDIANA,16000.00,2200.00,1500.00,9.00,90.00,1000.00,6.00,3.00,55.70,19.20,23.10,15.20,1.40
2019,Q3,IOWA,33000.00,2000.00,4800.00,15.00,250.00,3400.00,10.00,5.80,39.40,27.80,26.30,7.10,3.60
2019,Q3,KANSAS,7500.00,190.00,400.00,5.00,310.00,1900.00,25.00,21.80,67.50,1.20,23.90,33.80,0.50
2019,Q3,KENTUCKY,8500.00,700.00,430.00,5.00,200.00,850.00,10.00,0.40,29.20,7.90,5.20,17.60,8.60
2019,Q3,LOUISIANA,44000.00,4400.00,13000.00,30.00,910.00,4100.00,9.00,0.40,67.10,2.50,57.00,66.80,2.70
2019,Q3,MAINE,12000.00,460.00,3500.00,29.00,10.00,1100.00,9.00,0.10,10.10,0.20,0.00,0.70,0.10
2019,Q3,MARYLAND,7500.00,720.00,1200.00,16.00,50.00,790.00,11.00,0.00,26.70,5.10,0.30,2.70,1.40
2019,Q3,MASSACHUSETTS,13500.00,800.00,560.00,4.00,170.00,1100.00,8.00,0.20,13.00,0.70,0.00,2.90,7.30
2019,Q3,MICHIGAN,99000.00,3000.00,3300.00,3.00,1800.00,11000.00,11.00,8.70,42.70,2.10,7.30,16.40,1.50
2019,Q3,MINNESOTA,129000.00,5000.00,2100.00,2.00,2400.00,21000.00,16.00,4.00,54.90,6.60,13.40,8.20,2.10
2019,Q3,MISSISSIPPI,23000.00,550.00,850.00,4.00,610.00,2900.00,13.00,2.40,59.10,4.00,25.40,45.60,5.10
2019,Q3,MISSOURI,10500.00,260.00,350.00,3.00,20.00,500.00,5.00,0.40,18.40,2.10,0.80,7.10,0.60
2019,Q3,MONTANA,154000.00,3600.00,12500.00,8.00,1200.00,18500.00,12.00,10.60,28.00,4.10,6.10,10.00,1.00
2019,Q3,NEBRASKA,41000.00,680.00,1400.00,3.00,540.00,3700.00,9.00,1.80,29.20,7.20,2.80,2.70,1.90
2019,Q3,NEW JERSEY,16000.00,650.00,3100.00,19.00,240.00,680.00,4.00,0.30,26.10,0.50,0.20,2.30,0.10
2019,Q3,NEW MEXICO,5500.00,1000.00,550.00,10.00,70.00,170.00,3.00,0.90,39.50,0.80,0.00,29.10,0.00
2019,Q3,NEW YORK,69000.00,3200.00,3700.00,5.00,3200.00,8500.00,12.00,1.20,30.70,2.50,8.20,11.50,3.80
2019,Q3,NORTH CAROLINA,22000.00,1800.00,5000.00,23.00,300.00,2700.00,12.00,19.70,26.90,9.70,4.00,11.30,5.70
2019,Q3,NORTH DAKOTA,530000.00,15000.00,17500.00,3.00,7000.00,81000.00,15.00,14.70,48.40,23.70,9.00,10.20,9.30
2019,Q3,OHIO,19500.00,2800.00,3000.00,15.00,220.00,1600.00,8.00,4.20,40.60,5.90,1.80,23.00,3.90
2019,Q3,OKLAHOMA,7500.00,130.00,1100.00,15.00,20.00,930.00,12.00,0.10,29.00,4.10,0.10,1.40,4.40
2019,Q3,OREGON,118000.00,6000.00,21000.00,18.00,470.00,8000.00,7.00,19.80,35.40,16.60,15.10,12.80,0.40
2019,Q3,OTHER STATES,13900.00,320.00,900.00,6.00,0.00,2080.00,15.00,4.20,11.30,1.40,7.70,4.50,0.10
2019,Q3,PENNSYLVANIA,20000.00,1800.00,1900.00,10.00,130.00,980.00,5.00,1.80,23.40,1.50,5.00,8.80,5.60
2019,Q3,SOUTH CAROLINA,14500.00,2000.00,1400.00,10.00,80.00,2200.00,15.00,0.60,44.90,19.60,16.20,11.60,3.70
2019,Q3,SOUTH DAKOTA,255000.00,1300.00,8000.00,3.00,1200.00,51000.00,20.00,0.30,10.40,4.00,14.00,3.50,1.50
2019,Q3,TENNESSEE,14000.00,2200.00,2200.00,16.00,140.00,4500.00,32.00,0.20,51.40,11.50,9.10,23.30,1.50
2019,Q3,TEXAS,133000.00,6500.00,7000.00,5.00,6500.00,11000.00,8.00,4.40,21.90,7.20,11.50,18.30,2.10
2019,Q3,UTAH,29000.00,3500.00,1700.00,6.00,950.00,2800.00,10.00,5.50,29.40,0.60,0.20,4.90,4.60
2019,Q3,VERMONT,7000.00,80.00,490.00,7.00,10.00,120.00,2.00,0.70,22.20,0.50,0.00,4.30,0.10
2019,Q3,VIRGINIA,9000.00,350.00,820.00,9.00,80.00,570.00,6.00,0.90,37.90,2.70,1.30,18.30,3.10
2019,Q3,WASHINGTON,97000.00,12000.00,10000.00,10.00,4500.00,21000.00,22.00,2.50,47.30,9.40,4.60,0.90,0.30
2019,Q3,WEST VIRGINIA,10000.00,200.00,1100.00,11.00,290.00,1100.00,11.00,0.70,33.70,6.90,2.70,10.70,0.30
2019,Q3,WISCONSIN,63000.00,2400.00,10000.00,16.00,820.00,6500.00,10.00,13.90,46.40,6.50,18.10,20.50,3.90
2019,Q3,WYOMING,27000.00,2500.00,3500.00,13.00,1100.00,3000.00,11.00,3.30,45.70,6.30,2.20,0.40,2.50
2019,Q4,ALABAMA,6000.00,240.00,70.00,1.00,110.00,660.00,11.00,0.60,46.70,9.00,4.90,26.70,11.30
2019,Q4,ARIZONA,36000.00,300.00,300.00,1.00,3400.00,7000.00,19.00,0.40,53.90,4.00,23.30,1.50,2.90
2019,Q4,ARKANSAS,19500.00,430.00,310.00,2.00,560.00,1600.00,8.00,1.40,47.70,12.50,7.80,39.70,32.80
2019,Q4,CALIFORNIA,1300000.00,160000.00,37000.00,3.00,18500.00,136000.00,10.00,5.20,40.50,8.00,11.30,10.90,5.00
2019,Q4,COLORADO,27000.00,1100.00,440.00,2.00,1400.00,8000.00,30.00,0.00,67.70,2.60,15.30,1.50,0.80
2019,Q4,CONNECTICUT,4000.00,10.00,50.00,1.00,10.00,300.00,8.00,2.40,22.20,1.70,0.00,11.10,1.60
2019,Q4,FLORIDA,300000.00,28000.00,15000.00,5.00,10000.00,30000.00,10.00,7.80,43.50,7.80,11.70,25.60,4.80
2019,Q4,GEORGIA,131000.00,10500.00,10500.00,8.00,11000.00,20000.00,15.00,5.60,34.30,2.60,9.10,18.20,4.40
2019,Q4,HAWAII,17000.00,300.00,50.00,0.00,60.00,1300.00,8.00,0.20,44.00,0.10,1.00,61.80,0.00
2019,Q4,IDAHO,196000.00,1800.00,1000.00,1.00,3300.00,15500.00,8.00,5.40,20.30,9.90,10.50,4.30,1.10
2019,Q4,ILLINOIS,13000.00,1000.00,1500.00,12.00,380.00,1700.00,13.00,1.10,28.90,8.90,3.40,27.30,8.90
2019,Q4,INDIANA,17500.00,160.00,180.00,1.00,370.00,1300.00,7.00,2.60,20.70,1.60,6.70,15.00,0.60
2019,Q4,IOWA,32000.00,1500.00,530.00,2.00,1600.00,7500.00,23.00,5.60,61.00,19.70,25.20,17.80,4.20
2019,Q4,KANSAS,4900.00,190.00,460.00,9.00,130.00,650.00,13.00,11.90,65.80,0.40,43.40,15.00,14.40
2019,Q4,KENTUCKY,8500.00,190.00,170.00,2.00,110.00,410.00,5.00,0.20,33.00,12.00,5.30,20.10,9.90
2019,Q4,LOUISIANA,46000.00,70.00,80.00,0.00,810.00,2300.00,5.00,3.50,33.00,6.10,0.70,18.50,0.90
2019,Q4,MAINE,11500.00,110.00,40.00,0.00,100.00,770.00,7.00,0.10,20.50,0.30,2.50,0.00,0.20
2019,Q4,MARYLAND,8000.00,390.00,420.00,5.00,260.00,1100.00,14.00,1.80,12.60,0.30,0.00,4.50,5.00
2019,Q4,MASSACHUSETTS,5000.00,60.00,130.00,3.00,410.00,1200.00,24.00,0.80,7.60,1.10,0.00,0.20,10.70
2019,Q4,MICHIGAN,84000.00,820.00,1500.00,2.00,2600.00,6500.00,8.00,9.20,37.00,1.10,8.30,9.70,3.80
2019,Q4,MINNESOTA,97000.00,3400.00,60.00,0.00,1300.00,15500.00,16.00,1.20,37.30,1.80,6.10,7.80,4.00
2019,Q4,MISSISSIPPI,29000.00,350.00,50.00,0.00,470.00,3400.00,12.00,4.10,41.00,10.50,13.90,38.00,5.20
2019,Q4,MISSOURI,10000.00,260.00,10.00,0.00,170.00,1500.00,15.00,0.20,19.20,1.50,0.10,5.90,0.40
2019,Q4,MONTANA,79000.00,770.00,4000.00,5.00,1100.00,7000.00,9.00,0.00,15.70,2.80,0.80,1.80,0.30
2019,Q4,NEBRASKA,38000.00,320.00,10.00,0.00,570.00,2700.00,7.00,0.00,5.80,2.80,3.50,1.00,6.40
2019,Q4,NEW JERSEY,15500.00,60.00,80.00,1.00,60.00,220.00,1.00,0.00,2.50,1.30,0.00,0.90,0.50
2019,Q4,NEW MEXICO,6000.00,30.00,10.00,0.00,10.00,70.00,1.00,0.40,5.20,2.60,0.00,0.30,0.00
2019,Q4,NEW YORK,65000.00,630.00,510.00,1.00,960.00,10000.00,15.00,3.00,33.30,3.20,8.70,24.80,4.00
2019,Q4,NORTH CAROLINA,18000.00,240.00,770.00,4.00,360.00,3200.00,18.00,4.50,44.50,15.70,2.40,21.00,11.70
2019,Q4,NORTH DAKOTA,420000.00,3000.00,4300.00,1.00,1900.00,27000.00,6.00,1.80,43.00,2.00,3.70,7.10,1.70
2019,Q4,OHIO,19000.00,800.00,390.00,2.00,980.00,2700.00,14.00,0.40,33.20,3.30,0.60,5.60,7.60
2019,Q4,OKLAHOMA,37000.00,460.00,,0.00,160.00,2500.00,7.00,0.00,1.00,0.40,0.40,0.40,0.10
2019,Q4,OREGON,130000.00,650.00,2000.00,2.00,2600.00,15000.00,12.00,4.70,35.80,16.60,1.80,2.10,16.00
2019,Q4,OTHER STATES,11510.00,280.00,0.00,0.00,0.00,1340.00,12.00,0.30,13.60,32.40,0.30,2.30,0.90
2019,Q4,PENNSYLVANIA,21000.00,1600.00,1100.00,5.00,390.00,3800.00,18.00,1.00,33.20,2.30,3.20,4.60,2.90
2019,Q4,SOUTH CAROLINA,13500.00,1400.00,430.00,3.00,100.00,1900.00,14.00,1.70,56.70,13.10,3.50,18.40,6.30
2019,Q4,SOUTH DAKOTA,189000.00,0.00,40.00,0.00,1300.00,7500.00,4.00,3.20,12.20,11.20,5.60,6.10,1.50
2019,Q4,TENNESSEE,11000.00,20.00,70.00,1.00,390.00,1300.00,12.00,0.00,66.60,7.60,33.60,53.50,9.10
2019,Q4,TEXAS,240000.00,8000.00,1700.00,1.00,1300.00,17500.00,7.00,4.60,23.10,5.80,4.90,14.00,1.40
2019,Q4,UTAH,32000.00,970.00,90.00,0.00,2000.00,4400.00,14.00,2.00,22.10,0.20,10.30,2.00,0.30
2019,Q4,VERMONT,7000.00,100.00,270.00,4.00,0.00,190.00,3.00,0.60,21.00,0.60,0.80,1.30,0.90
2019,Q4,VIRGINIA,8000.00,10.00,190.00,2.00,210.00,1200.00,15.00,0.40,37.70,5.30,0.00,18.60,6.00
2019,Q4,WASHINGTON,93000.00,810.00,100.00,0.00,7000.00,12500.00,13.00,0.60,40.30,2.90,19.60,2.30,3.20
2019,Q4,WEST VIRGINIA,8000.00,30.00,1600.00,20.00,870.00,1500.00,19.00,1.10,65.80,6.10,0.40,10.70,2.20
2019,Q4,WISCONSIN,46000.00,1800.00,3000.00,7.00,2900.00,8500.00,18.00,14.80,40.00,22.00,14.10,22.10,7.30
2019,Q4,WYOMING,28000.00,100.00,490.00,2.00,1500.00,3300.00,12.00,3.20,27.60,4.30,0.00,12.30,13.20
2018,Q2,ALABAMA,8500.00,1700.00,710.00,8.00,,650.00,8.00,1.30,25.20,9.40,14.40,27.30,2.10
2018,Q2,ARIZONA,19500.00,14000.00,2100.00,11.00,,2600.00,13.00,32.80,73.80,14.30,0.80,7.20,4.10
2018,Q2,ARKANSAS,16000.00,13000.00,1900.00,12.00,,2000.00,13.00,0.70,30.90,17.00,2.20,12.80,13.20
2018,Q2,CALIFORNIA,1200000.00,172000.00,255000.00,21.00,,110000.00,9.00,11.10,41.50,9.00,13.70,10.20,5.00
2018,Q2,COLORADO,27000.00,12500.00,4700.00,17.00,,3000.00,11.00,12.70,41.70,4.20,3.60,0.00,0.50
2018,Q2,CONNECTICUT,3600.00,340.00,170.00,5.00,,120.00,3.00,0.40,11.10,0.80,0.80,0.90,0.40
2018,Q2,FLORIDA,275000.00,49000.00,68000.00,25.00,,56000.00,20.00,9.60,45.30,10.10,15.50,27.50,21.10
2018,Q2,GEORGIA,137000.00,35000.00,16000.00,12.00,,18000.00,13.00,13.80,53.00,31.40,14.80,25.90,10.10
2018,Q2,HAWAII,16500.00,330.00,3100.00,19.00,,380.00,2.00,0.40,88.30,0.80,0.00,91.90,0.20
2018,Q2,IDAHO,94000.00,14500.00,29000.00,31.00,,6500.00,7.00,3.00,51.60,4.10,18.50,3.70,4.40
2018,Q2,ILLINOIS,10500.00,5000.00,2900.00,28.00,,2300.00,22.00,6.70,13.70,9.90,6.60,7.80,2.40
2018,Q2,INDIANA,9500.00,4000.00,730.00,8.00,,1800.00,19.00,0.40,78.00,1.30,4.50,3.50,1.10
2018,Q2,IOWA,47000.00,15500.00,4800.00,10.00,,4300.00,9.00,0.90,12.70,8.40,7.90,9.30,0.30
2018,Q2,KANSAS,3900.00,3500.00,2100.00,54.00,,300.00,8.00,1.30,42.80,2.10,24.90,31.60,1.60
2018,Q2,KENTUCKY,6000.00,1500.00,560.00,9.00,,910.00,15.00,0.60,40.90,4.10,1.00,20.20,5.90
2018,Q2,LOUISIANA,48000.00,4900.00,4000.00,8.00,,1400.00,3.00,0.20,8.10,1.20,0.80,5.90,1.30
2018,Q2,MAINE,23000.00,430.00,790.00,3.00,,3100.00,13.00,0.20,1.40,0.50,1.30,0.80,0.00
2018,Q2,MARYLAND,8000.00,2400.00,1200.00,15.00,,370.00,5.00,0.80,11.80,4.40,0.30,3.40,0.40
2018,Q2,MASSACHUSETTS,8000.00,910.00,350.00,4.00,,260.00,3.00,1.00,6.30,2.00,1.40,1.10,2.10
2018,Q2,MICHIGAN,70000.00,23000.00,8500.00,12.00,,7500.00,11.00,10.80,75.40,12.70,11.70,18.60,9.80
2018,Q2,MINNESOTA,116000.00,42000.00,25000.00,22.00,,8500.00,7.00,7.20,12.90,8.00,6.00,9.30,20.70
2018,Q2,MISSISSIPPI,50000.00,4000.00,7000.00,14.00,,3400.00,7.00,0.00,44.60,3.50,0.20,26.20,2.20
2018,Q2,MISSOURI,7000.00,2100.00,800.00,11.00,,390.00,6.00,0.80,11.80,8.30,1.50,13.20,2.60
2018,Q2,MONTANA,176000.00,17000.00,22000.00,13.00,,5500.00,3.00,3.30,42.90,0.90,1.70,4.70,1.20
2018,Q2,NEBRASKA,46000.00,4000.00,900.00,2.00,,2100.00,5.00,1.40,5.00,9.00,4.20,1.40,5.50
2018,Q2,NEW JERSEY,15000.00,1300.00,170.00,1.00,,270.00,2.00,0.00,16.50,3.40,0.10,3.30,0.10
2018,Q2,NEW MEXICO,4300.00,1700.00,450.00,10.00,,50.00,1.00,0.30,0.30,0.20,0.00,0.10,1.00
2018,Q2,NEW YORK,42000.00,11000.00,2400.00,6.00,,2700.00,6.00,15.00,39.60,16.70,6.60,20.00,3.70
2018,Q2,NORTH CAROLINA,17500.00,4100.00,800.00,5.00,,2500.00,14.00,0.50,9.70,14.60,2.40,2.60,0.80
2018,Q2,NORTH DAKOTA,460000.00,23000.00,64000.00,14.00,,23000.00,5.00,4.90,34.80,4.90,4.70,7.90,4.30
2018,Q2,OHIO,13000.00,9000.00,2100.00,16.00,,1500.00,12.00,1.70,38.80,21.60,2.70,30.70,1.50
2018,Q2,OKLAHOMA,15500.00,10500.00,6500.00,42.00,,1700.00,11.00,9.60,60.20,12.40,26.70,10.90,0.10
2018,Q2,OREGON,107000.00,17500.00,24000.00,22.00,,3400.00,3.00,8.10,46.10,15.60,6.60,3.50,0.20
2018,Q2,OTHER STATES,8670.00,1750.00,1030.00,12.00,,380.00,4.00,0.90,19.80,3.50,0.00,0.90,0.20
2018,Q2,PENNSYLVANIA,19500.00,6000.00,1600.00,8.00,,1100.00,6.00,2.20,31.30,1.60,2.00,16.00,1.90
2018,Q2,SOUTH CAROLINA,14000.00,2600.00,4000.00,29.00,,1300.00,9.00,0.70,14.20,10.00,1.60,3.50,3.00
2018,Q2,SOUTH DAKOTA,169000.00,12500.00,65000.00,38.00,,17000.00,10.00,7.30,55.10,37.50,3.80,40.40,0.00
2018,Q2,TENNESSEE,8000.00,3800.00,1300.00,16.00,,1200.00,15.00,3.00,30.00,6.20,3.40,22.90,2.50
2018,Q2,TEXAS,315000.00,79000.00,71000.00,23.00,,38000.00,12.00,8.10,26.50,8.50,4.50,17.70,14.60
2018,Q2,UTAH,26000.00,9500.00,4100.00,16.00,,1900.00,7.00,2.00,43.50,1.40,1.70,3.70,1.90
2018,Q2,VERMONT,6500.00,2600.00,140.00,2.00,,520.00,8.00,0.70,21.80,1.80,16.70,1.50,0.10
2018,Q2,VIRGINIA,6000.00,2600.00,700.00,12.00,,500.00,8.00,3.20,22.70,23.10,1.30,18.80,1.50
2018,Q2,WASHINGTON,122000.00,15500.00,19000.00,16.00,,7500.00,6.00,7.60,55.90,7.10,7.60,9.40,0.60
2018,Q2,WEST VIRGINIA,7000.00,2300.00,550.00,8.00,,570.00,8.00,0.90,13.80,13.60,2.90,7.50,7.90
2018,Q2,WISCONSIN,56000.00,12000.00,7000.00,13.00,,6500.00,12.00,18.30,32.10,29.50,27.10,16.90,0.80
2018,Q2,WYOMING,28000.00,5500.00,2200.00,8.00,,2300.00,8.00,2.10,9.60,2.70,2.10,0.10,3.70
2018,Q1,ALABAMA,7500.00,1200.00,1500.00,20.00,,820.00,11.00,1.90,29.20,8.60,14.90,30.20,4.50
2018,Q1,ARIZONA,26000.00,810.00,230.00,1.00,,6000.00,23.00,4.60,36.30,7.90,15.30,4.30,4.20
2018,Q1,ARKANSAS,22000.00,540.00,810.00,4.00,,7500.00,34.00,1.00,21.10,4.60,23.00,9.60,13.90
2018,Q1,CALIFORNIA,1540000.00,205000.00,133000.00,9.00,,215000.00,14.00,4.80,41.30,8.00,11.50,11.30,4.90
2018,Q1,COLORADO,21000.00,1400.00,190.00,1.00,,4900.00,23.00,3.80,31.70,13.70,0.50,0.80,2.40
2018,Q1,CONNECTICUT,2900.00,220.00,330.00,11.00,,140.00,5.00,0.00,14.50,7.70,0.80,0.70,3.50
2018,Q1,FLORIDA,255000.00,57000.00,38000.00,15.00,,39000.00,15.00,4.50,31.70,5.50,9.20,15.30,16.00
2018,Q1,GEORGIA,139000.00,29000.00,39000.00,28.00,,25000.00,18.00,0.90,39.60,27.10,14.80,18.70,2.10
2018,Q1,HAWAII,17000.00,1200.00,5000.00,29.00,,1600.00,9.00,0.10,83.00,0.10,0.00,84.50,0.00
2018,Q1,IDAHO,168000.00,2500.00,2600.00,2.00,,22000.00,13.00,0.80,28.30,3.40,3.40,5.70,0.40
2018,Q1,ILLINOIS,10500.00,1000.00,630.00,6.00,,2400.00,23.00,3.60,25.70,10.40,3.50,11.20,10.90
2018,Q1,INDIANA,8000.00,300.00,30.00,0.00,,1000.00,13.00,3.00,33.40,9.90,0.50,8.30,3.70
2018,Q1,IOWA,44000.00,270.00,110.00,0.00,,2100.00,5.00,0.30,5.30,0.60,0.60,1.10,1.40
2018,Q1,KANSAS,3700.00,370.00,410.00,11.00,,950.00,26.00,1.00,63.00,27.90,4.30,20.30,9.10
2018,Q1,KENTUCKY,5500.00,760.00,20.00,0.00,,1200.00,22.00,0.90,43.00,8.00,11.00,29.60,5.90
2018,Q1,LOUISIANA,52000.00,4100.00,320.00,1.00,,3600.00,7.00,0.20,4.90,4.50,0.70,0.70,1.60
2018,Q1,MAINE,1900.00,20.00,30.00,2.00,,410.00,22.00,0.20,23.60,5.20,0.00,0.60,7.40
2018,Q1,MARYLAND,8000.00,400.00,190.00,2.00,,1600.00,20.00,4.40,18.20,14.30,1.50,5.60,3.10
2018,Q1,MASSACHUSETTS,3700.00,240.00,290.00,8.00,,1000.00,27.00,0.80,19.60,9.60,0.80,1.10,7.40
2018,Q1,MICHIGAN,37000.00,4000.00,3900.00,11.00,,7000.00,19.00,0.70,21.40,12.00,7.40,3.50,5.90
2018,Q1,MINNESOTA,62000.00,8000.00,2900.00,5.00,,3900.00,6.00,1.90,2.00,1.10,0.60,0.70,1.60
2018,Q1,MISSISSIPPI,32000.00,28000.00,5500.00,17.00,,2000.00,6.00,0.00,7.00,2.40,0.60,4.80,34.40
2018,Q1,MISSOURI,8000.00,1400.00,50.00,1.00,,1400.00,18.00,0.30,86.00,26.50,3.50,77.80,23.90
2018,Q1,MONTANA,60000.00,840.00,0.00,0.00,,140.00,0.00,0.00,28.90,0.10,26.10,0.00,0.10
2018,Q1,NEBRASKA,14000.00,0.00,0.00,0.00,,430.00,3.00,0.00,4.50,1.70,2.80,1.60,0.90
2018,Q1,NEW JERSEY,6500.00,180.00,190.00,3.00,,730.00,11.00,0.00,14.90,3.80,0.40,1.90,0.80
2018,Q1,NEW MEXICO,7500.00,180.00,0.00,0.00,,3900.00,52.00,0.00,42.80,9.40,1.30,0.50,0.50
2018,Q1,NEW YORK,26000.00,400.00,170.00,1.00,,3700.00,14.00,1.40,25.30,8.00,1.90,11.90,6.00
2018,Q1,NORTH CAROLINA,18500.00,2400.00,260.00,1.00,,4200.00,23.00,0.30,29.70,13.40,0.30,10.20,8.00
2018,Q1,NORTH DAKOTA,101000.00,2600.00,10.00,0.00,,3200.00,3.00,1.10,1.40,0.80,0.00,0.10,0.00
2018,Q1,OHIO,14000.00,300.00,580.00,4.00,,4500.00,32.00,6.50,39.60,15.80,3.20,10.00,11.60
2018,Q1,OKLAHOMA,18000.00,890.00,240.00,1.00,,3700.00,21.00,3.20,24.10,3.10,0.10,8.50,2.00
2018,Q1,OREGON,89000.00,16500.00,3900.00,4.00,,4800.00,5.00,1.20,36.00,3.70,6.70,0.70,1.00
2018,Q1,OTHER STATES,7020.00,160.00,40.00,1.00,,1870.00,27.00,0.10,20.70,1.90,0.00,0.40,1.10
2018,Q1,PENNSYLVANIA,15000.00,1200.00,670.00,4.00,,3300.00,22.00,3.30,34.40,5.90,9.30,5.60,9.90
2018,Q1,SOUTH CAROLINA,14500.00,1900.00,2800.00,19.00,,1800.00,12.00,0.70,29.30,13.50,2.60,15.50,3.00
2018,Q1,SOUTH DAKOTA,29000.00,250.00,90.00,0.00,,390.00,1.00,0.00,4.40,0.50,0.00,0.10,0.10
2018,Q1,TENNESSEE,10000.00,540.00,470.00,5.00,,3400.00,34.00,2.30,29.20,13.20,3.00,20.40,19.70
2018,Q1,TEXAS,290000.00,124000.00,42000.00,14.00,,32000.00,11.00,4.80,21.50,1.70,0.20,10.10,10.30
2018,Q1,UTAH,17000.00,490.00,50.00,0.00,,620.00,4.00,0.10,18.70,0.10,0.00,0.00,0.50
2018,Q1,VERMONT,5500.00,20.00,0.00,0.00,,810.00,15.00,0.30,17.00,2.00,0.60,1.20,0.80
2018,Q1,VIRGINIA,7000.00,540.00,160.00,2.00,,2100.00,30.00,0.30,26.00,7.70,3.90,11.30,16.30
2018,Q1,WASHINGTON,90000.00,7000.00,870.00,1.00,,4600.00,5.00,1.00,8.50,0.40,1.90,0.90,0.40
2018,Q1,WEST VIRGINIA,8500.00,330.00,60.00,1.00,,2500.00,29.00,2.00,15.00,20.80,3.40,8.00,4.90
2018,Q1,WISCONSIN,29000.00,2800.00,1600.00,6.00,,4600.00,16.00,1.20,14.10,3.60,1.50,3.70,3.70
2018,Q1,WYOMING,9000.00,70.00,0.00,0.00,,220.00,2.00,0.10,0.80,1.90,0.00,0.30,0.90
2018,Q3,ALABAMA,8500.00,1600.00,1300.00,15.00,,1700.00,20.00,0.70,77.50,7.80,14.60,69.40,6.80
2018,Q3,ARIZONA,31000.00,3200.00,3100.00,10.00,,8000.00,26.00,4.50,52.50,15.00,3.80,2.30,27.60
2018,Q3,ARKANSAS,29000.00,2600.00,840.00,3.00,,2300.00,8.00,0.10,29.90,0.50,17.60,7.80,0.60
2018,Q3,CALIFORNIA,700000.00,63000.00,141000.00,20.00,,73000.00,10.00,4.50,57.30,12.00,17.80,6.60,3.60
2018,Q3,COLORADO,35000.00,1500.00,5000.00,14.00,,5000.00,14.00,5.60,72.60,8.50,2.90,16.60,4.50
2018,Q3,CONNECTICUT,3200.00,80.00,310.00,10.00,,130.00,4.00,0.00,13.00,2.50,1.40,0.00,1.20
2018,Q3,FLORIDA,220000.00,53000.00,40000.00,18.00,,30000.00,14.00,4.20,35.00,14.30,7.60,20.50,9.80
2018,Q3,GEORGIA,138000.00,27000.00,33000.00,24.00,,17000.00,12.00,2.40,49.80,6.00,27.70,20.40,7.20
2018,Q3,HAWAII,16500.00,1700.00,3000.00,18.00,,1800.00,11.00,0.10,88.30,0.10,0.10,89.40,0.00
2018,Q3,IDAHO,101000.00,15000.00,21000.00,21.00,,14000.00,14.00,14.60,83.60,13.80,26.50,5.40,5.70
2018,Q3,ILLINOIS,11000.00,700.00,420.00,4.00,,660.00,6.00,2.10,21.20,1.50,5.10,10.60,7.00
2018,Q3,INDIANA,11500.00,520.00,1200.00,10.00,,990.00,9.00,1.40,29.50,5.00,20.60,12.20,0.50
2018,Q3,IOWA,57000.00,1200.00,990.00,2.00,,3600.00,6.00,8.50,29.90,1.90,0.40,9.80,0.40
2018,Q3,KANSAS,6000.00,300.00,180.00,3.00,,950.00,16.00,6.60,76.80,23.70,8.00,51.10,7.90
2018,Q3,KENTUCKY,7000.00,300.00,660.00,9.00,,840.00,12.00,1.60,47.10,4.50,1.50,26.50,7.60
2018,Q3,LOUISIANA,53000.00,1600.00,2300.00,4.00,,1900.00,4.00,0.20,31.30,1.00,1.70,29.90,1.60
2018,Q3,MAINE,12500.00,60.00,170.00,1.00,,890.00,7.00,1.10,37.00,3.50,0.00,1.00,0.50
2018,Q3,MARYLAND,7500.00,580.00,680.00,9.00,,360.00,5.00,0.30,11.70,1.10,0.60,6.00,3.80
2018,Q3,MASSACHUSETTS,10000.00,850.00,730.00,7.00,,2200.00,22.00,10.70,75.90,1.10,10.10,11.20,10.30
2018,Q3,MICHIGAN,88000.00,3000.00,22000.00,25.00,,8000.00,9.00,1.10,92.40,19.50,23.80,13.80,18.60
2018,Q3,MINNESOTA,127000.00,1600.00,6500.00,5.00,,29000.00,23.00,6.00,44.50,9.30,28.40,12.40,8.10
2018,Q3,MISSISSIPPI,16500.00,110.00,650.00,4.00,,2900.00,18.00,0.00,25.20,7.50,0.50,8.60,7.20
2018,Q3,MISSOURI,10000.00,260.00,410.00,4.00,,540.00,5.00,1.20,18.20,7.50,1.20,16.90,1.10
2018,Q3,MONTANA,153000.00,3100.00,22000.00,14.00,,18500.00,12.00,18.00,43.80,21.80,6.80,18.50,2.70
2018,Q3,NEBRASKA,54000.00,8500.00,5000.00,9.00,,6500.00,12.00,5.90,24.10,4.30,6.50,3.20,4.00
2018,Q3,NEW JERSEY,14000.00,250.00,220.00,2.00,,320.00,2.00,0.20,12.30,1.00,0.10,5.10,0.40
2018,Q3,NEW MEXICO,7000.00,3800.00,1000.00,14.00,,1200.00,17.00,0.00,0.00,0.40,12.30,0.00,0.20
2018,Q3,NEW YORK,56000.00,3600.00,3700.00,7.00,,3900.00,7.00,18.60,40.70,22.90,24.40,20.60,10.20
2018,Q3,NORTH CAROLINA,18000.00,2600.00,2000.00,11.00,,2200.00,12.00,11.40,66.00,11.40,8.40,17.90,3.10
2018,Q3,NORTH DAKOTA,490000.00,23000.00,14500.00,3.00,,59000.00,12.00,9.60,52.60,10.90,10.40,11.50,1.20
2018,Q3,OHIO,16000.00,1300.00,2100.00,13.00,,1300.00,8.00,2.60,58.90,11.90,1.30,40.90,1.20
2018,Q3,OKLAHOMA,2100.00,20.00,10.00,0.00,,370.00,18.00,0.10,59.60,17.20,23.50,51.10,23.40
2018,Q3,OREGON,117000.00,3000.00,49000.00,42.00,,13000.00,11.00,7.00,57.20,10.70,45.10,2.80,0.80
2018,Q3,OTHER STATES,9990.00,480.00,440.00,4.00,,890.00,9.00,1.30,22.80,4.90,2.90,2.40,0.70
2018,Q3,PENNSYLVANIA,21000.00,2900.00,2300.00,11.00,,860.00,4.00,1.90,23.50,1.70,1.60,8.10,2.60
2018,Q3,SOUTH CAROLINA,11500.00,670.00,1100.00,10.00,,1400.00,12.00,0.70,76.80,7.60,32.40,53.40,0.90
2018,Q3,SOUTH DAKOTA,197000.00,8000.00,6500.00,3.00,,22000.00,11.00,3.30,54.70,45.00,8.50,32.90,1.60
2018,Q3,TENNESSEE,9000.00,540.00,1000.00,11.00,,900.00,10.00,0.70,70.60,5.60,13.20,53.20,2.10
2018,Q3,TEXAS,124000.00,7500.00,9500.00,8.00,,7500.00,6.00,0.40,18.80,2.80,6.20,4.40,0.90
2018,Q3,UTAH,30000.00,970.00,1400.00,5.00,,4400.00,15.00,0.10,34.00,1.00,0.20,15.50,0.70
2018,Q3,VERMONT,7000.00,1200.00,80.00,1.00,,90.00,1.00,4.30,29.30,0.30,24.10,4.90,0.00
2018,Q3,VIRGINIA,7500.00,1000.00,990.00,13.00,,610.00,8.00,2.60,39.00,11.60,7.70,28.50,1.70
2018,Q3,WASHINGTON,84000.00,7000.00,3600.00,4.00,,12000.00,14.00,0.60,7.10,9.90,2.70,0.60,2.80
2018,Q3,WEST VIRGINIA,8000.00,170.00,1200.00,15.00,,520.00,7.00,0.30,57.00,6.80,0.30,52.60,2.10
2018,Q3,WISCONSIN,69000.00,2400.00,3800.00,6.00,,10000.00,14.00,2.60,54.40,6.10,19.50,32.70,4.30
2018,Q3,WYOMING,34000.00,1800.00,3900.00,11.00,,3900.00,11.00,2.20,35.40,3.30,9.00,2.80,4.00
2018,Q4,ALABAMA,6500.00,210.00,1300.00,20.00,,830.00,13.00,1.30,20.60,3.40,1.50,20.50,7.50
2018,Q4,ARIZONA,27000.00,2200.00,330.00,1.00,,5000.00,19.00,3.10,20.60,7.10,0.00,8.30,3.00
2018,Q4,ARKANSAS,31000.00,110.00,230.00,1.00,,6000.00,19.00,0.00,82.80,5.30,73.50,7.10,2.20
2018,Q4,CALIFORNIA,1200000.00,86000.00,46000.00,4.00,,170000.00,14.00,9.80,44.10,9.30,11.60,16.60,7.10
2018,Q4,COLORADO,30000.00,370.00,10.00,0.00,,3500.00,12.00,1.00,73.20,6.10,0.00,5.90,1.20
2018,Q4,CONNECTICUT,3500.00,0.00,60.00,2.00,,220.00,6.00,2.30,12.50,4.20,0.90,3.60,2.30
2018,Q4,FLORIDA,290000.00,53000.00,20000.00,7.00,,43000.00,15.00,9.00,46.70,8.00,14.10,22.40,6.70
2018,Q4,GEORGIA,164000.00,6500.00,49000.00,30.00,,19500.00,12.00,9.20,41.40,5.60,6.90,17.40,7.80
2018,Q4,HAWAII,16000.00,1700.00,6000.00,38.00,,940.00,6.00,0.00,70.50,0.10,0.00,83.30,0.00
2018,Q4,IDAHO,159000.00,9000.00,910.00,1.00,,15000.00,9.00,9.60,64.90,7.00,15.90,47.40,4.50
2018,Q4,ILLINOIS,12000.00,600.00,350.00,3.00,,1400.00,12.00,2.40,27.20,6.90,2.80,13.10,5.70
2018,Q4,INDIANA,9000.00,40.00,1200.00,13.00,,3300.00,37.00,23.80,51.30,35.40,64.60,21.30,2.30
2018,Q4,IOWA,21000.00,630.00,80.00,0.00,,4200.00,20.00,8.90,55.10,29.40,31.60,27.20,5.60
2018,Q4,KANSAS,5500.00,420.00,10.00,0.00,,1000.00,18.00,26.00,62.00,1.60,43.70,31.30,26.40
2018,Q4,KENTUCKY,7000.00,60.00,430.00,6.00,,2000.00,29.00,1.20,57.10,5.50,6.80,41.90,4.30
2018,Q4,LOUISIANA,52000.00,130.00,200.00,0.00,,2600.00,5.00,0.30,16.60,1.00,5.90,6.70,1.70
2018,Q4,MAINE,12000.00,210.00,880.00,7.00,,1400.00,12.00,0.00,9.30,1.20,0.00,5.10,0.10
2018,Q4,MARYLAND,9000.00,60.00,90.00,1.00,,690.00,8.00,0.30,16.60,4.90,1.20,5.30,1.70
2018,Q4,MASSACHUSETTS,4900.00,110.00,320.00,7.00,,650.00,13.00,8.10,33.20,3.40,9.40,9.20,5.30
2018,Q4,MICHIGAN,77000.00,3900.00,1800.00,2.00,,6000.00,8.00,15.60,52.00,2.40,15.10,31.20,6.60
2018,Q4,MINNESOTA,86000.00,2500.00,590.00,1.00,,11500.00,13.00,4.20,28.40,3.80,7.90,5.20,2.40
2018,Q4,MISSISSIPPI,25000.00,330.00,50.00,0.00,,2000.00,8.00,0.20,26.50,3.00,0.50,6.70,4.50
2018,Q4,MISSOURI,10000.00,170.00,150.00,2.00,,880.00,9.00,1.10,37.00,1.90,2.30,10.00,4.10
2018,Q4,MONTANA,102000.00,3100.00,500.00,0.00,,5500.00,5.00,5.60,40.70,2.90,17.50,13.00,0.00
2018,Q4,NEBRASKA,45000.00,7000.00,840.00,2.00,,5000.00,11.00,0.70,3.00,2.90,0.30,0.70,1.00
2018,Q4,NEW JERSEY,15500.00,30.00,80.00,1.00,,1300.00,8.00,0.10,14.00,5.40,0.00,3.20,0.30
2018,Q4,NEW MEXICO,8000.00,50.00,0.00,0.00,,3000.00,38.00,3.70,81.30,8.00,0.10,0.80,1.20
2018,Q4,NEW YORK,53000.00,1000.00,1500.00,3.00,,4400.00,8.00,7.80,26.00,7.80,2.40,4.50,0.70
2018,Q4,NORTH CAROLINA,16000.00,250.00,300.00,2.00,,2700.00,17.00,3.80,53.00,11.10,2.00,10.40,5.20
2018,Q4,NORTH DAKOTA,435000.00,7500.00,1500.00,0.00,,29000.00,7.00,8.10,29.50,4.30,10.60,9.40,4.60
2018,Q4,OHIO,15500.00,170.00,450.00,3.00,,2100.00,14.00,0.10,29.30,2.40,8.10,5.80,9.90
2018,Q4,OKLAHOMA,57000.00,60.00,20.00,0.00,,2500.00,4.00,0.00,13.10,0.00,0.00,0.40,0.30
2018,Q4,OREGON,101000.00,10500.00,12000.00,12.00,,13000.00,13.00,16.00,44.10,0.90,14.80,4.60,0.20
2018,Q4,OTHER STATES,8670.00,20.00,500.00,6.00,,1150.00,13.00,0.20,12.70,1.50,5.40,0.20,5.40
2018,Q4,PENNSYLVANIA,21000.00,270.00,1500.00,7.00,,4000.00,19.00,6.70,26.90,7.80,13.00,10.70,5.40
2018,Q4,SOUTH CAROLINA,12500.00,770.00,790.00,6.00,,1500.00,12.00,0.30,32.20,1.30,1.40,16.10,5.50
2018,Q4,SOUTH DAKOTA,140000.00,2000.00,430.00,0.00,,21000.00,15.00,7.00,12.80,2.10,1.60,1.30,2.50
2018,Q4,TENNESSEE,8500.00,30.00,370.00,4.00,,1900.00,22.00,1.90,49.80,9.10,11.40,20.80,5.10
2018,Q4,TEXAS,260000.00,11000.00,70.00,0.00,,17000.00,7.00,5.50,18.60,6.20,3.00,18.50,3.70
2018,Q4,UTAH,27000.00,180.00,400.00,1.00,,3400.00,13.00,5.50,48.00,6.50,8.00,9.80,4.90
2018,Q4,VERMONT,6500.00,10.00,20.00,0.00,,170.00,3.00,0.00,6.20,0.80,0.00,1.30,0.70
2018,Q4,VIRGINIA,7000.00,80.00,1300.00,19.00,,1100.00,16.00,12.10,57.10,5.80,13.10,38.40,2.80
2018,Q4,WASHINGTON,81000.00,5500.00,1400.00,2.00,,11000.00,14.00,11.70,34.50,3.30,4.90,0.50,1.30
2018,Q4,WEST VIRGINIA,7000.00,50.00,70.00,1.00,,1200.00,17.00,0.60,29.50,4.20,7.20,15.20,6.80
2018,Q4,WISCONSIN,48000.00,1600.00,530.00,1.00,,8500.00,18.00,1.50,29.90,7.60,24.50,28.30,5.20
2018,Q4,WYOMING,32000.00,220.00,0.00,0.00,,2700.00,8.00,2.60,43.90,1.00,6.80,7.90,1.40
2017,Q2,ALABAMA,6500.00,1200.00,500.00,8.00,,440.00,7.00,0.00,17.90,9.40,4.20,13.60,5.30
2017,Q2,ARIZONA,22000.00,12500.00,3000.00,14.00,,2600.00,12.00,19.70,58.40,20.40,12.40,15.90,0.70
2017,Q2,ARKANSAS,24000.00,6000.00,1300.00,5.00,,1900.00,8.00,1.90,19.40,2.70,3.90,9.60,2.50
2017,Q2,CALIFORNIA,990000.00,160000.00,220000.00,22.00,,90000.00,9.00,3.10,38.00,4.80,13.00,7.70,3.40
2017,Q2,COLORADO,31000.00,8000.00,7500.00,24.00,,4500.00,15.00,5.30,31.30,4.60,3.20,0.80,0.10
2017,Q2,CONNECTICUT,3000.00,2200.00,350.00,12.00,,140.00,5.00,0.00,9.10,1.90,0.50,0.20,0.70
2017,Q2,FLORIDA,255000.00,40000.00,50000.00,20.00,,35000.00,14.00,6.10,36.50,6.50,9.00,14.40,18.90
2017,Q2,GEORGIA,137000.00,21000.00,31000.00,23.00,,12500.00,9.00,1.00,34.10,6.50,6.60,5.80,2.80
2017,Q2,HAWAII,12000.00,3000.00,920.00,8.00,,70.00,1.00,0.00,88.90,0.40,0.00,3.70,0.00
2017,Q2,IDAHO,78000.00,22000.00,31000.00,40.00,,10500.00,13.00,4.00,30.50,7.80,8.30,6.40,4.80
2017,Q2,ILLINOIS,12000.00,3600.00,1600.00,13.00,,1200.00,10.00,0.70,11.30,5.60,3.00,4.30,1.50
2017,Q2,INDIANA,11000.00,3000.00,510.00,5.00,,1200.00,11.00,0.10,5.50,8.60,43.30,2.10,1.20
2017,Q2,IOWA,23000.00,23000.00,3900.00,17.00,,2400.00,10.00,7.50,39.30,8.10,26.60,27.60,0.90
2017,Q2,KANSAS,6000.00,2500.00,870.00,15.00,,390.00,7.00,0.70,17.30,1.70,22.60,8.50,6.40
2017,Q2,KENTUCKY,7500.00,3100.00,590.00,8.00,,900.00,12.00,1.00,25.70,4.30,4.50,11.60,4.90
2017,Q2,LOUISIANA,62000.00,4100.00,8000.00,13.00,,2600.00,4.00,0.00,23.20,1.50,1.60,3.10,0.70
2017,Q2,MAINE,33000.00,1100.00,1400.00,4.00,,910.00,3.00,4.10,4.40,2.00,4.30,4.30,14.80
2017,Q2,MARYLAND,9500.00,3400.00,930.00,10.00,,190.00,2.00,0.80,3.30,2.10,0.30,6.90,1.10
2017,Q2,MASSACHUSETTS,8000.00,1400.00,490.00,6.00,,140.00,2.00,12.90,14.80,0.40,11.00,12.50,1.60
2017,Q2,MICHIGAN,100000.00,20000.00,13500.00,14.00,,7500.00,8.00,0.20,19.10,0.90,2.10,7.20,0.50
2017,Q2,MINNESOTA,128000.00,19000.00,8500.00,7.00,,12000.00,9.00,2.30,20.50,6.60,12.80,4.70,2.20
2017,Q2,MISSISSIPPI,89000.00,5500.00,26000.00,29.00,,3800.00,4.00,0.00,14.00,3.70,1.70,0.90,0.80
2017,Q2,MISSOURI,7000.00,1800.00,1000.00,14.00,,270.00,4.00,3.00,13.40,5.10,1.00,8.90,1.90
2017,Q2,MONTANA,135000.00,18000.00,18000.00,13.00,,3700.00,3.00,4.20,20.00,4.40,3.50,4.00,0.60
2017,Q2,NEBRASKA,43000.00,7000.00,27000.00,63.00,,1500.00,3.00,1.00,50.10,16.00,37.60,38.40,0.80
2017,Q2,NEW JERSEY,21000.00,1900.00,660.00,3.00,,430.00,2.00,2.30,21.40,0.30,1.90,5.60,0.80
2017,Q2,NEW MEXICO,7500.00,3300.00,3900.00,52.00,,1800.00,24.00,72.90,88.40,35.60,0.00,0.60,0.60
2017,Q2,NEW YORK,43000.00,16500.00,7500.00,17.00,,1300.00,3.00,2.10,22.20,8.90,2.00,2.10,0.10
2017,Q2,NORTH CAROLINA,25000.00,5000.00,2700.00,11.00,,3000.00,12.00,2.30,23.40,5.10,0.80,5.50,1.50
2017,Q2,NORTH DAKOTA,450000.00,31000.00,41000.00,9.00,,16000.00,4.00,3.20,29.30,3.20,5.30,4.00,1.00
2017,Q2,OHIO,15000.00,7000.00,2500.00,17.00,,1100.00,7.00,6.20,45.50,16.60,10.40,6.40,3.00
2017,Q2,OKLAHOMA,17000.00,4700.00,1200.00,7.00,,200.00,1.00,11.20,23.60,7.70,0.50,2.30,0.30
2017,Q2,OREGON,92000.00,15500.00,22000.00,24.00,,5000.00,5.00,8.80,37.20,15.80,3.50,10.60,11.30
2017,Q2,OTHER STATES,7160.00,870.00,940.00,13.00,,160.00,2.00,0.30,6.70,3.90,0.00,0.40,0.60
2017,Q2,PENNSYLVANIA,17500.00,7500.00,2300.00,13.00,,540.00,3.00,0.70,13.50,2.40,1.50,1.00,1.50
2017,Q2,SOUTH CAROLINA,20000.00,3000.00,3700.00,19.00,,870.00,4.00,15.10,24.30,4.10,18.50,21.70,0.40
2017,Q2,SOUTH DAKOTA,168000.00,10000.00,23000.00,14.00,,13000.00,8.00,1.00,8.70,5.00,6.40,1.40,3.60
2017,Q2,TENNESSEE,9000.00,2600.00,1500.00,17.00,,1300.00,14.00,1.00,53.40,10.60,3.10,25.50,3.90
2017,Q2,TEXAS,350000.00,43000.00,148000.00,42.00,,28000.00,8.00,1.50,28.70,2.80,12.40,16.80,1.40
2017,Q2,UTAH,31000.00,12500.00,10000.00,32.00,,2700.00,9.00,0.30,36.70,12.60,0.10,1.30,0.00
2017,Q2,VERMONT,8000.00,390.00,190.00,2.00,,170.00,2.00,0.30,3.30,0.20,0.00,0.30,0.50
2017,Q2,VIRGINIA,9500.00,3100.00,1100.00,12.00,,1000.00,11.00,0.90,18.70,1.80,5.00,18.00,4.80
2017,Q2,WASHINGTON,111000.00,30000.00,20000.00,18.00,,7000.00,6.00,4.20,21.30,3.60,7.50,5.00,0.40
2017,Q2,WEST VIRGINIA,7500.00,4100.00,2500.00,33.00,,370.00,5.00,1.80,11.60,3.70,0.40,1.60,1.60
2017,Q2,WISCONSIN,65000.00,13000.00,6500.00,10.00,,4000.00,6.00,1.70,13.80,3.20,2.20,1.70,0.30
2017,Q2,WYOMING,30000.00,6000.00,3500.00,12.00,,1300.00,4.00,12.60,34.10,5.70,2.80,3.50,1.90
2017,Q1,ALABAMA,7000.00,570.00,740.00,11.00,,1600.00,23.00,0.20,19.90,6.70,3.20,9.80,9.30
2017,Q1,ARIZONA,32000.00,2900.00,0.00,0.00,,6000.00,19.00,3.80,35.60,6.50,1.70,2.00,2.10
2017,Q1,ARKANSAS,20000.00,430.00,230.00,1.00,,3500.00,18.00,0.10,31.50,3.00,0.50,14.60,1.00
2017,Q1,CALIFORNIA,1470000.00,137000.00,93000.00,6.00,,195000.00,13.00,7.50,37.70,6.60,9.20,12.60,6.30
2017,Q1,COLORADO,21000.00,100.00,0.00,0.00,,1100.00,5.00,0.00,17.00,2.60,0.90,0.00,0.40
2017,Q1,CONNECTICUT,3100.00,100.00,110.00,4.00,,380.00,12.00,0.00,51.50,6.10,0.00,1.50,5.60
2017,Q1,FLORIDA,265000.00,78000.00,34000.00,13.00,,30000.00,11.00,1.50,37.60,6.20,14.20,14.80,17.90
2017,Q1,GEORGIA,125000.00,25000.00,21000.00,17.00,,14000.00,11.00,0.20,35.30,4.40,2.60,7.00,1.80
2017,Q1,HAWAII,13000.00,510.00,50.00,0.00,,190.00,1.00,0.20,1.20,0.10,0.00,2.10,0.10
2017,Q1,IDAHO,99000.00,2000.00,280.00,0.00,,8500.00,9.00,42.30,74.20,1.70,21.20,42.30,0.40
2017,Q1,ILLINOIS,11000.00,3100.00,150.00,1.00,,2900.00,26.00,0.50,21.20,9.90,3.70,13.10,8.00
2017,Q1,INDIANA,7500.00,1700.00,70.00,1.00,,1900.00,25.00,5.20,15.80,10.40,4.10,8.00,7.10
2017,Q1,IOWA,15500.00,70.00,0.00,0.00,,3000.00,19.00,8.40,33.60,11.90,12.00,8.30,11.70
2017,Q1,KANSAS,3800.00,930.00,380.00,10.00,,1000.00,26.00,0.00,47.20,16.40,3.60,3.00,14.30
2017,Q1,KENTUCKY,7000.00,950.00,430.00,6.00,,1300.00,19.00,0.40,31.90,16.00,3.80,11.50,7.50
2017,Q1,LOUISIANA,47000.00,11000.00,1900.00,4.00,,2700.00,6.00,0.10,25.80,4.30,1.80,9.60,1.80
2017,Q1,MAINE,3100.00,100.00,0.00,0.00,,1000.00,32.00,30.50,23.90,26.30,8.10,20.90,0.00
2017,Q1,MARYLAND,9000.00,770.00,260.00,3.00,,2100.00,23.00,1.00,11.30,11.90,1.00,3.30,4.30
2017,Q1,MASSACHUSETTS,3300.00,120.00,110.00,3.00,,1500.00,45.00,3.00,32.50,10.50,4.50,5.60,5.60
2017,Q1,MICHIGAN,59000.00,600.00,130.00,0.00,,5000.00,8.00,0.00,7.90,1.10,1.90,0.30,3.90
2017,Q1,MINNESOTA,41000.00,3300.00,0.00,0.00,,3500.00,9.00,0.10,2.10,9.00,0.90,0.40,5.80
2017,Q1,MISSISSIPPI,68000.00,23000.00,7000.00,10.00,,2600.00,4.00,0.00,41.70,0.50,0.10,35.30,1.40
2017,Q1,MISSOURI,7500.00,400.00,10.00,0.00,,1200.00,16.00,0.50,16.60,5.40,2.70,15.40,5.20
2017,Q1,MONTANA,46000.00,3100.00,6000.00,13.00,,470.00,1.00,0.00,34.00,6.00,2.50,15.10,0.10
2017,Q1,NEBRASKA,13000.00,120.00,0.00,0.00,,750.00,6.00,0.40,14.80,2.10,0.00,0.30,1.20
2017,Q1,NEW JERSEY,6000.00,10.00,0.00,0.00,,490.00,8.00,0.30,16.30,0.80,0.10,0.70,0.60
2017,Q1,NEW MEXICO,5500.00,3600.00,0.00,0.00,,2100.00,38.00,87.40,93.90,2.00,0.00,0.00,0.00
2017,Q1,NEW YORK,33000.00,520.00,0.00,0.00,,6000.00,18.00,9.80,20.40,13.20,4.40,9.40,10.80
2017,Q1,NORTH CAROLINA,23000.00,3700.00,1200.00,5.00,,2500.00,11.00,0.20,34.70,7.20,1.50,17.40,3.90
2017,Q1,NORTH DAKOTA,123000.00,1100.00,10.00,0.00,,640.00,1.00,0.00,0.80,0.20,0.00,0.00,0.20
2017,Q1,OHIO,17500.00,1300.00,530.00,3.00,,4400.00,25.00,0.60,25.80,5.20,0.10,11.60,16.50
2017,Q1,OKLAHOMA,26000.00,9500.00,1700.00,7.00,,550.00,2.00,0.00,11.90,0.50,0.10,1.00,0.30
2017,Q1,OREGON,90000.00,7500.00,1400.00,2.00,,8000.00,9.00,10.10,28.70,15.40,9.10,8.50,8.50
2017,Q1,OTHER STATES,6490.00,130.00,50.00,1.00,,1540.00,24.00,6.60,3.40,1.80,2.60,0.80,2.50
2017,Q1,PENNSYLVANIA,18000.00,810.00,390.00,2.00,,4000.00,22.00,0.80,20.90,3.60,2.90,2.40,7.20
2017,Q1,SOUTH CAROLINA,17500.00,4700.00,970.00,6.00,,1600.00,9.00,0.40,12.60,2.70,1.10,5.30,1.80
2017,Q1,SOUTH DAKOTA,48000.00,1500.00,440.00,1.00,,2700.00,6.00,0.00,2.90,0.20,0.00,0.00,0.30
2017,Q1,TENNESSEE,8500.00,1500.00,160.00,2.00,,1600.00,19.00,0.90,28.60,8.10,2.40,12.60,7.00
2017,Q1,TEXAS,340000.00,130000.00,68000.00,20.00,,49000.00,14.00,2.00,36.20,3.50,5.10,22.50,3.60
2017,Q1,UTAH,19000.00,3900.00,60.00,0.00,,2700.00,14.00,0.10,38.70,2.00,0.00,0.00,0.30
2017,Q1,VERMONT,6500.00,0.00,0.00,0.00,,440.00,7.00,2.10,6.00,0.90,0.20,0.70,2.20
2017,Q1,VIRGINIA,8000.00,1900.00,280.00,4.00,,1400.00,18.00,2.80,21.40,7.40,3.20,12.80,8.40
2017,Q1,WASHINGTON,104000.00,8500.00,0.00,0.00,,9000.00,9.00,0.00,6.80,8.00,0.00,0.10,4.40
2017,Q1,WEST VIRGINIA,8000.00,450.00,100.00,1.00,,800.00,10.00,0.20,15.80,11.90,0.00,1.00,1.30
2017,Q1,WISCONSIN,22000.00,450.00,70.00,0.00,,4400.00,20.00,1.10,19.00,4.00,2.00,1.90,10.50
2017,Q1,WYOMING,17000.00,1300.00,0.00,0.00,,3600.00,21.00,0.20,0.20,0.60,0.00,0.00,0.00
2017,Q3,ALABAMA,9500.00,690.00,530.00,6.00,,900.00,9.00,0.00,69.50,7.50,35.40,22.10,3.90
2017,Q3,ARIZONA,26000.00,5000.00,3200.00,12.00,,4100.00,16.00,0.50,19.80,12.40,1.10,0.40,6.30
2017,Q3,ARKANSAS,29000.00,4400.00,410.00,1.00,,6000.00,21.00,0.00,61.40,9.30,17.00,9.10,2.30
2017,Q3,CALIFORNIA,670000.00,73000.00,74000.00,11.00,,67000.00,10.00,5.60,42.30,10.10,13.40,15.80,3.60
2017,Q3,COLORADO,42000.00,2900.00,6410.00,15.00,,4300.00,10.00,2.60,52.90,7.80,9.10,1.40,1.40
2017,Q3,CONNECTICUT,3500.00,50.00,20.00,1.00,,130.00,4.00,0.10,25.10,13.00,0.00,1.50,0.00
2017,Q3,FLORIDA,180000.00,39000.00,42000.00,23.00,,39000.00,22.00,3.70,42.90,11.40,6.30,13.20,21.50
2017,Q3,GEORGIA,122000.00,19000.00,23000.00,19.00,,15500.00,13.00,2.30,47.60,15.10,14.10,18.00,6.90
2017,Q3,HAWAII,15000.00,430.00,20.00,0.00,,1100.00,7.00,0.30,2.80,2.00,0.00,4.30,0.00
2017,Q3,IDAHO,116000.00,9000.00,16500.00,14.00,,12000.00,10.00,6.70,53.70,9.50,15.50,19.10,5.10
2017,Q3,ILLINOIS,13000.00,710.00,1200.00,9.00,,1100.00,8.00,2.80,29.90,4.60,2.80,14.20,3.30
2017,Q3,INDIANA,13000.00,420.00,740.00,6.00,,930.00,7.00,0.40,13.90,3.80,3.90,5.90,2.00
2017,Q3,IOWA,43000.00,2100.00,4000.00,9.00,,2200.00,5.00,2.40,17.20,4.00,3.90,7.20,2.20
2017,Q3,KANSAS,7000.00,1400.00,1000.00,14.00,,1700.00,24.00,14.80,65.40,1.10,20.30,52.60,7.40
2017,Q3,KENTUCKY,9000.00,450.00,700.00,8.00,,1600.00,18.00,4.60,46.40,10.30,0.60,39.20,6.20
2017,Q3,LOUISIANA,64000.00,14500.00,34000.00,53.00,,13500.00,21.00,0.30,59.20,4.00,1.60,74.50,14.90
2017,Q3,MAINE,6000.00,210.00,290.00,5.00,,400.00,7.00,0.90,3.40,1.20,3.90,0.90,0.10
2017,Q3,MARYLAND,8500.00,1300.00,600.00,7.00,,1600.00,19.00,0.70,8.80,5.10,1.60,10.10,9.10
2017,Q3,MASSACHUSETTS,9000.00,790.00,460.00,5.00,,760.00,8.00,0.70,82.00,0.80,2.30,0.90,0.10
2017,Q3,MICHIGAN,109000.00,4300.00,11500.00,11.00,,17500.00,16.00,8.60,56.80,15.00,13.70,11.90,2.90
2017,Q3,MINNESOTA,136000.00,1900.00,2200.00,2.00,,20000.00,15.00,1.80,39.80,11.60,9.40,4.70,2.30
2017,Q3,MISSISSIPPI,24000.00,250.00,230.00,1.00,,2900.00,12.00,0.70,71.10,18.10,0.20,4.80,0.70
2017,Q3,MISSOURI,9000.00,320.00,310.00,3.00,,580.00,6.00,2.80,77.70,1.60,34.00,36.00,35.00
2017,Q3,MONTANA,161000.00,3100.00,23000.00,14.00,,18500.00,11.00,6.90,42.30,19.10,2.20,6.70,2.00
2017,Q3,NEBRASKA,47000.00,880.00,13500.00,29.00,,3700.00,8.00,0.40,15.10,9.20,7.10,6.60,0.20
2017,Q3,NEW JERSEY,16000.00,280.00,110.00,1.00,,420.00,3.00,0.00,10.70,0.40,0.80,2.90,1.90
2017,Q3,NEW MEXICO,8500.00,1800.00,200.00,2.00,,2500.00,29.00,17.80,74.30,3.10,13.60,3.30,0.30
2017,Q3,NEW YORK,59000.00,3100.00,9000.00,15.00,,6500.00,11.00,6.20,45.10,13.60,9.40,19.80,1.80
2017,Q3,NORTH CAROLINA,27000.00,4100.00,2900.00,11.00,,3300.00,12.00,3.30,74.50,7.60,20.30,36.10,1.80
2017,Q3,NORTH DAKOTA,490000.00,24000.00,100000.00,20.00,,48000.00,10.00,3.40,42.00,8.10,8.10,11.90,1.90
2017,Q3,OHIO,23000.00,1100.00,1800.00,8.00,,1800.00,8.00,4.70,51.50,11.70,6.70,19.10,7.00
2017,Q3,OKLAHOMA,4400.00,80.00,270.00,6.00,,510.00,12.00,10.00,22.00,4.70,3.80,23.00,2.00
2017,Q3,OREGON,101000.00,7500.00,28000.00,28.00,,13500.00,13.00,11.30,54.40,6.40,13.20,10.60,1.80
2017,Q3,OTHER STATES,10000.00,380.00,650.00,7.00,,1070.00,11.00,2.30,51.10,1.20,6.70,4.70,1.30
2017,Q3,PENNSYLVANIA,18500.00,6000.00,1600.00,9.00,,1500.00,8.00,2.70,41.40,2.20,3.70,5.70,0.90
2017,Q3,SOUTH CAROLINA,14500.00,640.00,440.00,3.00,,1700.00,12.00,0.20,26.40,5.20,3.00,11.80,0.80
2017,Q3,SOUTH DAKOTA,159000.00,6000.00,7500.00,5.00,,16500.00,10.00,5.00,47.40,27.00,10.10,13.40,2.50
2017,Q3,TENNESSEE,10000.00,800.00,960.00,10.00,,1700.00,17.00,2.10,42.80,5.30,6.00,22.10,6.90
2017,Q3,TEXAS,115000.00,21000.00,7500.00,7.00,,15000.00,13.00,0.10,33.70,18.30,24.00,23.00,1.50
2017,Q3,UTAH,35000.00,5500.00,3200.00,9.00,,6500.00,19.00,0.50,40.50,15.90,16.70,0.10,9.10
2017,Q3,VERMONT,7500.00,520.00,270.00,4.00,,180.00,2.00,4.70,16.80,7.00,0.00,9.00,0.70
2017,Q3,VIRGINIA,11500.00,430.00,430.00,4.00,,1200.00,10.00,1.50,50.30,4.40,0.50,26.50,1.60
2017,Q3,WASHINGTON,92000.00,5500.00,10500.00,11.00,,17000.00,18.00,2.00,23.70,0.70,1.20,2.70,2.40
2017,Q3,WEST VIRGINIA,9000.00,440.00,1900.00,21.00,,930.00,10.00,1.40,23.20,9.50,0.60,6.20,3.80
2017,Q3,WISCONSIN,75000.00,6000.00,9000.00,12.00,,12500.00,17.00,18.50,61.60,13.00,21.80,21.00,12.10
2017,Q3,WYOMING,36000.00,3100.00,3500.00,10.00,,5500.00,15.00,9.30,21.80,5.60,4.40,1.60,5.20
2017,Q4,ALABAMA,7500.00,550.00,500.00,7.00,,990.00,13.00,8.80,22.30,1.70,9.50,10.10,5.20
2017,Q4,ARIZONA,30000.00,1300.00,1100.00,4.00,,6500.00,22.00,2.30,61.60,4.10,1.60,4.20,0.10
2017,Q4,ARKANSAS,25000.00,2500.00,440.00,2.00,,7500.00,30.00,26.60,37.50,24.10,31.00,29.20,0.40
2017,Q4,CALIFORNIA,1200000.00,90000.00,104000.00,9.00,,155000.00,13.00,7.40,47.90,17.10,17.00,14.10,6.30
2017,Q4,COLORADO,34000.00,1500.00,4000.00,12.00,,7000.00,21.00,0.20,30.20,15.50,20.00,0.70,5.30
2017,Q4,CONNECTICUT,4000.00,190.00,110.00,3.00,,330.00,8.00,0.00,36.40,1.60,0.60,2.80,1.60
2017,Q4,FLORIDA,240000.00,55000.00,36000.00,15.00,,50000.00,21.00,7.50,41.40,7.60,10.40,16.80,26.20
2017,Q4,GEORGIA,145000.00,4300.00,2200.00,2.00,,21000.00,14.00,12.30,56.80,3.60,15.30,15.10,4.60
2017,Q4,HAWAII,15000.00,970.00,290.00,2.00,,130.00,1.00,0.10,57.20,0.10,0.00,66.10,0.00
2017,Q4,IDAHO,164000.00,10000.00,5000.00,3.00,,9000.00,5.00,17.70,34.00,1.70,14.90,16.90,0.20
2017,Q4,ILLINOIS,13500.00,140.00,460.00,3.00,,1800.00,13.00,0.80,28.90,4.90,7.90,10.20,4.90
2017,Q4,INDIANA,11500.00,320.00,100.00,1.00,,1700.00,15.00,1.70,23.50,3.90,0.70,5.60,8.00
2017,Q4,IOWA,45000.00,250.00,3400.00,8.00,,6500.00,14.00,12.30,61.00,17.90,32.60,25.50,5.50
2017,Q4,KANSAS,6500.00,140.00,40.00,1.00,,830.00,13.00,3.30,17.90,0.60,8.60,7.70,10.20
2017,Q4,KENTUCKY,7500.00,50.00,120.00,2.00,,870.00,12.00,0.50,54.30,5.60,6.50,24.40,19.10
2017,Q4,LOUISIANA,60000.00,390.00,1900.00,3.00,,2700.00,5.00,0.30,31.50,2.10,0.60,26.60,10.40
2017,Q4,MAINE,6000.00,220.00,110.00,2.00,,60.00,1.00,0.40,24.90,0.60,0.00,6.20,0.00
2017,Q4,MARYLAND,10500.00,20.00,410.00,4.00,,1300.00,12.00,0.20,7.90,1.80,1.10,3.10,7.80
2017,Q4,MASSACHUSETTS,6000.00,120.00,550.00,9.00,,1100.00,18.00,6.70,13.20,1.50,2.70,1.20,0.30
2017,Q4,MICHIGAN,88000.00,990.00,1900.00,2.00,,11500.00,13.00,5.30,53.80,1.50,23.60,13.60,2.00
2017,Q4,MINNESOTA,98000.00,1900.00,450.00,0.00,,7000.00,7.00,4.20,62.90,7.20,39.80,4.00,3.10
2017,Q4,MISSISSIPPI,22000.00,280.00,830.00,4.00,,3400.00,15.00,1.40,19.30,1.50,1.50,6.10,4.10
2017,Q4,MISSOURI,9500.00,100.00,230.00,2.00,,820.00,9.00,1.00,16.70,4.20,0.10,14.20,1.60
2017,Q4,MONTANA,121000.00,5500.00,2900.00,2.00,,13000.00,11.00,3.10,54.20,5.30,5.90,4.10,4.10
2017,Q4,NEBRASKA,42000.00,80.00,50.00,0.00,,7500.00,18.00,4.10,26.60,4.30,2.10,3.30,11.50
2017,Q4,NEW JERSEY,15500.00,330.00,270.00,2.00,,1200.00,8.00,4.40,18.90,3.30,4.40,6.80,0.00
2017,Q4,NEW MEXICO,8000.00,1700.00,,0.00,,1900.00,24.00,0.00,86.10,10.00,10.30,0.30,1.00
2017,Q4,NEW YORK,51000.00,820.00,460.00,1.00,,3900.00,8.00,8.00,22.30,0.40,5.40,12.70,2.60
2017,Q4,NORTH CAROLINA,23000.00,60.00,290.00,1.00,,5000.00,22.00,3.90,64.20,11.70,1.50,16.30,6.70
2017,Q4,NORTH DAKOTA,410000.00,10000.00,2900.00,1.00,,26000.00,6.00,0.20,41.70,0.90,0.50,16.50,0.30
2017,Q4,OHIO,18500.00,510.00,960.00,5.00,,2800.00,15.00,7.10,45.30,8.40,6.40,23.30,2.90
2017,Q4,OKLAHOMA,46000.00,40.00,,0.00,,100.00,0.00,0.00,1.00,0.00,0.00,0.50,0.20
2017,Q4,OREGON,94000.00,70.00,18500.00,20.00,,10000.00,11.00,28.00,50.60,3.90,14.20,23.30,1.80
2017,Q4,OTHER STATES,6970.00,150.00,240.00,3.00,,360.00,5.00,3.00,11.50,1.00,2.20,1.70,2.40
2017,Q4,PENNSYLVANIA,24000.00,2500.00,1100.00,5.00,,5500.00,23.00,1.00,44.70,2.90,6.90,5.40,2.30
2017,Q4,SOUTH CAROLINA,15000.00,1300.00,750.00,5.00,,2000.00,13.00,14.60,31.60,1.90,0.20,19.40,1.90
2017,Q4,SOUTH DAKOTA,111000.00,0.00,,0.00,,6500.00,6.00,4.10,17.30,7.50,4.40,0.10,2.70
2017,Q4,TENNESSEE,10500.00,230.00,320.00,3.00,,1300.00,12.00,0.20,22.80,7.50,2.00,18.90,15.30
2017,Q4,TEXAS,285000.00,3200.00,1900.00,1.00,,20000.00,7.00,7.10,33.90,3.80,2.90,21.40,5.20
2017,Q4,UTAH,29000.00,480.00,70.00,0.00,,2000.00,7.00,11.00,24.30,9.40,9.20,8.90,19.80
2017,Q4,VERMONT,6500.00,10.00,10.00,0.00,,470.00,7.00,22.10,96.60,5.70,55.20,44.50,1.80
2017,Q4,VIRGINIA,9500.00,300.00,210.00,2.00,,1100.00,12.00,1.30,20.90,6.90,7.50,20.60,3.90
2017,Q4,WASHINGTON,72000.00,2900.00,14000.00,19.00,,4000.00,6.00,0.00,21.70,0.40,0.30,6.00,0.20
2017,Q4,WEST VIRGINIA,8500.00,70.00,1600.00,19.00,,1200.00,14.00,2.40,60.10,7.80,0.10,5.30,3.60
2017,Q4,WISCONSIN,55000.00,530.00,3000.00,5.00,,8500.00,15.00,33.10,53.10,15.30,22.80,36.90,15.20
2017,Q4,WYOMING,29000.00,2500.00,320.00,1.00,,3500.00,12.00,8.40,38.00,8.10,5.90,2.40,0.60
2016,Q2,ALABAMA,8000.00,1200.00,690.00,9.00,,930.00,12.00,0.30,9.60,4.80,1.70,8.20,5.40
2016,Q2,ARIZONA,23000.00,14000.00,1600.00,7.00,,3700.00,16.00,17.20,26.80,17.40,12.00,47.50,3.50
2016,Q2,ARKANSAS,24000.00,12000.00,1600.00,7.00,,3400.00,14.00,5.50,84.90,3.40,0.10,8.50,1.60
2016,Q2,CALIFORNIA,1150000.00,240000.00,185000.00,16.00,,108000.00,9.00,11.20,49.70,15.30,14.20,14.10,2.60
2016,Q2,COLORADO,29000.00,9000.00,680.00,2.00,,1800.00,6.00,3.30,38.70,2.60,1.40,0.80,0.30
2016,Q2,CONNECTICUT,2500.00,390.00,60.00,2.00,,100.00,4.00,0.50,9.30,4.40,0.30,0.60,1.20
2016,Q2,FLORIDA,240000.00,43000.00,21000.00,9.00,,29000.00,12.00,10.00,48.20,10.10,11.60,23.30,2.00
2016,Q2,GEORGIA,111000.00,17500.00,3600.00,3.00,,11000.00,10.00,2.00,59.30,11.70,28.40,28.40,2.70
2016,Q2,HAWAII,13500.00,870.00,0.00,0.00,,830.00,6.00,0.00,35.60,3.20,0.60,38.10,0.00
2016,Q2,IDAHO,80000.00,19000.00,5500.00,7.00,,6000.00,8.00,2.70,21.20,5.40,3.10,4.80,2.70
2016,Q2,ILLINOIS,9000.00,2200.00,380.00,4.00,,740.00,8.00,2.00,11.40,4.70,3.10,4.40,2.10
2016,Q2,INDIANA,7000.00,2700.00,900.00,13.00,,220.00,3.00,0.00,12.50,2.80,2.10,2.90,4.30
2016,Q2,IOWA,26000.00,26000.00,760.00,3.00,,2400.00,9.00,18.70,23.50,6.00,0.60,17.80,5.70
2016,Q2,KANSAS,6000.00,3000.00,900.00,15.00,,960.00,16.00,2.80,47.30,3.70,8.30,11.60,1.80
2016,Q2,KENTUCKY,6000.00,2100.00,270.00,5.00,,450.00,8.00,1.70,38.90,16.00,28.40,36.10,3.80
2016,Q2,LOUISIANA,53000.00,10000.00,9500.00,18.00,,4300.00,8.00,0.00,20.70,1.20,0.30,1.10,0.60
2016,Q2,MAINE,25000.00,510.00,560.00,2.00,,4200.00,17.00,4.30,82.70,2.40,31.10,0.00,27.90
2016,Q2,MARYLAND,9000.00,2800.00,400.00,4.00,,320.00,4.00,2.40,4.20,3.30,2.90,2.30,0.60
2016,Q2,MASSACHUSETTS,8500.00,1100.00,440.00,5.00,,300.00,4.00,0.30,40.50,2.30,10.60,10.60,11.90
2016,Q2,MICHIGAN,103000.00,13500.00,3200.00,3.00,,7500.00,7.00,1.10,54.10,11.80,16.50,9.30,1.10
2016,Q2,MINNESOTA,126000.00,24000.00,4200.00,3.00,,13000.00,10.00,6.50,20.80,8.60,18.20,6.00,7.60
2016,Q2,MISSISSIPPI,90000.00,9000.00,61000.00,68.00,,3700.00,4.00,1.20,12.30,1.20,2.70,2.30,0.10
2016,Q2,MISSOURI,12500.00,1800.00,730.00,6.00,,770.00,6.00,0.70,17.20,1.60,0.10,1.60,1.20
2016,Q2,MONTANA,157000.00,25000.00,13500.00,9.00,,7000.00,4.00,4.50,30.30,6.90,3.90,7.10,0.20
2016,Q2,NEBRASKA,43000.00,8000.00,28000.00,65.00,,6000.00,14.00,1.00,6.10,1.10,3.80,0.10,3.50
2016,Q2,NEW JERSEY,18000.00,1900.00,110.00,1.00,,1500.00,8.00,0.20,11.90,0.20,0.00,0.90,0.30
2016,Q2,NEW MEXICO,6500.00,2700.00,100.00,2.00,,1400.00,22.00,12.10,59.10,8.20,2.50,0.30,0.00
2016,Q2,NEW YORK,46000.00,13500.00,1500.00,3.00,,4000.00,9.00,0.90,20.40,4.10,11.70,3.10,3.80
2016,Q2,NORTH CAROLINA,24000.00,10000.00,550.00,2.00,,1600.00,7.00,4.70,51.80,8.30,33.80,23.50,41.70
2016,Q2,NORTH DAKOTA,530000.00,23000.00,95000.00,18.00,,27000.00,5.00,2.10,16.20,3.60,1.10,3.70,0.20
2016,Q2,OHIO,16500.00,6000.00,1100.00,7.00,,1700.00,10.00,0.60,10.60,2.90,18.30,2.20,1.40
2016,Q2,OKLAHOMA,13000.00,4000.00,10000.00,77.00,,310.00,2.00,0.20,51.80,0.60,1.20,2.80,0.40
2016,Q2,OREGON,132000.00,19000.00,16000.00,12.00,,4300.00,3.00,9.90,52.70,16.70,2.60,14.50,6.00
2016,Q2,OTHER STATES,15530.00,3270.00,270.00,2.00,,1070.00,7.00,0.00,7.60,0.60,0.80,0.20,5.40
2016,Q2,PENNSYLVANIA,14000.00,6500.00,1100.00,8.00,,1300.00,9.00,2.40,18.70,4.60,3.60,3.90,0.90
2016,Q2,SOUTH CAROLINA,13500.00,2200.00,410.00,3.00,,1300.00,10.00,1.00,51.30,14.30,35.80,36.60,1.30
2016,Q2,SOUTH DAKOTA,182000.00,15000.00,13000.00,7.00,,11000.00,6.00,1.70,32.40,15.40,5.10,6.60,0.10
2016,Q2,TENNESSEE,8000.00,3900.00,200.00,3.00,,580.00,7.00,0.10,40.90,9.10,0.40,22.70,2.60
2016,Q2,TEXAS,350000.00,74000.00,54000.00,15.00,,36000.00,10.00,7.50,26.10,7.40,2.40,9.00,3.70
2016,Q2,UTAH,25000.00,12000.00,7000.00,28.00,,4800.00,19.00,1.80,23.00,3.40,7.30,0.10,0.80
2016,Q2,VERMONT,6500.00,480.00,30.00,1.00,,20.00,0.00,0.10,2.60,0.30,0.00,0.10,0.10
2016,Q2,VIRGINIA,6500.00,2200.00,480.00,7.00,,230.00,4.00,6.80,23.10,7.30,6.00,4.20,2.90
2016,Q2,WASHINGTON,143000.00,21000.00,11500.00,8.00,,6000.00,4.00,3.30,40.90,11.10,3.10,11.40,0.60
2016,Q2,WEST VIRGINIA,7000.00,2600.00,160.00,2.00,,990.00,14.00,4.20,20.10,14.70,0.00,0.80,0.70
2016,Q2,WISCONSIN,78000.00,17500.00,3600.00,5.00,,5500.00,7.00,12.80,23.40,14.90,12.60,3.70,10.50
2016,Q2,WYOMING,27000.00,7500.00,580.00,2.00,,2600.00,10.00,1.20,7.10,2.50,0.60,2.60,0.80
2016,Q1,ALABAMA,7500.00,2100.00,90.00,1.00,,1700.00,23.00,4.30,24.20,2.40,8.10,22.00,11.30
2016,Q1,ARIZONA,30000.00,3500.00,150.00,1.00,,4700.00,16.00,0.00,33.80,6.50,7.70,2.80,7.20
2016,Q1,ARKANSAS,27000.00,5000.00,1100.00,4.00,,5000.00,19.00,0.00,57.40,1.90,0.50,6.90,8.10
2016,Q1,CALIFORNIA,1410000.00,210000.00,139000.00,10.00,,200000.00,14.00,9.00,38.10,8.40,13.50,15.20,4.40
2016,Q1,COLORADO,8500.00,1700.00,10.00,0.00,,750.00,9.00,0.50,2.90,2.70,0.20,4.10,0.20
2016,Q1,CONNECTICUT,2700.00,70.00,10.00,0.00,,270.00,10.00,0.20,12.30,7.70,0.00,0.80,1.70
2016,Q1,FLORIDA,295000.00,49000.00,15500.00,5.00,,40000.00,14.00,0.40,23.60,1.80,4.90,5.80,1.40
2016,Q1,GEORGIA,100000.00,36000.00,3200.00,3.00,,15500.00,16.00,2.10,32.30,3.20,21.40,7.80,3.90
2016,Q1,HAWAII,15000.00,570.00,530.00,4.00,,280.00,2.00,0.00,0.30,0.80,0.10,1.50,0.00
2016,Q1,IDAHO,98000.00,5500.00,3300.00,3.00,,8500.00,9.00,2.10,31.50,5.40,5.90,2.30,1.40
2016,Q1,ILLINOIS,9500.00,860.00,40.00,0.00,,1400.00,15.00,0.30,12.40,4.60,2.60,6.40,8.60
2016,Q1,INDIANA,6500.00,30.00,0.00,0.00,,770.00,12.00,0.90,17.40,7.20,0.30,3.70,5.50
2016,Q1,IOWA,13000.00,90.00,0.00,0.00,,2900.00,22.00,13.80,52.80,24.00,2.70,14.40,4.80
2016,Q1,KANSAS,5000.00,1400.00,100.00,2.00,,1100.00,22.00,0.10,30.30,2.40,1.10,10.00,5.40
2016,Q1,KENTUCKY,6500.00,390.00,40.00,1.00,,1300.00,20.00,0.70,23.60,12.50,6.30,9.00,8.40
2016,Q1,LOUISIANA,55000.00,9500.00,2600.00,5.00,,11000.00,20.00,18.60,22.80,12.40,0.40,14.20,1.90
2016,Q1,MAINE,3700.00,0.00,0.00,0.00,,170.00,5.00,0.30,3.30,0.80,0.00,0.40,1.40
2016,Q1,MARYLAND,7500.00,1200.00,10.00,0.00,,820.00,11.00,0.00,26.20,6.70,9.50,0.10,0.70
2016,Q1,MASSACHUSETTS,3000.00,1200.00,140.00,5.00,,370.00,12.00,0.70,10.10,3.10,0.00,5.20,1.10
2016,Q1,MICHIGAN,42000.00,2300.00,80.00,0.00,,5000.00,12.00,0.00,5.90,1.30,0.50,0.20,11.30
2016,Q1,MINNESOTA,38000.00,6000.00,0.00,0.00,,5500.00,14.00,0.20,12.10,8.00,11.60,7.00,14.50
2016,Q1,MISSISSIPPI,50000.00,48000.00,25000.00,50.00,,7500.00,15.00,0.00,13.80,0.30,3.20,1.60,14.50
2016,Q1,MISSOURI,10000.00,5500.00,420.00,4.00,,1300.00,13.00,0.40,20.20,4.50,6.20,7.00,7.30
2016,Q1,MONTANA,65000.00,24000.00,0.00,0.00,,900.00,1.00,0.00,0.60,0.10,0.50,0.00,0.00
2016,Q1,NEBRASKA,20000.00,510.00,0.00,0.00,,720.00,4.00,0.10,1.80,0.80,0.20,0.40,0.60
2016,Q1,NEW JERSEY,6000.00,80.00,20.00,0.00,,1000.00,17.00,0.20,8.00,1.70,0.60,1.10,12.00
2016,Q1,NEW MEXICO,6500.00,1400.00,30.00,1.00,,1700.00,26.00,31.50,69.00,1.50,0.00,0.40,0.30
2016,Q1,NEW YORK,33000.00,970.00,600.00,2.00,,4200.00,13.00,1.50,27.50,9.50,7.60,5.90,2.60
2016,Q1,NORTH CAROLINA,24000.00,1100.00,230.00,1.00,,2600.00,11.00,1.90,9.50,4.00,2.70,2.50,2.40
2016,Q1,NORTH DAKOTA,137000.00,4600.00,0.00,0.00,,8500.00,6.00,0.00,2.70,0.10,0.00,0.00,11.70
2016,Q1,OHIO,16500.00,760.00,50.00,0.00,,2900.00,18.00,0.20,41.60,10.20,1.30,4.30,5.30
2016,Q1,OKLAHOMA,13500.00,4800.00,570.00,4.00,,3300.00,24.00,0.00,4.90,0.90,0.30,1.20,21.00
2016,Q1,OREGON,92000.00,3800.00,1300.00,1.00,,2900.00,3.00,5.30,20.40,2.40,0.00,15.00,0.30
2016,Q1,OTHER STATES,7940.00,60.00,0.00,0.00,,900.00,11.00,0.50,5.50,8.60,2.10,2.30,0.10
2016,Q1,PENNSYLVANIA,12500.00,480.00,170.00,1.00,,2900.00,23.00,0.30,44.80,5.50,3.80,4.30,4.60
2016,Q1,SOUTH CAROLINA,16500.00,3200.00,380.00,2.00,,3500.00,21.00,0.60,10.70,5.10,2.00,2.30,4.80
2016,Q1,SOUTH DAKOTA,79000.00,1600.00,0.00,0.00,,10500.00,13.00,0.00,0.20,0.50,0.00,0.00,0.30
2016,Q1,TENNESSEE,9000.00,180.00,70.00,1.00,,1700.00,19.00,0.20,19.70,10.10,3.70,7.10,10.90
2016,Q1,TEXAS,320000.00,126000.00,49000.00,15.00,,30000.00,9.00,2.30,19.40,3.70,9.40,9.80,2.50
2016,Q1,UTAH,14500.00,1400.00,50.00,0.00,,1900.00,13.00,0.10,26.20,1.60,0.40,7.00,0.50
2016,Q1,VERMONT,5500.00,0.00,0.00,0.00,,410.00,7.00,0.30,1.30,0.50,0.00,0.00,1.70
2016,Q1,VIRGINIA,6500.00,560.00,70.00,1.00,,1100.00,17.00,0.00,32.70,5.00,0.40,7.30,3.80
2016,Q1,WASHINGTON,146000.00,5500.00,1200.00,1.00,,13500.00,9.00,1.30,23.30,1.90,1.70,10.50,5.10
2016,Q1,WEST VIRGINIA,8000.00,0.00,0.00,0.00,,1700.00,21.00,1.10,21.90,6.90,0.60,2.90,6.50
2016,Q1,WISCONSIN,21000.00,530.00,0.00,0.00,,3100.00,15.00,1.10,24.20,10.80,13.40,1.60,10.40
2016,Q1,WYOMING,6500.00,440.00,0.00,0.00,,340.00,5.00,0.20,0.00,0.80,2.50,0.40,1.30
2016,Q3,ALABAMA,8000.00,440.00,50.00,1.00,,1200.00,15.00,0.00,11.70,3.20,3.80,42.00,13.80
2016,Q3,ARIZONA,32000.00,3200.00,2600.00,8.00,,6000.00,19.00,0.90,41.70,13.40,13.50,1.00,8.90
2016,Q3,ARKANSAS,32000.00,270.00,60.00,0.00,,1500.00,5.00,0.40,80.70,2.70,7.90,9.00,0.30
2016,Q3,CALIFORNIA,820000.00,33000.00,78000.00,10.00,,82000.00,10.00,8.50,42.20,10.40,18.80,17.80,6.90
2016,Q3,COLORADO,37000.00,1100.00,740.00,2.00,,6500.00,18.00,16.80,49.30,10.60,24.60,22.40,0.10
2016,Q3,CONNECTICUT,3100.00,890.00,180.00,6.00,,270.00,9.00,0.00,18.80,5.00,0.20,1.60,0.80
2016,Q3,FLORIDA,220000.00,62000.00,14500.00,7.00,,25000.00,11.00,2.70,45.10,8.50,9.90,23.40,1.80
2016,Q3,GEORGIA,103000.00,12500.00,2300.00,2.00,,13000.00,13.00,2.40,30.70,7.60,12.10,16.40,4.50
2016,Q3,HAWAII,13500.00,430.00,820.00,6.00,,600.00,4.00,0.10,67.80,0.00,0.80,75.30,0.00
2016,Q3,IDAHO,131000.00,1900.00,2800.00,2.00,,13000.00,10.00,4.50,25.30,6.00,7.60,4.70,3.30
2016,Q3,ILLINOIS,11000.00,850.00,310.00,3.00,,1300.00,12.00,0.70,17.40,2.90,4.30,7.90,1.60
2016,Q3,INDIANA,9500.00,450.00,550.00,6.00,,600.00,6.00,1.20,50.40,2.50,0.60,12.40,1.20
2016,Q3,IOWA,50000.00,10500.00,2400.00,5.00,,5500.00,11.00,0.80,32.60,2.40,16.70,3.40,5.60
2016,Q3,KANSAS,8000.00,310.00,190.00,2.00,,2600.00,33.00,14.10,42.80,4.50,29.10,25.50,2.60
2016,Q3,KENTUCKY,7500.00,900.00,230.00,3.00,,1000.00,13.00,0.90,42.30,7.40,11.50,25.70,4.50
2016,Q3,LOUISIANA,60000.00,2600.00,2100.00,4.00,,7000.00,12.00,0.00,39.50,9.60,1.60,26.10,0.70
2016,Q3,MAINE,5500.00,240.00,140.00,3.00,,420.00,8.00,0.20,9.30,0.60,0.00,0.10,0.00
2016,Q3,MARYLAND,7000.00,400.00,20.00,0.00,,200.00,3.00,0.10,10.80,0.60,0.70,4.80,1.60
2016,Q3,MASSACHUSETTS,9500.00,450.00,40.00,0.00,,530.00,6.00,6.80,14.10,3.40,0.10,8.70,7.90
2016,Q3,MICHIGAN,108000.00,11000.00,9500.00,9.00,,15000.00,14.00,0.30,64.10,6.50,9.10,25.10,2.70
2016,Q3,MINNESOTA,138000.00,1300.00,1900.00,1.00,,26000.00,19.00,6.20,47.20,17.80,22.40,14.60,8.90
2016,Q3,MISSISSIPPI,20000.00,750.00,740.00,4.00,,3300.00,17.00,1.60,27.50,5.00,1.80,3.50,4.70
2016,Q3,MISSOURI,13500.00,480.00,170.00,1.00,,650.00,5.00,1.00,13.30,3.10,0.10,7.70,0.70
2016,Q3,MONTANA,158000.00,4100.00,6500.00,4.00,,11500.00,7.00,7.00,41.90,6.10,6.90,8.80,1.40
2016,Q3,NEBRASKA,47000.00,390.00,27000.00,57.00,,8500.00,18.00,0.10,20.40,1.60,10.20,1.60,0.10
2016,Q3,NEW JERSEY,18000.00,120.00,80.00,0.00,,270.00,2.00,1.20,20.20,1.30,8.50,7.10,0.30
2016,Q3,NEW MEXICO,6500.00,2000.00,1000.00,15.00,,1100.00,17.00,55.20,59.50,1.70,24.10,55.40,0.70
2016,Q3,NEW YORK,56000.00,1900.00,800.00,1.00,,10000.00,18.00,5.50,37.40,24.70,5.20,9.00,2.60
2016,Q3,NORTH CAROLINA,25000.00,1400.00,1200.00,5.00,,1400.00,6.00,0.10,27.80,13.40,2.90,13.40,3.00
2016,Q3,NORTH DAKOTA,550000.00,25000.00,104000.00,19.00,,71000.00,13.00,6.30,38.00,9.90,12.90,11.80,3.10
2016,Q3,OHIO,21000.00,980.00,630.00,3.00,,1600.00,8.00,2.30,60.60,3.60,2.90,10.60,3.20
2016,Q3,OKLAHOMA,3700.00,30.00,30.00,1.00,,560.00,15.00,0.30,7.50,1.40,0.70,6.50,21.80
2016,Q3,OREGON,112000.00,2900.00,4300.00,4.00,,7500.00,7.00,12.50,52.90,5.10,9.60,18.50,1.50
2016,Q3,OTHER STATES,11890.00,1690.00,430.00,4.00,,1920.00,16.00,0.50,7.80,2.30,0.00,1.60,9.80
2016,Q3,PENNSYLVANIA,22000.00,680.00,780.00,4.00,,1300.00,6.00,1.60,27.30,2.80,4.30,7.70,1.20
2016,Q3,SOUTH CAROLINA,13500.00,990.00,50.00,0.00,,920.00,7.00,0.10,20.40,2.60,2.60,18.80,1.90
2016,Q3,SOUTH DAKOTA,191000.00,4200.00,9500.00,5.00,,25000.00,13.00,14.20,48.80,4.60,22.70,19.50,2.80
2016,Q3,TENNESSEE,10000.00,340.00,290.00,3.00,,950.00,10.00,1.30,22.50,6.20,2.40,23.10,2.00
2016,Q3,TEXAS,143000.00,12500.00,810.00,1.00,,12000.00,8.00,1.70,47.20,3.70,31.40,11.40,4.10
2016,Q3,UTAH,33000.00,1200.00,120.00,0.00,,3200.00,10.00,0.60,32.10,2.50,21.80,20.20,1.70
2016,Q3,VERMONT,6500.00,170.00,50.00,1.00,,400.00,6.00,1.70,5.60,2.40,0.00,8.00,0.80
2016,Q3,VIRGINIA,8000.00,460.00,360.00,5.00,,810.00,10.00,1.10,39.10,5.30,2.30,24.10,3.60
2016,Q3,WASHINGTON,74000.00,7500.00,2000.00,3.00,,5000.00,7.00,0.90,65.20,4.30,19.10,1.40,0.10
2016,Q3,WEST VIRGINIA,7500.00,130.00,220.00,3.00,,190.00,3.00,3.60,41.50,8.10,0.10,7.10,0.40
2016,Q3,WISCONSIN,75000.00,880.00,640.00,1.00,,12000.00,16.00,10.80,31.50,5.10,15.80,13.60,11.10
2016,Q3,WYOMING,40000.00,1800.00,1000.00,3.00,,7000.00,18.00,0.50,38.60,3.40,2.60,3.10,0.30
2016,Q4,ALABAMA,7000.00,50.00,10.00,0.00,,610.00,9.00,0.20,12.30,6.70,2.40,9.90,3.30
2016,Q4,ARIZONA,31000.00,4600.00,3100.00,10.00,,6500.00,21.00,2.30,98.80,4.30,6.50,15.50,3.20
2016,Q4,ARKANSAS,28000.00,20.00,10.00,0.00,,2500.00,9.00,0.00,21.10,1.10,1.30,4.80,3.30
2016,Q4,CALIFORNIA,1330000.00,40000.00,35000.00,3.00,,205000.00,15.00,8.00,41.90,9.60,9.10,13.70,3.50
2016,Q4,COLORADO,30000.00,2500.00,0.00,0.00,,4500.00,15.00,0.10,32.40,13.00,3.10,1.30,0.10
2016,Q4,CONNECTICUT,3100.00,0.00,0.00,0.00,,240.00,8.00,1.10,14.70,5.80,1.00,6.60,3.20
2016,Q4,FLORIDA,300000.00,31000.00,11500.00,4.00,,41000.00,14.00,7.70,30.90,13.60,17.00,27.10,6.50
2016,Q4,GEORGIA,112000.00,12000.00,450.00,0.00,,11000.00,10.00,3.70,43.60,4.10,7.60,8.60,2.50
2016,Q4,HAWAII,13500.00,60.00,840.00,6.00,,970.00,7.00,0.00,39.90,0.20,0.10,40.80,0.10
2016,Q4,IDAHO,143000.00,5000.00,420.00,0.00,,15500.00,11.00,4.80,31.90,4.20,0.20,0.80,3.00
2016,Q4,ILLINOIS,9000.00,0.00,0.00,0.00,,720.00,8.00,1.20,27.80,3.90,5.60,11.70,4.80
2016,Q4,INDIANA,7500.00,20.00,0.00,0.00,,1200.00,16.00,0.20,28.20,1.00,1.40,9.60,3.80
2016,Q4,IOWA,54000.00,0.00,20.00,0.00,,4700.00,9.00,8.90,18.70,11.40,9.00,9.80,6.30
2016,Q4,KANSAS,5000.00,200.00,0.00,0.00,,1300.00,26.00,0.30,29.20,5.10,3.10,8.30,1.40
2016,Q4,KENTUCKY,7500.00,60.00,80.00,1.00,,950.00,13.00,3.30,48.20,10.30,3.00,22.30,5.70
2016,Q4,LOUISIANA,57000.00,250.00,340.00,1.00,,2000.00,4.00,1.00,2.90,0.70,0.10,1.00,1.20
2016,Q4,MAINE,3500.00,0.00,0.00,0.00,,280.00,8.00,0.10,10.70,5.80,0.00,0.80,0.10
2016,Q4,MARYLAND,9500.00,20.00,30.00,0.00,,500.00,5.00,4.50,23.80,5.80,4.60,8.30,0.60
2016,Q4,MASSACHUSETTS,8000.00,0.00,0.00,0.00,,740.00,9.00,0.40,6.10,0.70,0.40,2.60,4.20
2016,Q4,MICHIGAN,101000.00,10.00,130.00,0.00,,12500.00,12.00,0.10,23.90,4.00,2.70,1.50,0.60
2016,Q4,MINNESOTA,114000.00,0.00,0.00,0.00,,13500.00,12.00,3.10,27.50,5.00,17.60,7.70,8.90
2016,Q4,MISSISSIPPI,30000.00,330.00,60.00,0.00,,2400.00,8.00,0.10,21.90,2.10,0.00,6.00,2.80
2016,Q4,MISSOURI,9000.00,1400.00,640.00,7.00,,590.00,7.00,0.20,16.10,1.50,0.00,12.60,0.70
2016,Q4,MONTANA,124000.00,2700.00,0.00,0.00,,16000.00,13.00,32.90,59.10,33.30,13.70,39.40,33.10
2016,Q4,NEBRASKA,37000.00,190.00,0.00,0.00,,4300.00,12.00,0.20,10.50,0.40,1.20,1.40,1.50
2016,Q4,NEW JERSEY,12000.00,400.00,0.00,0.00,,340.00,3.00,0.40,28.60,3.40,1.90,11.30,8.60
2016,Q4,NEW MEXICO,7000.00,1100.00,20.00,0.00,,1600.00,23.00,7.20,46.20,0.80,0.00,0.30,0.30
2016,Q4,NEW YORK,49000.00,240.00,130.00,0.00,,9000.00,18.00,3.60,27.80,2.20,12.50,2.20,2.10
2016,Q4,NORTH CAROLINA,25000.00,220.00,50.00,0.00,,5500.00,22.00,1.80,24.00,12.50,0.00,7.70,1.30
2016,Q4,NORTH DAKOTA,390000.00,13500.00,2500.00,1.00,,44000.00,11.00,1.50,23.50,2.60,0.40,7.90,2.20
2016,Q4,OHIO,19500.00,20.00,140.00,1.00,,2100.00,11.00,0.80,42.00,11.20,4.20,18.10,10.90
2016,Q4,OKLAHOMA,44000.00,120.00,30.00,0.00,,2700.00,6.00,0.00,4.90,0.10,0.10,0.50,0.70
2016,Q4,OREGON,124000.00,1500.00,1000.00,1.00,,9500.00,8.00,13.00,25.50,2.60,2.80,2.80,1.30
2016,Q4,OTHER STATES,6460.00,20.00,0.00,0.00,,580.00,9.00,9.30,24.10,2.30,9.60,9.30,1.40
2016,Q4,PENNSYLVANIA,21000.00,120.00,180.00,1.00,,3100.00,15.00,1.00,18.70,4.90,2.80,2.60,3.10
2016,Q4,SOUTH CAROLINA,17000.00,760.00,370.00,2.00,,1300.00,8.00,23.30,29.00,25.90,24.60,27.10,1.90
2016,Q4,SOUTH DAKOTA,146000.00,0.00,2400.00,2.00,,11000.00,8.00,0.30,48.90,1.00,6.00,5.30,0.30
2016,Q4,TENNESSEE,9000.00,120.00,10.00,0.00,,840.00,9.00,0.00,19.90,2.20,1.10,21.60,3.10
2016,Q4,TEXAS,310000.00,2200.00,650.00,0.00,,39000.00,13.00,3.20,33.10,2.80,3.60,17.50,1.40
2016,Q4,UTAH,30000.00,440.00,50.00,0.00,,1600.00,5.00,0.20,26.40,0.70,0.90,0.10,0.30
2016,Q4,VERMONT,6500.00,20.00,10.00,0.00,,260.00,4.00,41.20,44.50,0.40,41.00,41.30,0.00
2016,Q4,VIRGINIA,7000.00,230.00,10.00,0.00,,730.00,10.00,2.00,31.40,1.80,0.00,19.90,5.10
2016,Q4,WASHINGTON,97000.00,3100.00,130.00,0.00,,9000.00,9.00,3.70,21.40,4.50,9.10,4.60,0.30
2016,Q4,WEST VIRGINIA,7500.00,80.00,60.00,1.00,,1000.00,13.00,1.10,23.80,4.30,1.10,2.30,2.80
2016,Q4,WISCONSIN,59000.00,10.00,20.00,0.00,,7500.00,13.00,10.00,69.30,10.60,10.60,12.20,46.20
2016,Q4,WYOMING,27000.00,50.00,0.00,0.00,,2200.00,8.00,3.10,32.20,1.10,5.20,1.60,0.00
2015,Q2,ALABAMA,7500.00,1900.00,680.00,9.00,,860.00,12.00,0.00,16.70,3.20,2.30,42.50,4.10
2015,Q2,ARIZONA,33000.00,19500.00,7000.00,21.00,,5500.00,17.00,0.50,8.40,28.20,20.10,32.10,0.30
2015,Q2,ARKANSAS,13500.00,11500.00,5500.00,41.00,,1900.00,14.00,7.00,65.90,27.40,22.60,63.40,9.30
2015,Q2,CALIFORNIA,1050000.00,170000.00,285000.00,27.00,,104000.00,10.00,7.80,50.90,14.20,23.00,21.50,3.10
2015,Q2,COLORADO,25000.00,6000.00,3500.00,14.00,,1900.00,8.00,4.60,38.60,3.40,2.80,1.80,6.60
2015,Q2,CONNECTICUT,3000.00,1100.00,150.00,5.00,,80.00,3.00,1.90,10.20,1.00,0.80,0.40,0.70
2015,Q2,FLORIDA,215000.00,44000.00,24000.00,11.00,,35000.00,16.00,2.70,44.20,13.60,17.70,26.40,5.40
2015,Q2,GEORGIA,124000.00,25000.00,19000.00,15.00,,23000.00,19.00,2.90,52.80,11.50,28.70,17.50,4.10
2015,Q2,HAWAII,13500.00,1100.00,1200.00,9.00,,120.00,1.00,0.30,60.10,3.20,0.10,61.00,0.10
2015,Q2,IDAHO,72000.00,16500.00,10500.00,15.00,,6500.00,9.00,6.50,25.50,13.70,6.00,6.70,0.30
2015,Q2,ILLINOIS,9500.00,6000.00,1500.00,16.00,,1300.00,14.00,0.20,10.30,2.30,2.50,3.70,2.40
2015,Q2,INDIANA,12500.00,4900.00,4300.00,34.00,,1300.00,10.00,7.00,15.40,4.40,0.50,1.80,2.00
2015,Q2,IOWA,24000.00,6500.00,3100.00,13.00,,1400.00,6.00,2.90,21.50,2.70,7.80,5.10,1.90
2015,Q2,KANSAS,7000.00,2800.00,420.00,6.00,,670.00,10.00,0.90,14.40,3.50,0.10,2.40,4.90
2015,Q2,KENTUCKY,8500.00,3600.00,1500.00,18.00,,980.00,12.00,5.30,21.70,9.50,1.80,18.20,2.90
2015,Q2,LOUISIANA,45000.00,6500.00,8000.00,18.00,,1800.00,4.00,0.20,36.40,5.00,1.10,3.70,0.50
2015,Q2,MAINE,30000.00,3500.00,700.00,2.00,,3200.00,11.00,0.10,72.10,0.50,34.50,34.50,0.10
2015,Q2,MARYLAND,11000.00,2600.00,710.00,7.00,,370.00,3.00,0.20,4.90,1.60,2.50,1.30,1.50
2015,Q2,MASSACHUSETTS,14000.00,940.00,510.00,4.00,,320.00,2.00,0.20,66.80,4.40,61.80,61.70,3.10
2015,Q2,MICHIGAN,88000.00,13500.00,5500.00,6.00,,9500.00,11.00,0.60,26.90,16.40,9.10,13.00,3.10
2015,Q2,MINNESOTA,125000.00,20000.00,21000.00,17.00,,12500.00,10.00,1.40,25.40,10.10,16.50,6.20,9.30
2015,Q2,MISSISSIPPI,89000.00,5500.00,10000.00,11.00,,11000.00,12.00,0.30,10.10,2.30,0.10,6.00,1.70
2015,Q2,MISSOURI,12500.00,1900.00,1800.00,14.00,,500.00,4.00,3.10,5.10,1.00,1.60,6.20,7.40
2015,Q2,MONTANA,210000.00,14000.00,33000.00,16.00,,4200.00,2.00,0.80,9.00,1.60,5.30,0.90,0.00
2015,Q2,NEBRASKA,68000.00,15500.00,4600.00,7.00,,4100.00,6.00,0.00,6.50,2.10,1.40,6.90,1.50
2015,Q2,NEW JERSEY,19000.00,2100.00,2900.00,15.00,,1800.00,10.00,0.30,52.50,1.00,26.10,3.60,2.40
2015,Q2,NEW MEXICO,8500.00,1500.00,330.00,4.00,,1000.00,12.00,15.50,38.80,0.40,5.90,0.00,2.70
2015,Q2,NEW YORK,34000.00,11000.00,1500.00,4.00,,1100.00,3.00,4.50,19.10,3.30,4.40,12.50,1.10
2015,Q2,NORTH CAROLINA,23000.00,5500.00,3300.00,14.00,,1800.00,8.00,0.30,51.00,5.80,3.50,14.30,3.00
2015,Q2,NORTH DAKOTA,450000.00,39000.00,61000.00,14.00,,29000.00,6.00,0.10,15.50,4.60,4.30,3.00,0.30
2015,Q2,OHIO,19000.00,10000.00,6000.00,32.00,,2100.00,11.00,3.00,15.80,11.20,11.90,4.10,29.00
2015,Q2,OKLAHOMA,27000.00,5500.00,2200.00,8.00,,2200.00,8.00,0.00,66.10,7.00,0.10,6.30,1.90
2015,Q2,OREGON,95000.00,14500.00,9500.00,10.00,,5500.00,6.00,13.20,39.30,5.80,16.00,20.90,0.40
2015,Q2,OTHER STATES,11200.00,4140.00,1960.00,18.00,,1940.00,17.00,0.00,36.30,0.10,0.00,9.10,0.00
2015,Q2,PENNSYLVANIA,19000.00,8500.00,2600.00,14.00,,1600.00,8.00,2.60,11.40,6.70,1.60,5.80,2.10
2015,Q2,SOUTH CAROLINA,18500.00,1100.00,2000.00,11.00,,950.00,5.00,0.50,29.90,3.70,1.40,5.40,0.70
2015,Q2,SOUTH DAKOTA,290000.00,27000.00,23000.00,8.00,,21000.00,7.00,1.80,9.80,1.40,2.00,11.10,1.50
2015,Q2,TENNESSEE,7500.00,3600.00,920.00,12.00,,730.00,10.00,1.80,47.80,2.60,9.80,26.30,3.00
2015,Q2,TEXAS,315000.00,76000.00,94000.00,30.00,,33000.00,11.00,2.50,19.30,7.40,6.60,22.90,3.00
2015,Q2,UTAH,27000.00,10000.00,3900.00,14.00,,3400.00,13.00,1.50,27.20,5.60,12.30,10.80,1.20
2015,Q2,VERMONT,6000.00,580.00,50.00,1.00,,100.00,2.00,0.10,3.70,1.30,0.00,1.90,0.10
2015,Q2,VIRGINIA,7500.00,2100.00,430.00,6.00,,270.00,4.00,1.80,26.20,3.00,0.20,13.00,4.50
2015,Q2,WASHINGTON,127000.00,15000.00,13000.00,10.00,,5000.00,4.00,2.20,48.70,3.20,2.00,0.20,0.50
2015,Q2,WEST VIRGINIA,4700.00,2900.00,590.00,13.00,,570.00,12.00,0.60,15.60,4.60,2.70,8.30,4.40
2015,Q2,WISCONSIN,65000.00,10000.00,5500.00,9.00,,4600.00,7.00,1.00,35.30,15.20,8.20,5.60,2.30
2015,Q2,WYOMING,25000.00,7500.00,5000.00,20.00,,3200.00,13.00,0.80,19.10,8.30,3.60,17.90,2.40
2015,Q1,ALABAMA,7000.00,2800.00,250.00,4.00,,1800.00,26.00,0.00,10.00,9.10,2.20,5.40,9.40
2015,Q1,ARIZONA,35000.00,3400.00,2100.00,6.00,,4600.00,13.00,0.10,26.90,1.80,0.00,20.50,3.10
2015,Q1,ARKANSAS,14000.00,1200.00,90.00,1.00,,1500.00,11.00,1.50,17.60,1.00,3.40,11.40,1.00
2015,Q1,CALIFORNIA,1690000.00,250000.00,124000.00,7.00,,255000.00,15.00,3.00,24.70,6.50,7.50,7.20,2.80
2015,Q1,COLORADO,12500.00,200.00,140.00,1.00,,1500.00,12.00,1.80,14.60,2.60,0.60,0.90,5.90
2015,Q1,CONNECTICUT,3900.00,290.00,0.00,0.00,,870.00,22.00,0.00,2.50,21.20,0.00,1.40,2.40
2015,Q1,FLORIDA,315000.00,54000.00,25000.00,8.00,,42000.00,13.00,0.80,22.30,5.10,8.90,13.50,4.40
2015,Q1,GEORGIA,105000.00,47000.00,9500.00,9.00,,14500.00,14.00,3.30,6.20,4.80,2.60,4.90,10.50
2015,Q1,HAWAII,10500.00,3400.00,760.00,7.00,,380.00,4.00,1.60,38.80,2.00,0.00,37.70,0.00
2015,Q1,IDAHO,88000.00,2600.00,8000.00,9.00,,3700.00,4.00,12.50,39.80,8.90,4.80,6.70,4.90
2015,Q1,ILLINOIS,10500.00,2300.00,390.00,4.00,,4200.00,40.00,0.70,12.30,12.60,0.40,6.90,11.60
2015,Q1,INDIANA,9500.00,490.00,120.00,1.00,,2100.00,22.00,0.20,20.70,22.30,0.30,0.30,11.70
2015,Q1,IOWA,17500.00,1700.00,270.00,2.00,,3100.00,18.00,4.60,26.00,18.00,3.40,0.70,3.40
2015,Q1,KANSAS,7000.00,450.00,70.00,1.00,,1600.00,23.00,1.10,32.70,9.50,14.20,1.30,3.40
2015,Q1,KENTUCKY,10500.00,250.00,0.00,0.00,,4100.00,39.00,2.50,10.80,22.70,2.50,10.70,12.90
2015,Q1,LOUISIANA,51000.00,3100.00,6500.00,13.00,,8000.00,16.00,4.30,17.20,3.10,1.70,4.70,2.10
2015,Q1,MAINE,6500.00,20.00,0.00,0.00,,380.00,6.00,0.00,4.40,7.50,0.00,0.10,1.90
2015,Q1,MARYLAND,10000.00,1600.00,870.00,9.00,,4100.00,41.00,0.40,10.10,24.20,0.00,1.80,12.40
2015,Q1,MASSACHUSETTS,4600.00,260.00,120.00,3.00,,1000.00,22.00,2.10,23.50,7.60,2.80,3.50,4.70
2015,Q1,MICHIGAN,60000.00,7500.00,2400.00,4.00,,11500.00,19.00,1.10,14.30,8.30,1.60,3.10,4.60
2015,Q1,MINNESOTA,74000.00,690.00,530.00,1.00,,3700.00,5.00,0.00,1.40,1.60,0.10,0.10,2.10
2015,Q1,MISSISSIPPI,76000.00,22000.00,7500.00,10.00,,8500.00,11.00,0.10,9.40,1.20,2.10,8.20,1.10
2015,Q1,MISSOURI,13000.00,220.00,910.00,7.00,,2000.00,15.00,2.20,13.10,11.80,4.20,6.00,6.30
2015,Q1,MONTANA,36000.00,1400.00,1100.00,3.00,,2200.00,6.00,0.60,8.70,2.30,0.80,0.50,7.90
2015,Q1,NEBRASKA,31000.00,120.00,310.00,1.00,,2600.00,8.00,0.10,5.90,0.30,0.50,0.10,3.00
2015,Q1,NEW JERSEY,9000.00,570.00,1600.00,18.00,,1100.00,12.00,30.40,40.10,19.50,11.10,13.20,16.70
2015,Q1,NEW MEXICO,7000.00,190.00,600.00,9.00,,690.00,10.00,0.00,17.10,1.30,0.20,0.10,0.40
2015,Q1,NEW YORK,30000.00,430.00,950.00,3.00,,6500.00,22.00,0.50,7.60,12.40,4.40,2.60,8.30
2015,Q1,NORTH CAROLINA,26000.00,6000.00,690.00,3.00,,7000.00,27.00,0.10,35.50,6.20,22.90,2.30,12.20
2015,Q1,NORTH DAKOTA,120000.00,1800.00,530.00,0.00,,620.00,1.00,0.00,1.70,2.50,0.00,1.70,0.10
2015,Q1,OHIO,22000.00,5000.00,3300.00,15.00,,10500.00,48.00,1.00,10.70,17.80,3.00,1.60,3.10
2015,Q1,OKLAHOMA,26000.00,2600.00,260.00,1.00,,6000.00,23.00,0.50,14.50,2.10,0.00,10.10,2.90
2015,Q1,OREGON,87000.00,4300.00,2400.00,3.00,,6500.00,8.00,0.40,20.20,1.60,0.60,2.00,1.10
2015,Q1,OTHER STATES,8990.00,870.00,150.00,2.00,,2080.00,23.00,0.00,0.80,0.90,0.10,0.10,0.00
2015,Q1,PENNSYLVANIA,21000.00,360.00,0.00,0.00,,6500.00,31.00,1.90,28.10,17.80,1.90,6.30,6.30
2015,Q1,SOUTH CAROLINA,17500.00,2700.00,1400.00,8.00,,2700.00,15.00,0.20,10.50,3.60,0.30,2.30,2.90
2015,Q1,SOUTH DAKOTA,97000.00,8500.00,2800.00,3.00,,4600.00,5.00,0.30,1.20,1.20,0.50,0.90,1.80
2015,Q1,TENNESSEE,9500.00,1000.00,190.00,2.00,,2000.00,21.00,0.00,22.20,13.00,0.00,17.10,4.40
2015,Q1,TEXAS,250000.00,82000.00,51000.00,20.00,,26000.00,10.00,5.00,21.50,2.30,11.10,12.20,6.20
2015,Q1,UTAH,24000.00,2500.00,290.00,1.00,,3300.00,14.00,0.10,13.60,3.00,4.40,0.90,0.50
2015,Q1,VERMONT,5500.00,1200.00,20.00,0.00,,700.00,13.00,0.00,2.30,5.80,0.00,5.60,4.90
2015,Q1,VIRGINIA,9000.00,800.00,460.00,5.00,,2500.00,28.00,2.30,19.00,9.80,0.00,9.40,11.90
2015,Q1,WASHINGTON,105000.00,13500.00,9000.00,9.00,,14000.00,13.00,0.30,21.50,6.00,3.60,0.50,1.10
2015,Q1,WEST VIRGINIA,6000.00,570.00,60.00,1.00,,1800.00,30.00,2.20,18.00,14.60,2.10,7.30,6.10
2015,Q1,WISCONSIN,29000.00,3100.00,2500.00,9.00,,8000.00,28.00,2.70,18.80,8.30,8.50,1.60,5.80
2015,Q1,WYOMING,12000.00,2000.00,1400.00,12.00,,2000.00,17.00,0.00,0.90,0.70,0.00,0.00,0.00
2015,Q3,ALABAMA,9000.00,160.00,260.00,3.00,,1400.00,16.00,0.00,63.10,2.20,2.60,70.60,17.70
2015,Q3,ARIZONA,40000.00,4300.00,15500.00,39.00,,6000.00,15.00,5.40,53.50,7.60,17.30,24.80,5.10
2015,Q3,ARKANSAS,30000.00,500.00,210.00,1.00,,9000.00,30.00,0.90,69.20,1.80,5.00,32.40,1.40
2015,Q3,CALIFORNIA,800000.00,40000.00,93000.00,12.00,,76000.00,10.00,12.50,39.90,15.00,19.60,20.40,4.70
2015,Q3,COLORADO,30000.00,1400.00,1400.00,5.00,,4500.00,15.00,2.70,50.50,3.70,16.50,1.50,2.70
2015,Q3,CONNECTICUT,3700.00,190.00,440.00,12.00,,50.00,1.00,0.40,39.30,7.80,1.50,1.20,0.00
2015,Q3,FLORIDA,220000.00,37000.00,29000.00,13.00,,36000.00,16.00,6.70,39.50,21.90,22.90,21.70,3.40
2015,Q3,GEORGIA,110000.00,19500.00,15500.00,14.00,,13000.00,12.00,3.60,47.60,8.90,21.20,16.20,3.60
2015,Q3,HAWAII,14500.00,1200.00,5500.00,38.00,,2700.00,19.00,0.10,78.10,2.50,0.10,80.50,0.00
2015,Q3,IDAHO,128000.00,5500.00,11500.00,9.00,,14000.00,11.00,1.70,46.80,2.20,10.00,5.20,6.40
2015,Q3,ILLINOIS,14000.00,1300.00,1100.00,8.00,,1400.00,10.00,0.60,7.70,3.40,0.40,3.00,1.00
2015,Q3,INDIANA,15000.00,1400.00,420.00,3.00,,1600.00,11.00,4.80,13.70,1.00,8.20,10.30,6.20
2015,Q3,IOWA,37000.00,640.00,680.00,2.00,,3000.00,8.00,0.10,17.40,5.60,4.70,5.80,3.40
2015,Q3,KANSAS,9500.00,100.00,160.00,2.00,,1000.00,11.00,0.20,22.50,14.80,14.10,16.20,1.70
2015,Q3,KENTUCKY,10000.00,170.00,550.00,6.00,,1300.00,13.00,1.20,40.40,9.00,6.50,11.30,2.00
2015,Q3,LOUISIANA,55000.00,2300.00,1800.00,3.00,,2000.00,4.00,0.00,25.90,3.00,1.60,2.30,0.20
2015,Q3,MAINE,6000.00,410.00,140.00,2.00,,450.00,8.00,13.20,9.90,2.60,0.00,3.40,7.80
2015,Q3,MARYLAND,7500.00,730.00,70.00,1.00,,680.00,9.00,2.90,26.90,7.10,22.80,19.10,2.00
2015,Q3,MASSACHUSETTS,7500.00,290.00,400.00,5.00,,560.00,8.00,0.40,16.30,2.50,2.10,2.90,0.30
2015,Q3,MICHIGAN,89000.00,3300.00,3800.00,4.00,,7000.00,8.00,7.30,44.60,1.80,13.70,16.30,8.80
2015,Q3,MINNESOTA,136000.00,640.00,2300.00,2.00,,32000.00,24.00,7.40,33.30,7.00,27.40,14.60,7.20
2015,Q3,MISSISSIPPI,34000.00,260.00,110.00,0.00,,3500.00,10.00,0.00,45.50,3.80,1.10,2.20,1.40
2015,Q3,MISSOURI,14000.00,700.00,630.00,5.00,,1200.00,9.00,3.00,11.10,2.10,2.00,11.70,1.40
2015,Q3,MONTANA,156000.00,3200.00,10000.00,6.00,,10500.00,7.00,10.70,52.50,6.40,2.30,16.40,5.30
2015,Q3,NEBRASKA,77000.00,500.00,6000.00,8.00,,6000.00,8.00,10.90,33.20,4.60,13.20,10.30,4.30
2015,Q3,NEW JERSEY,18500.00,190.00,500.00,3.00,,210.00,1.00,0.10,7.20,1.10,0.00,1.00,0.70
2015,Q3,NEW MEXICO,6500.00,1300.00,650.00,10.00,,1600.00,25.00,55.00,61.20,55.50,58.00,55.00,0.70
2015,Q3,NEW YORK,47000.00,4400.00,7000.00,15.00,,6500.00,14.00,5.70,40.00,8.80,17.10,14.30,1.50
2015,Q3,NORTH CAROLINA,24000.00,2500.00,1100.00,5.00,,2900.00,12.00,0.70,33.90,5.70,7.50,27.90,8.50
2015,Q3,NORTH DAKOTA,500000.00,11000.00,22000.00,4.00,,93000.00,19.00,8.10,33.80,4.10,12.30,15.50,3.70
2015,Q3,OHIO,23000.00,2300.00,880.00,4.00,,1900.00,8.00,0.60,30.70,1.60,23.40,8.00,1.70
2015,Q3,OKLAHOMA,22000.00,160.00,190.00,1.00,,230.00,1.00,0.10,1.60,0.60,0.10,2.30,0.40
2015,Q3,OREGON,100000.00,8000.00,21000.00,21.00,,8500.00,9.00,5.20,56.00,4.80,3.10,20.80,3.80
2015,Q3,OTHER STATES,12280.00,1050.00,700.00,6.00,,900.00,7.00,0.00,8.80,0.70,0.40,0.20,0.20
2015,Q3,PENNSYLVANIA,25000.00,1800.00,2400.00,10.00,,1800.00,7.00,3.70,45.10,7.20,5.10,11.30,0.80
2015,Q3,SOUTH CAROLINA,12000.00,880.00,580.00,5.00,,2000.00,17.00,18.30,58.40,3.90,14.70,31.00,3.00
2015,Q3,SOUTH DAKOTA,295000.00,2100.00,13000.00,4.00,,53000.00,18.00,2.00,22.00,1.90,7.10,7.30,5.70
2015,Q3,TENNESSEE,10000.00,500.00,350.00,4.00,,1200.00,12.00,0.50,50.80,2.20,4.80,38.40,1.00
2015,Q3,TEXAS,136000.00,5500.00,4800.00,4.00,,16500.00,12.00,1.30,30.70,4.70,19.40,26.00,5.20
2015,Q3,UTAH,36000.00,1400.00,2200.00,6.00,,8000.00,22.00,41.60,40.10,3.60,33.60,25.00,0.10
2015,Q3,VERMONT,6500.00,30.00,20.00,0.00,,40.00,1.00,0.00,22.70,0.40,0.00,0.50,0.00
2015,Q3,VIRGINIA,8000.00,520.00,220.00,3.00,,680.00,9.00,1.30,29.00,3.50,3.70,14.20,8.90
2015,Q3,WASHINGTON,97000.00,1800.00,20000.00,21.00,,11500.00,12.00,2.30,45.60,3.80,1.40,3.70,0.30
2015,Q3,WEST VIRGINIA,7000.00,300.00,270.00,4.00,,300.00,4.00,1.00,21.70,3.00,1.50,5.30,1.10
2015,Q3,WISCONSIN,62000.00,1300.00,4300.00,7.00,,9000.00,15.00,8.30,47.30,12.60,20.90,20.10,13.50
2015,Q3,WYOMING,35000.00,270.00,440.00,1.00,,2500.00,7.00,6.40,28.50,2.00,3.40,11.00,0.40
2015,Q4,ALABAMA,8000.00,80.00,60.00,1.00,,610.00,8.00,0.20,3.10,2.80,0.20,6.40,1.90
2015,Q4,ARIZONA,39000.00,3000.00,16000.00,41.00,,12000.00,31.00,1.10,50.10,0.50,3.50,1.70,15.50
2015,Q4,ARKANSAS,27000.00,1900.00,0.00,0.00,,2400.00,9.00,0.10,38.10,8.50,8.20,9.70,0.60
2015,Q4,CALIFORNIA,1260000.00,39000.00,75000.00,6.00,,149000.00,12.00,6.20,37.30,10.50,11.70,12.70,7.30
2015,Q4,COLORADO,24000.00,3400.00,0.00,0.00,,2500.00,10.00,21.20,47.60,8.40,19.70,24.40,1.80
2015,Q4,CONNECTICUT,3200.00,40.00,70.00,2.00,,210.00,7.00,0.50,10.50,3.40,1.10,1.70,2.00
2015,Q4,FLORIDA,260000.00,30000.00,28000.00,11.00,,37000.00,14.00,2.50,27.30,3.00,6.80,18.40,4.20
2015,Q4,GEORGIA,121000.00,4400.00,1900.00,2.00,,18000.00,15.00,5.30,43.50,3.70,4.50,13.90,1.30
2015,Q4,HAWAII,13000.00,2700.00,760.00,6.00,,690.00,5.00,0.20,31.00,0.00,0.00,33.90,0.00
2015,Q4,IDAHO,145000.00,5500.00,5500.00,4.00,,22000.00,15.00,4.30,38.90,2.80,4.00,0.60,4.50
2015,Q4,ILLINOIS,14000.00,0.00,30.00,0.00,,690.00,5.00,0.30,9.40,1.00,0.90,2.50,3.10
2015,Q4,INDIANA,11500.00,140.00,0.00,0.00,,1100.00,10.00,6.30,15.10,0.60,0.10,0.50,3.70
2015,Q4,IOWA,35000.00,40.00,30.00,0.00,,4300.00,12.00,0.60,53.40,24.80,6.40,0.90,1.40
2015,Q4,KANSAS,8500.00,50.00,20.00,0.00,,3400.00,40.00,0.20,44.50,33.90,25.10,24.80,19.00
2015,Q4,KENTUCKY,8500.00,20.00,10.00,0.00,,1100.00,13.00,0.40,22.20,7.20,9.80,14.80,1.70
2015,Q4,LOUISIANA,71000.00,1100.00,2400.00,3.00,,4900.00,7.00,0.00,10.90,2.40,0.60,1.00,0.20
2015,Q4,MAINE,4700.00,530.00,20.00,0.00,,60.00,1.00,0.00,18.00,0.10,0.00,0.20,0.40
2015,Q4,MARYLAND,9500.00,0.00,0.00,0.00,,730.00,8.00,0.10,5.60,0.20,0.00,2.00,4.30
2015,Q4,MASSACHUSETTS,4500.00,30.00,30.00,1.00,,260.00,6.00,6.20,31.40,2.60,1.90,1.60,1.10
2015,Q4,MICHIGAN,73000.00,210.00,1600.00,2.00,,9000.00,12.00,0.00,30.20,3.20,4.10,4.10,3.70
2015,Q4,MINNESOTA,105000.00,600.00,40.00,0.00,,10000.00,10.00,8.40,43.60,3.80,25.00,8.70,8.90
2015,Q4,MISSISSIPPI,34000.00,500.00,230.00,1.00,,1500.00,4.00,0.30,10.60,0.70,0.00,2.50,1.30
2015,Q4,MISSOURI,13500.00,30.00,40.00,0.00,,690.00,5.00,3.30,2.80,0.80,0.10,6.00,1.50
2015,Q4,MONTANA,123000.00,1000.00,80.00,0.00,,10000.00,8.00,14.40,35.50,3.20,11.40,19.80,13.90
2015,Q4,NEBRASKA,73000.00,10.00,5500.00,8.00,,7000.00,10.00,0.20,15.50,0.40,0.30,0.00,1.70
2015,Q4,NEW JERSEY,8500.00,20.00,10.00,0.00,,270.00,3.00,0.00,7.70,0.40,0.40,2.20,1.20
2015,Q4,NEW MEXICO,6000.00,290.00,30.00,1.00,,290.00,5.00,0.20,30.90,0.60,8.40,0.30,1.70
2015,Q4,NEW YORK,45000.00,260.00,10.00,0.00,,4000.00,9.00,0.80,24.50,0.40,0.90,2.20,6.20
2015,Q4,NORTH CAROLINA,22000.00,510.00,70.00,0.00,,2200.00,10.00,0.50,9.60,5.40,0.40,3.40,3.40
2015,Q4,NORTH DAKOTA,275000.00,2700.00,9000.00,3.00,,35000.00,13.00,1.80,10.80,3.70,1.50,2.30,2.10
2015,Q4,OHIO,19000.00,200.00,140.00,1.00,,2400.00,13.00,2.00,36.30,14.50,7.30,8.80,2.10
2015,Q4,OKLAHOMA,10000.00,290.00,60.00,1.00,,650.00,7.00,0.10,2.80,1.30,0.10,4.50,2.50
2015,Q4,OREGON,114000.00,200.00,1400.00,1.00,,8500.00,8.00,1.50,16.40,1.70,1.50,1.30,1.50
2015,Q4,OTHER STATES,12560.00,100.00,50.00,0.00,,1630.00,13.00,0.00,8.20,0.00,0.00,0.00,8.00
2015,Q4,PENNSYLVANIA,23000.00,1300.00,6500.00,28.00,,2500.00,11.00,1.00,32.20,0.80,0.30,4.30,1.00
2015,Q4,SOUTH CAROLINA,17500.00,640.00,1000.00,6.00,,2200.00,13.00,0.40,14.20,5.80,1.70,2.90,0.00
2015,Q4,SOUTH DAKOTA,205000.00,2400.00,0.00,0.00,,9000.00,4.00,1.90,16.80,2.40,7.10,3.00,4.10
2015,Q4,TENNESSEE,10000.00,70.00,420.00,4.00,,1100.00,11.00,0.00,43.60,7.10,4.60,28.30,3.60
2015,Q4,TEXAS,250000.00,13000.00,2000.00,1.00,,25000.00,10.00,2.70,20.90,2.20,5.40,8.70,8.00
2015,Q4,UTAH,28000.00,120.00,100.00,0.00,,1900.00,7.00,6.40,75.80,4.40,0.20,9.10,0.40
2015,Q4,VERMONT,6500.00,10.00,10.00,0.00,,940.00,15.00,0.90,57.10,0.40,0.60,16.80,15.60
2015,Q4,VIRGINIA,7500.00,0.00,350.00,5.00,,750.00,10.00,0.40,26.30,5.80,0.00,17.20,10.40
2015,Q4,WASHINGTON,89000.00,330.00,170.00,0.00,,6500.00,7.00,0.10,6.90,3.00,0.30,0.10,1.50
2015,Q4,WEST VIRGINIA,7000.00,190.00,140.00,2.00,,610.00,9.00,1.30,18.80,8.20,3.00,4.50,0.60
2015,Q4,WISCONSIN,48000.00,210.00,10.00,0.00,,6500.00,14.00,2.50,49.40,6.60,21.90,15.60,21.40
2015,Q4,WYOMING,25000.00,30.00,0.00,0.00,,1300.00,5.00,6.60,45.00,11.30,10.50,3.30,3.90